id,first_name,last_name,email,gender,country,birthday
1,May,Spinks,mspinks0@scientificamerican.com,Female,Russia,1967/07/03
2,Lesley,Bernolet,lbernolet1@cafepress.com,Male,Paraguay,1997/08/03
3,Fredia,Jerratsch,fjerratsch2@nsw.gov.au,Bigender,China,1982/02/08
4,Kassi,Kilshaw,kkilshaw3@jugem.jp,Genderqueer,France,1984/02/16
5,Jarrett,Glassopp,jglassopp4@newsvine.com,Male,China,1956/08/22
6,Krispin,Mycock,kmycock5@about.com,Male,China,1969/01/06
7,Viole,Vanin,vvanin6@1und1.de,Female,China,1968/04/09
8,Barrie,Parramore,bparramore7@friendfeed.com,Male,Peru,1959/12/15
9,Giacinta,Haggerstone,ghaggerstone8@house.gov,Female,Portugal,2000/09/15
10,Casi,Hardin,chardin9@ehow.com,Female,Indonesia,1969/06/02
11,Blinni,Opie,bopiea@gnu.org,Female,United States,1998/07/17
12,Ernst,Law,elawb@cnbc.com,Male,Thailand,1954/02/01
13,Merilee,Brimelow,mbrimelowc@discuz.net,Female,United States,1978/08/24
14,Yale,Caroll,ycarolld@spiegel.de,Male,Indonesia,1959/09/01
15,Cobbie,Barhams,cbarhamse@cafepress.com,Male,Philippines,1957/01/06
16,Yancey,Vanshin,yvanshinf@sciencedirect.com,Agender,China,1968/11/24
17,Mac,Skeermor,mskeermorg@wufoo.com,Male,Portugal,1999/04/20
18,Gretchen,Challinor,gchallinorh@macromedia.com,Female,Chad,1988/11/29
19,Lynnet,Jehu,ljehui@princeton.edu,Female,China,1987/09/27
20,Jasmin,Fernao,jfernaoj@theglobeandmail.com,Female,Philippines,1972/09/04
21,Dolf,Caseri,dcaserik@slideshare.net,Male,Philippines,1993/08/19
22,Nobe,Franzman,nfranzmanl@kickstarter.com,Male,Albania,1952/09/07
23,Bail,Pablo,bpablom@theguardian.com,Male,Russia,1961/07/12
24,Emelen,Lisciandri,elisciandrin@scribd.com,Male,China,1973/01/07
25,Holly,Myrick,hmyricko@typepad.com,Female,Australia,1958/11/21
26,Ania,Grube,agrubep@mtv.com,Female,United States,1991/04/30
27,Diandra,Sausman,dsausmanq@pinterest.com,Polygender,Iran,1977/07/10
28,Neils,Skurm,nskurmr@aol.com,Male,China,1959/11/16
29,Fredi,Hasley,fhasleys@mail.ru,Female,Indonesia,1983/03/13
30,Coralie,Poate,cpoatet@aol.com,Non-binary,China,1959/07/05
31,Louis,Outibridge,loutibridgeu@salon.com,Male,Iran,1976/06/04
32,Mab,Britland,mbritlandv@wikipedia.org,Female,South Africa,1953/06/04
33,Justin,Mongeot,jmongeotw@telegraph.co.uk,Male,France,1975/06/08
34,Carlyn,Sexton,csextonx@aboutads.info,Female,Yemen,1964/05/24
35,Constantino,Savin,csaviny@a8.net,Male,Mexico,1995/11/05
36,Sonni,Phelps,sphelpsz@tumblr.com,Female,France,1967/10/26
37,Thibaut,de Banke,tdebanke10@soup.io,Male,China,1988/09/07
38,Allistir,Lainge,alainge11@prlog.org,Male,Czech Republic,1971/05/27
39,Mady,Matkovic,mmatkovic12@ifeng.com,Female,China,1972/04/25
40,Henry,Meadowcroft,hmeadowcroft13@ucoz.ru,Male,China,1986/08/02
41,Andrew,Semor,asemor14@ebay.co.uk,Male,Poland,1976/11/11
42,Mallissa,Chatelot,mchatelot15@simplemachines.org,Female,Poland,1979/07/16
43,Thibaud,Blowers,tblowers16@hugedomains.com,Polygender,Russia,1997/11/05
44,Moritz,Gilliatt,mgilliatt17@thetimes.co.uk,Male,Albania,1995/01/02
45,Reilly,Alban,ralban18@latimes.com,Male,Philippines,1974/01/21
46,Joshia,Arnaldo,jarnaldo19@youtube.com,Male,Philippines,1993/08/09
47,Sherm,Onians,sonians1a@oakley.com,Genderqueer,Philippines,1972/06/21
48,Alleyn,Killen,akillen1b@upenn.edu,Male,Greece,1994/04/01
49,Franklin,Wagge,fwagge1c@bizjournals.com,Male,Portugal,1992/04/13
50,Barnie,Bruhnsen,bbruhnsen1d@nhs.uk,Male,Peru,1969/03/31
51,Xerxes,Briers,xbriers1e@umn.edu,Polygender,Slovenia,1959/05/01
52,Melody,MacCurlye,mmaccurlye1f@4shared.com,Female,Kuwait,1985/01/30
53,Shanon,Harsnep,sharsnep1g@cdbaby.com,Female,France,1997/11/06
54,Luz,Trussler,ltrussler1h@clickbank.net,Female,United States,1951/09/03
55,Moise,Blevin,mblevin1i@digg.com,Male,Poland,1973/05/11
56,Padraig,Kiddie,pkiddie1j@squarespace.com,Male,Czech Republic,1999/06/26
57,Liane,Bonnick,lbonnick1k@thetimes.co.uk,Non-binary,Sweden,1995/11/21
58,Steve,Rickertsen,srickertsen1l@youku.com,Male,Indonesia,1998/10/02
59,Carlen,Plascott,cplascott1m@sbwire.com,Female,Philippines,1981/10/15
60,Archer,Downing,adowning1n@loc.gov,Male,Indonesia,1988/11/06
61,Grenville,Crush,gcrush1o@netscape.com,Male,Equatorial Guinea,1990/11/09
62,Faulkner,Iveans,fiveans1p@epa.gov,Male,China,1953/01/20
63,Klarrisa,Gimblett,kgimblett1q@craigslist.org,Genderfluid,Sweden,1955/08/20
64,Judah,Sandeford,jsandeford1r@microsoft.com,Male,Kosovo,1977/09/18
65,Paxton,Acres,pacres1s@dell.com,Male,Uruguay,2000/09/06
66,Anderson,Kloska,akloska1t@bloglovin.com,Male,Czech Republic,1991/09/11
67,Parry,Kisbee,pkisbee1u@reference.com,Male,Macedonia,1999/02/19
68,Cyrill,Stening,cstening1v@purevolume.com,Male,Turkmenistan,1998/10/21
69,Osmund,Coggeshall,ocoggeshall1w@google.it,Male,Sweden,1991/12/03
70,Moritz,Antonsson,mantonsson1x@bing.com,Male,Serbia,1970/07/06
71,Garrett,Bertelmot,gbertelmot1y@liveinternet.ru,Male,China,1985/09/01
72,Tammie,Mussetti,tmussetti1z@lulu.com,Female,Indonesia,1968/02/27
73,Pierrette,Thowless,pthowless20@ted.com,Female,Russia,1996/04/07
74,Helena,Haydney,hhaydney21@wordpress.com,Bigender,Greece,1983/07/10
75,Garrek,Chastagnier,gchastagnier22@artisteer.com,Male,China,1969/03/23
76,Anallese,Bohman,abohman23@ocn.ne.jp,Female,China,1993/02/23
77,Roderich,Easterbrook,reasterbrook24@columbia.edu,Male,China,1999/09/02
78,Shaylynn,Shattock,sshattock25@mediafire.com,Female,Ukraine,1992/05/18
79,Calv,Toulmin,ctoulmin26@apple.com,Agender,China,1966/10/17
80,Sharai,Cholton,scholton27@issuu.com,Female,Indonesia,1991/03/11
81,Grissel,Moatt,gmoatt28@ameblo.jp,Female,China,1955/09/13
82,Zorah,Mattack,zmattack29@nydailynews.com,Female,Czech Republic,1976/08/23
83,Gale,Streather,gstreather2a@themeforest.net,Male,Russia,1960/01/30
84,Torrin,Skellorne,tskellorne2b@forbes.com,Male,Ukraine,1952/09/06
85,Desi,Maydwell,dmaydwell2c@mail.ru,Male,Serbia,1960/06/23
86,Barbra,Gairdner,bgairdner2d@shareasale.com,Female,Ukraine,1971/02/25
87,Jenelle,Senton,jsenton2e@multiply.com,Female,Pakistan,1985/07/17
88,Kalle,Kubecka,kkubecka2f@theatlantic.com,Male,Sweden,1965/09/07
89,Tulley,Quinnell,tquinnell2g@so-net.ne.jp,Male,Thailand,1976/11/24
90,Fee,Sellens,fsellens2h@intel.com,Male,Sweden,1973/01/18
91,Ewan,Grishenkov,egrishenkov2i@privacy.gov.au,Male,Portugal,1964/04/11
92,Tedman,Dysert,tdysert2j@amazonaws.com,Male,Peru,1968/03/13
93,Casi,Murtell,cmurtell2k@ft.com,Female,Albania,1958/11/30
94,Shara,Burrel,sburrel2l@arstechnica.com,Female,China,1952/02/27
95,Edvard,Mallon,emallon2m@woothemes.com,Male,Cambodia,1954/07/26
96,Brigham,Hilhouse,bhilhouse2n@unc.edu,Male,Chile,1999/04/23
97,Fanny,Beadle,fbeadle2o@netvibes.com,Female,Sweden,1987/10/23
98,Rudyard,McNellis,rmcnellis2p@lulu.com,Male,Armenia,1969/07/17
99,Gilly,Cazin,gcazin2q@weebly.com,Female,Iran,1979/09/19
100,Jodi,Cure,jcure2r@cbsnews.com,Male,Philippines,1997/06/28
101,Garfield,Rapps,grapps2s@nps.gov,Male,China,1954/07/28
102,Donnie,Bartoszek,dbartoszek2t@wp.com,Male,Sweden,1985/02/15
103,Lenka,Speck,lspeck2u@marriott.com,Female,China,1989/05/25
104,Moyna,Vanichev,mvanichev2v@bloglines.com,Female,Thailand,1992/09/14
105,Philippa,Daniaud,pdaniaud2w@exblog.jp,Female,Portugal,1995/01/19
106,Sherye,Goding,sgoding2x@fda.gov,Female,Micronesia,1977/10/18
107,Hershel,Greste,hgreste2y@bloomberg.com,Male,Poland,1966/04/20
108,Cly,Peile,cpeile2z@youtube.com,Male,France,1997/04/09
109,Frazer,Squibbes,fsquibbes30@scribd.com,Male,Thailand,1974/10/23
110,Cal,Sparham,csparham31@huffingtonpost.com,Bigender,Sweden,1990/08/27
111,Morgun,Welfair,mwelfair32@cloudflare.com,Non-binary,Mexico,1958/12/05
112,Manolo,Benoix,mbenoix33@senate.gov,Male,Madagascar,1980/01/02
113,Burg,Barrowclough,bbarrowclough34@51.la,Male,United States,1984/03/02
114,Meredithe,Dudbridge,mdudbridge35@mlb.com,Female,Uruguay,1984/07/16
115,Salem,Hearthfield,shearthfield36@blog.com,Male,China,1976/11/29
116,Bette,Widdows,bwiddows37@qq.com,Polygender,Ghana,1980/08/22
117,Elinore,Longo,elongo38@slashdot.org,Female,China,1971/04/01
118,Maxi,Biggs,mbiggs39@cisco.com,Female,Philippines,1971/11/21
119,Roxy,Greason,rgreason3a@marketwatch.com,Female,Indonesia,1985/04/02
120,Annora,Bratcher,abratcher3b@businessweek.com,Female,Poland,1981/05/26
121,Valentijn,Jakubiak,vjakubiak3c@linkedin.com,Male,Indonesia,1961/11/05
122,Cindie,Houlson,choulson3d@bandcamp.com,Female,Vietnam,1952/01/21
123,Zelda,Comrie,zcomrie3e@gnu.org,Female,Brazil,1961/09/15
124,Archambault,Sturdy,asturdy3f@senate.gov,Male,Norway,1951/05/16
125,Freemon,Rainey,frainey3g@cisco.com,Male,Russia,1974/03/16
126,Vladimir,Donkersley,vdonkersley3h@twitter.com,Genderqueer,Indonesia,1996/07/24
127,Flora,Cashmore,fcashmore3i@ucsd.edu,Female,Indonesia,1977/03/14
128,Krista,Sweetlove,ksweetlove3j@dropbox.com,Female,Panama,1974/09/18
129,Melinde,Muddle,mmuddle3k@nyu.edu,Female,China,1974/10/15
130,Paten,Gowanson,pgowanson3l@mtv.com,Male,Indonesia,1969/12/29
131,Sibylla,Walkinshaw,swalkinshaw3m@nhs.uk,Female,Bosnia and Herzegovina,1959/03/29
132,Christiana,Gensavage,cgensavage3n@infoseek.co.jp,Female,Greece,1972/12/04
133,Marleen,Corteis,mcorteis3o@whitehouse.gov,Female,Brazil,1984/07/16
134,Lizabeth,Dawltrey,ldawltrey3p@berkeley.edu,Female,France,1960/06/12
135,Carlen,Domingues,cdomingues3q@cisco.com,Agender,Panama,1967/10/14
136,Nero,Furnival,nfurnival3r@hud.gov,Male,Brazil,1951/11/27
137,Peyton,Verner,pverner3s@posterous.com,Male,Latvia,1951/05/02
138,Seline,Aizikovitz,saizikovitz3t@list-manage.com,Female,Ivory Coast,1977/06/06
139,Cyrille,Flarity,cflarity3u@miibeian.gov.cn,Male,Cambodia,1979/03/30
140,Say,Livingstone,slivingstone3v@ebay.com,Male,China,1994/12/05
141,Jacquelyn,Divina,jdivina3w@hhs.gov,Female,Venezuela,1987/09/04
142,Janey,Collar,jcollar3x@auda.org.au,Female,Indonesia,1982/02/26
143,Corinna,Habbema,chabbema3y@uiuc.edu,Female,China,1958/07/11
144,Wyn,Rookesby,wrookesby3z@buzzfeed.com,Male,Philippines,1954/05/29
145,Xever,Durrance,xdurrance40@sogou.com,Male,Russia,1997/10/25
146,Tuck,Bottrell,tbottrell41@ucla.edu,Male,Sweden,1963/01/27
147,Benedetta,Mazey,bmazey42@icq.com,Female,China,1963/06/15
148,Glenden,Krier,gkrier43@nifty.com,Male,Poland,1990/05/14
149,Richy,Koenraad,rkoenraad44@wunderground.com,Male,Nigeria,1990/03/27
150,Carolynn,Ellsbury,cellsbury45@ucoz.ru,Female,Madagascar,1991/10/23
151,Rad,Maltman,rmaltman46@eventbrite.com,Bigender,China,1986/10/12
152,Abramo,Saterweyte,asaterweyte47@altervista.org,Male,China,1984/01/13
153,Brannon,Tevelov,btevelov48@dot.gov,Non-binary,China,1969/10/25
154,Daisie,Thonger,dthonger49@intel.com,Female,Russia,1953/01/02
155,Annalee,Cochran,acochran4a@imgur.com,Female,China,1965/04/17
156,Meagan,Rosenfarb,mrosenfarb4b@jugem.jp,Female,Philippines,1983/06/12
157,Tory,Heatley,theatley4c@sun.com,Female,Mexico,1972/01/08
158,Mallory,Boorne,mboorne4d@reference.com,Male,Philippines,1960/04/03
159,Pincus,Neubigin,pneubigin4e@psu.edu,Male,Brazil,1987/06/04
160,Barbra,Gothup,bgothup4f@google.es,Female,China,1969/12/21
161,Pia,Keelan,pkeelan4g@theguardian.com,Female,Chile,1969/03/13
162,Lowell,Tomala,ltomala4h@pagesperso-orange.fr,Male,Colombia,2000/03/22
163,Salomi,Jirieck,sjirieck4i@sohu.com,Female,Brazil,1960/07/12
164,Balduin,Renals,brenals4j@uol.com.br,Male,France,1961/01/26
165,Gasper,Haggus,ghaggus4k@vistaprint.com,Male,Poland,1951/09/05
166,Peri,Giovanizio,pgiovanizio4l@go.com,Female,United States,1993/05/03
167,Des,Penticost,dpenticost4m@ycombinator.com,Male,Vietnam,1970/07/10
168,Spence,Crady,scrady4n@google.co.uk,Male,France,1991/06/15
169,Roxanne,Freeberne,rfreeberne4o@csmonitor.com,Female,China,1957/02/24
170,Webb,Halworth,whalworth4p@creativecommons.org,Male,Pakistan,1971/07/07
171,Der,Balkwill,dbalkwill4q@php.net,Male,Indonesia,1981/10/16
172,Eva,D'Orsay,edorsay4r@gnu.org,Polygender,Indonesia,1968/08/28
173,Vanessa,Hodcroft,vhodcroft4s@cdbaby.com,Female,Kenya,1969/10/01
174,Hanna,Matuska,hmatuska4t@uiuc.edu,Female,Mexico,1953/04/24
175,Minny,Wixon,mwixon4u@accuweather.com,Female,Brazil,1975/03/07
176,Waylin,Holdron,wholdron4v@ustream.tv,Male,Portugal,1987/08/10
177,Mateo,Sogg,msogg4w@fotki.com,Male,Brazil,1967/12/16
178,Jana,Kinnock,jkinnock4x@posterous.com,Female,China,1979/04/23
179,Weber,Caldicott,wcaldicott4y@craigslist.org,Male,Paraguay,1994/12/24
180,Lenore,Dorgan,ldorgan4z@imgur.com,Female,Norway,1953/03/28
181,Sergent,Thwaite,sthwaite50@marriott.com,Male,Switzerland,1995/09/15
182,Shela,Rikel,srikel51@prlog.org,Female,United States,1975/09/26
183,Adolphus,Listone,alistone52@ask.com,Male,Poland,1995/04/04
184,Leigh,Chedzoy,lchedzoy53@ow.ly,Female,New Zealand,1992/10/19
185,Gare,Finkle,gfinkle54@businesswire.com,Male,Panama,1973/03/25
186,Gibbie,Walliker,gwalliker55@businessweek.com,Male,Indonesia,1975/09/26
187,Teddie,Rive,trive56@feedburner.com,Genderqueer,China,1970/06/15
188,Paxton,Fenne,pfenne57@storify.com,Male,Indonesia,1988/04/24
189,Darice,McKellar,dmckellar58@wix.com,Female,Philippines,1977/08/16
190,Gabie,de Glanville,gdeglanville59@comsenz.com,Female,China,1952/07/12
191,Marjorie,Scorrer,mscorrer5a@toplist.cz,Female,Iran,1971/08/11
192,Harlen,Furzey,hfurzey5b@webnode.com,Male,Kazakhstan,1971/11/07
193,Clarisse,Rama,crama5c@yellowpages.com,Female,Poland,1980/05/29
194,Antonius,Freddi,afreddi5d@lycos.com,Male,Mauritania,1957/08/28
195,Brant,Seabright,bseabright5e@4shared.com,Male,Indonesia,1953/12/19
196,Derrik,Gallandre,dgallandre5f@joomla.org,Bigender,Kenya,1963/04/04
197,Gale,Florio,gflorio5g@gizmodo.com,Female,Cuba,1972/02/13
198,Layton,Cuel,lcuel5h@ihg.com,Male,Vietnam,1951/04/02
199,Angelo,Luto,aluto5i@xing.com,Male,Sweden,1978/04/24
200,Larine,Ghiotto,lghiotto5j@unblog.fr,Female,Indonesia,1978/03/01
201,Kaleb,Willmot,kwillmot5k@census.gov,Male,Portugal,1985/06/12
202,Lenard,Mullaney,lmullaney5l@fc2.com,Genderqueer,Argentina,1963/06/05
203,Betsey,Roiz,broiz5m@va.gov,Female,New Zealand,1971/07/16
204,Joana,Breheny,jbreheny5n@ftc.gov,Female,Russia,1988/06/15
205,Cherilyn,Hovey,chovey5o@sphinn.com,Female,United States,1985/09/29
206,Anet,Dennison,adennison5p@newyorker.com,Female,Ukraine,1960/03/03
207,Erick,Ornillos,eornillos5q@123-reg.co.uk,Male,Indonesia,1976/07/20
208,Kerry,Dicker,kdicker5r@springer.com,Female,Indonesia,1964/01/09
209,Lavina,Wapplington,lwapplington5s@sina.com.cn,Agender,Hungary,1963/03/11
210,Corbett,Gunton,cgunton5t@163.com,Male,China,1980/07/31
211,Garreth,Spitell,gspitell5u@nba.com,Genderqueer,Macedonia,1989/04/24
212,Meade,Triswell,mtriswell5v@dagondesign.com,Male,Philippines,1984/08/10
213,Retha,English,renglish5w@illinois.edu,Female,Morocco,1966/05/29
214,Hilary,Janjusevic,hjanjusevic5x@elpais.com,Male,Norway,1993/02/07
215,Terencio,Bautiste,tbautiste5y@histats.com,Male,Sri Lanka,1981/01/22
216,Mar,Daunay,mdaunay5z@dmoz.org,Male,Dominican Republic,1963/06/13
217,Kayla,Vlasov,kvlasov60@who.int,Female,China,1979/01/15
218,Annecorinne,Grief,agrief61@rambler.ru,Female,Peru,1956/11/30
219,Christal,Dalgarnowch,cdalgarnowch62@constantcontact.com,Female,Indonesia,1996/07/18
220,Quinn,Dymock,qdymock63@wufoo.com,Male,Italy,2000/09/30
221,Ody,Cullington,ocullington64@wikia.com,Agender,Tajikistan,1956/05/02
222,Tarah,Sive,tsive65@moonfruit.com,Female,Nicaragua,1958/09/14
223,Alissa,Norcop,anorcop66@opensource.org,Female,Venezuela,1966/02/11
224,Dasie,Haucke,dhaucke67@ucoz.com,Female,Russia,1970/06/17
225,Sloan,Hannabuss,shannabuss68@php.net,Genderqueer,Philippines,1976/11/09
226,Kasey,Seegar,kseegar69@sciencedirect.com,Female,Russia,1963/09/29
227,Raleigh,Redgrove,rredgrove6a@ifeng.com,Male,Portugal,1970/11/27
228,Yvor,Dalley,ydalley6b@exblog.jp,Male,Israel,1951/06/18
229,Britta,Heggman,bheggman6c@squarespace.com,Female,Portugal,1984/02/23
230,Breena,Neve,bneve6d@forbes.com,Female,China,1982/01/23
231,Lexi,Garces,lgarces6e@nsw.gov.au,Female,China,1997/01/11
232,Itch,Lewens,ilewens6f@google.es,Male,Portugal,1997/10/11
233,Gusta,Maylour,gmaylour6g@wired.com,Female,China,1999/10/06
234,Haleigh,Furmenger,hfurmenger6h@meetup.com,Bigender,Indonesia,1959/08/06
235,Guthry,Michurin,gmichurin6i@msn.com,Male,Honduras,1981/11/06
236,Zelma,Thow,zthow6j@nymag.com,Female,Philippines,1980/12/29
237,Patrizio,Kruschov,pkruschov6k@google.nl,Male,Indonesia,1962/05/05
238,Ileana,Kuban,ikuban6l@baidu.com,Female,Russia,1989/02/04
239,Chariot,Fosher,cfosher6m@nasa.gov,Male,Nigeria,1995/11/22
240,Harley,Edworthie,hedworthie6n@irs.gov,Female,United States,1964/07/21
241,Duffie,Cottill,dcottill6o@list-manage.com,Male,Armenia,1970/11/21
242,Bartolemo,Bunney,bbunney6p@cafepress.com,Male,Russia,1983/03/05
243,Chancey,Tomblett,ctomblett6q@cdc.gov,Male,China,1952/10/10
244,Gordan,Trussman,gtrussman6r@google.ru,Male,Mongolia,1985/07/24
245,Chandler,Siflet,csiflet6s@businesswire.com,Bigender,Kazakhstan,1990/06/01
246,Nicko,Hollebon,nhollebon6t@adobe.com,Male,Indonesia,1983/08/08
247,Corri,Collin,ccollin6u@mozilla.com,Female,Sweden,1955/09/07
248,Ronnie,Souley,rsouley6v@yahoo.co.jp,Female,Chile,1996/01/09
249,Gail,Keepin,gkeepin6w@google.de,Male,Indonesia,1967/08/19
250,Valentijn,Collett,vcollett6x@vkontakte.ru,Male,Argentina,1969/01/19
251,Ara,Blackly,ablackly6y@umn.edu,Male,Guatemala,2000/06/14
252,Stu,Thowless,sthowless6z@rediff.com,Male,Vietnam,1998/12/19
253,Adlai,Olivey,aolivey70@umich.edu,Male,Vietnam,1971/03/25
254,Penn,Lorenzetti,plorenzetti71@pinterest.com,Male,China,1971/04/22
255,Paolina,Sproule,psproule72@arstechnica.com,Female,Jamaica,1980/11/22
256,Rancell,Becaris,rbecaris73@hubpages.com,Male,Sweden,1960/04/06
257,Charla,Powley,cpowley74@reverbnation.com,Female,Indonesia,1957/05/12
258,Chrysa,Mccaull,cmccaull75@google.it,Female,China,1981/07/11
259,Nerita,Maccrae,nmaccrae76@cbslocal.com,Female,Argentina,1977/01/22
260,Ashley,Thexton,athexton77@tinypic.com,Female,Mongolia,1977/01/20
261,Ferdinand,Trounson,ftrounson78@so-net.ne.jp,Male,Brazil,1963/09/09
262,Tania,Rosnau,trosnau79@bloglovin.com,Female,Peru,1968/06/23
263,Row,Sidwell,rsidwell7a@wsj.com,Female,Poland,1956/01/17
264,Sebastien,Quemby,squemby7b@people.com.cn,Male,China,2000/05/30
265,Meir,Yoxen,myoxen7c@census.gov,Male,China,1988/07/19
266,Worden,Caslett,wcaslett7d@dropbox.com,Male,Portugal,1988/06/10
267,Georgeta,Idle,gidle7e@columbia.edu,Female,China,2000/01/03
268,Faye,Elijah,felijah7f@reddit.com,Female,Serbia,2000/09/23
269,Jone,Benzie,jbenzie7g@storify.com,Male,Thailand,1956/12/29
270,Dukey,Zavattiero,dzavattiero7h@latimes.com,Genderqueer,China,1961/10/26
271,Marylinda,Davana,mdavana7i@wisc.edu,Female,Ukraine,1968/09/25
272,Brook,Bartrum,bbartrum7j@ox.ac.uk,Female,France,1955/03/15
273,Lenore,Heselwood,lheselwood7k@unesco.org,Female,Russia,1999/07/04
274,Jeffie,Potteridge,jpotteridge7l@webnode.com,Male,China,1976/04/12
275,Bari,Fullicks,bfullicks7m@wordpress.org,Female,Indonesia,1979/01/15
276,Quincy,Clatworthy,qclatworthy7n@pinterest.com,Non-binary,China,1970/11/02
277,Avigdor,Yarranton,ayarranton7o@naver.com,Male,Laos,1951/12/06
278,Pen,Frood,pfrood7p@unc.edu,Female,Thailand,1984/09/11
279,Roscoe,Allwood,rallwood7q@icq.com,Male,Brazil,1974/12/03
280,Ardene,McCulley,amcculley7r@pinterest.com,Female,United States,1957/03/30
281,Catherin,Steagall,csteagall7s@reuters.com,Female,Indonesia,1983/11/06
282,Corly,Cantwell,ccantwell7t@google.com.au,Female,Palestinian Territory,1985/11/08
283,Cal,Elleyne,celleyne7u@com.com,Female,China,1952/09/19
284,Anjela,Eve,aeve7v@webmd.com,Female,Philippines,1979/04/27
285,Randolph,Arnaudi,rarnaudi7w@rambler.ru,Male,Portugal,1975/07/03
286,Herminia,Forestall,hforestall7x@gravatar.com,Female,Indonesia,1974/06/10
287,Amye,McElmurray,amcelmurray7y@narod.ru,Female,Japan,1982/02/04
288,Bethina,Flewitt,bflewitt7z@t-online.de,Female,China,1989/03/19
289,Nita,Scriven,nscriven80@amazon.co.jp,Female,Philippines,1993/12/15
290,Kipp,Atty,katty81@businessweek.com,Male,Honduras,1958/10/03
291,Jillene,Rosenauer,jrosenauer82@feedburner.com,Female,Argentina,1974/01/25
292,Cobbie,Crenshaw,ccrenshaw83@forbes.com,Male,United States,1959/09/12
293,Sergeant,Kaszper,skaszper84@samsung.com,Male,Poland,1990/07/30
294,Licha,Benedite,lbenedite85@fema.gov,Female,Slovenia,1971/07/11
295,Ezekiel,Duinbleton,eduinbleton86@hc360.com,Male,Sri Lanka,1955/08/28
296,Carmine,Kigelman,ckigelman87@nationalgeographic.com,Female,Brazil,1985/12/18
297,Ortensia,Real,oreal88@mayoclinic.com,Female,Portugal,1957/01/27
298,Camella,Mollnar,cmollnar89@cnbc.com,Female,Sweden,1959/04/02
299,Spenser,Biggs,sbiggs8a@devhub.com,Agender,China,1954/06/03
300,Verena,Sargeaunt,vsargeaunt8b@bravesites.com,Female,Czech Republic,1989/06/11
301,Phil,Ockendon,pockendon8c@mlb.com,Female,China,1982/01/04
302,Annmarie,Lackie,alackie8d@cornell.edu,Female,Philippines,1975/07/07
303,Powell,Matthis,pmatthis8e@wikimedia.org,Male,France,1960/11/16
304,Gualterio,Bibbie,gbibbie8f@mit.edu,Male,Ecuador,1977/07/26
305,Trudie,Chater,tchater8g@nasa.gov,Female,Greece,1961/06/29
306,Stephenie,Haburne,shaburne8h@friendfeed.com,Female,Palestinian Territory,1956/09/13
307,Heath,McGiffin,hmcgiffin8i@youtu.be,Male,Armenia,1979/02/20
308,Waly,Meegan,wmeegan8j@istockphoto.com,Female,Venezuela,1981/10/08
309,Kenneth,Wordsley,kwordsley8k@yahoo.com,Male,Portugal,1962/03/25
310,Grace,Cosby,gcosby8l@bizjournals.com,Male,Serbia,1971/11/03
311,Raphaela,Brocklesby,rbrocklesby8m@gnu.org,Female,Russia,1958/10/07
312,Gayle,MacGrath,gmacgrath8n@marriott.com,Female,Indonesia,1964/01/10
313,Fayette,Cockburn,fcockburn8o@furl.net,Female,Iraq,1961/03/21
314,Peyter,Agius,pagius8p@uol.com.br,Male,Latvia,1964/08/04
315,Shelley,Giffin,sgiffin8q@imgur.com,Male,Czech Republic,1975/09/10
316,Ferdinand,Helin,fhelin8r@state.tx.us,Agender,Norway,1961/06/18
317,Loralee,Wellings,lwellings8s@sfgate.com,Female,United States,1990/02/28
318,Timmy,Wharrier,twharrier8t@desdev.cn,Male,China,1992/07/23
319,Westley,Rulten,wrulten8u@meetup.com,Male,Peru,1987/06/01
320,Sheffy,McCrorie,smccrorie8v@statcounter.com,Male,China,1973/09/11
321,Keenan,Froment,kfroment8w@nba.com,Male,Slovenia,1962/02/26
322,Tybi,Gertz,tgertz8x@ucoz.com,Female,South Africa,1970/10/24
323,Cesya,Tubble,ctubble8y@noaa.gov,Female,Philippines,1996/11/24
324,Michele,Zouch,mzouch8z@foxnews.com,Female,China,1989/07/01
325,Leonerd,Bowld,lbowld90@stumbleupon.com,Male,China,1978/06/05
326,Sheff,Parry,sparry91@yahoo.co.jp,Male,Russia,1951/02/06
327,Jillana,Joslyn,jjoslyn92@usda.gov,Female,Portugal,1992/06/09
328,Billie,Kissock,bkissock93@tripadvisor.com,Male,Guam,1960/09/25
329,Hermy,Gommey,hgommey94@spotify.com,Male,Russia,1955/02/22
330,Cami,Matula,cmatula95@abc.net.au,Female,China,1994/03/28
331,Evered,Kearley,ekearley96@typepad.com,Male,Peru,1974/04/15
332,Gilberto,Muncie,gmuncie97@ustream.tv,Male,Iran,1958/07/23
333,Biddie,Valek,bvalek98@imageshack.us,Female,Sweden,1976/10/28
334,Esta,Cameli,ecameli99@nationalgeographic.com,Female,Poland,1989/01/25
335,Breena,Hayler,bhayler9a@unicef.org,Female,Brazil,1961/06/23
336,Stewart,Hastilow,shastilow9b@state.gov,Male,Uganda,1979/09/12
337,Ikey,Mitchelmore,imitchelmore9c@harvard.edu,Male,Portugal,1978/08/15
338,Jehanna,McCaughey,jmccaughey9d@engadget.com,Female,United States,1956/12/06
339,Liv,Agnew,lagnew9e@theglobeandmail.com,Female,Poland,1976/03/31
340,Jess,Simmance,jsimmance9f@shop-pro.jp,Female,China,1958/01/03
341,Stern,Offin,soffin9g@163.com,Male,China,1988/02/15
342,Alfonse,Grinley,agrinley9h@oakley.com,Male,Peru,1987/08/20
343,Gard,Mallabone,gmallabone9i@upenn.edu,Male,Russia,1974/08/27
344,Maje,Tander,mtander9j@google.nl,Male,Iraq,1988/04/28
345,Adriane,Skelton,askelton9k@jiathis.com,Female,China,1972/04/21
346,Chico,Meegan,cmeegan9l@devhub.com,Male,Portugal,1957/12/16
347,Myrta,Charlin,mcharlin9m@slideshare.net,Female,Vietnam,1977/05/19
348,Emily,Hanlin,ehanlin9n@dropbox.com,Female,Indonesia,1983/06/11
349,Kath,Yepiskov,kyepiskov9o@booking.com,Female,France,1960/12/08
350,Thomasa,Hallihane,thallihane9p@so-net.ne.jp,Female,Nigeria,1990/05/08
351,Adelaide,Sircombe,asircombe9q@hibu.com,Female,Philippines,1982/09/26
352,Anna-maria,Sidsaff,asidsaff9r@example.com,Female,Brazil,1988/11/16
353,Frazier,Chrisp,fchrisp9s@weather.com,Agender,Palestinian Territory,1965/11/02
354,Otha,Conville,oconville9t@google.ca,Female,Honduras,1951/03/24
355,Lucius,Kesper,lkesper9u@aol.com,Male,Russia,1958/02/19
356,Town,Beel,tbeel9v@twitpic.com,Male,China,1957/12/27
357,Lissi,Cullingford,lcullingford9w@hubpages.com,Female,Croatia,1976/06/29
358,Randall,Boat,rboat9x@jigsy.com,Male,China,1975/03/08
359,Pearline,Worrall,pworrall9y@friendfeed.com,Female,Canada,1952/03/05
360,Minette,Chestnut,mchestnut9z@hp.com,Female,Sweden,1989/10/30
361,Yale,Andresser,yandressera0@smugmug.com,Male,China,1997/01/31
362,Sherrie,Hayller,shayllera1@wunderground.com,Female,China,1952/09/21
363,Clio,Alsobrook,calsobrooka2@google.pl,Female,Canada,1965/07/16
364,Zachary,Riddel,zriddela3@ycombinator.com,Male,Russia,1996/02/14
365,Thomas,Drinkwater,tdrinkwatera4@wufoo.com,Male,Philippines,1999/09/24
366,Denny,Beddoe,dbeddoea5@w3.org,Male,China,1978/10/24
367,Flora,Ricardo,fricardoa6@vkontakte.ru,Female,Russia,1963/11/24
368,Kacie,Loxdale,kloxdalea7@nih.gov,Non-binary,China,1980/10/18
369,Eugenio,Inglesfield,einglesfielda8@fotki.com,Male,China,1967/10/23
370,Terrell,Cubitt,tcubitta9@foxnews.com,Male,Chad,1995/10/23
371,Elinor,Wildey,ewildeyaa@parallels.com,Bigender,Philippines,1996/04/22
372,Nahum,Goslin,ngoslinab@usnews.com,Male,China,1971/05/30
373,Shannen,Iacomettii,siacomettiiac@moonfruit.com,Female,China,1987/07/29
374,Philip,Ridewood,pridewoodad@yale.edu,Male,Nicaragua,1993/12/21
375,Demetrius,Hammerstone,dhammerstoneae@pbs.org,Male,Tanzania,1988/02/19
376,Euell,Manginot,emanginotaf@hc360.com,Male,China,1969/02/04
377,Meg,Borchardt,mborchardtag@prnewswire.com,Female,China,1965/06/03
378,Chan,Keeri,ckeeriah@oakley.com,Male,Indonesia,1984/10/16
379,Tansy,Ollarenshaw,tollarenshawai@paginegialle.it,Female,Russia,1996/11/02
380,Francois,Ashfull,fashfullaj@sogou.com,Male,Russia,1951/04/19
381,Meridel,Gregoratti,mgregorattiak@nature.com,Female,Indonesia,1992/04/26
382,Boote,Landsbury,blandsburyal@addtoany.com,Male,United States,1955/03/31
383,Bearnard,Barizeret,bbarizeretam@lulu.com,Male,Kosovo,1956/11/18
384,Tatiana,Le Frank,tlefrankan@harvard.edu,Female,Greece,1988/12/29
385,Giffy,Chastelain,gchastelainao@dion.ne.jp,Male,China,1977/10/10
386,Madelena,Currier,mcurrierap@skyrock.com,Genderqueer,United Kingdom,1963/12/21
387,Velma,Aldis,valdisaq@spotify.com,Female,Ireland,1960/11/10
388,Shawn,Cornuau,scornuauar@mit.edu,Male,Portugal,1986/02/18
389,Ugo,Yankishin,uyankishinas@joomla.org,Male,Japan,1979/01/11
390,Andres,Goosey,agooseyat@illinois.edu,Male,Russia,1974/12/15
391,Bondy,Ring,bringau@cmu.edu,Agender,Croatia,1985/05/26
392,Joya,Warden,jwardenav@csmonitor.com,Female,Nigeria,1985/11/16
393,Frazer,Conti,fcontiaw@com.com,Male,Panama,1958/10/03
394,Danni,Grotty,dgrottyax@cloudflare.com,Female,Bulgaria,1982/05/13
395,Jamison,Stilwell,jstilwellay@hostgator.com,Male,Indonesia,2000/06/01
396,Brad,Niece,bnieceaz@prnewswire.com,Genderqueer,Portugal,1980/11/24
397,Korney,Weatherhogg,kweatherhoggb0@naver.com,Female,Russia,1969/03/08
398,Kathrine,Banister,kbanisterb1@diigo.com,Bigender,Nigeria,1981/08/08
399,Ursola,Roache,uroacheb2@elegantthemes.com,Female,Pakistan,1956/10/12
400,Corie,Simonaitis,csimonaitisb3@bravesites.com,Female,Macedonia,1973/02/26
401,Bobbette,Nutley,bnutleyb4@merriam-webster.com,Female,Czech Republic,1992/05/30
402,Massimo,Mougin,mmouginb5@theguardian.com,Male,United States,1997/01/22
403,Lew,Alyonov,lalyonovb6@msn.com,Male,China,1978/03/17
404,Marta,Swinfon,mswinfonb7@un.org,Female,Indonesia,1997/02/06
405,Kelcy,Ciccarello,kciccarellob8@phpbb.com,Female,China,1992/04/03
406,Neala,Fransemai,nfransemaib9@walmart.com,Female,Ivory Coast,1960/07/09
407,Salvador,Elcoat,selcoatba@altervista.org,Male,Russia,1969/06/01
408,Darla,Wiszniewski,dwiszniewskibb@unc.edu,Genderqueer,Argentina,1995/04/22
409,Vassili,Seligson,vseligsonbc@lycos.com,Male,Latvia,1980/03/30
410,Damiano,Pittham,dpitthambd@drupal.org,Male,Comoros,1956/04/22
411,Stormi,Girvan,sgirvanbe@tiny.cc,Female,Poland,1963/05/04
412,Ainslie,Duly,adulybf@fc2.com,Female,Cuba,1982/07/24
413,Serene,Eytel,seytelbg@cdbaby.com,Female,Indonesia,1969/10/16
414,Corrina,Casbolt,ccasboltbh@netscape.com,Agender,Brazil,1975/02/09
415,Manolo,Guntrip,mguntripbi@fda.gov,Male,Philippines,1967/11/01
416,Christan,Beincken,cbeinckenbj@vimeo.com,Agender,Cayman Islands,1990/03/13
417,Davon,Pinkerton,dpinkertonbk@a8.net,Male,Sweden,1998/09/28
418,Dot,Blackwood,dblackwoodbl@smugmug.com,Genderqueer,Colombia,1972/03/31
419,Bertie,Chart,bchartbm@fotki.com,Agender,Philippines,1990/11/20
420,Brunhilda,Ciotti,bciottibn@slate.com,Female,Sierra Leone,1958/10/10
421,Velma,Larvin,vlarvinbo@ning.com,Agender,France,1976/04/25
422,Marni,Knocker,mknockerbp@domainmarket.com,Female,Brazil,1973/05/26
423,Helene,Mitchell,hmitchellbq@gmpg.org,Female,China,1985/08/06
424,Truda,Popov,tpopovbr@prnewswire.com,Female,Philippines,1974/10/03
425,Cherrita,Altree,caltreebs@blinklist.com,Bigender,Cameroon,1952/05/06
426,Darnell,Sneaker,dsneakerbt@economist.com,Male,Russia,1961/09/12
427,Cecilia,Budd,cbuddbu@ucoz.ru,Female,Russia,1978/04/23
428,Roxi,Bayfield,rbayfieldbv@xrea.com,Genderfluid,Serbia,1985/06/08
429,Filmer,Viggars,fviggarsbw@dailymail.co.uk,Male,Philippines,1977/05/08
430,Raina,Kopelman,rkopelmanbx@sohu.com,Female,Peru,1962/07/24
431,Cam,Binford,cbinfordby@soup.io,Male,Greece,1995/04/27
432,Pris,Galvan,pgalvanbz@hugedomains.com,Female,Czech Republic,1963/07/18
433,Quint,Patkin,qpatkinc0@google.co.uk,Male,Micronesia,1998/02/26
434,Doroteya,Liddiard,dliddiardc1@jiathis.com,Female,Mozambique,1964/10/01
435,Lanna,MacDiarmid,lmacdiarmidc2@samsung.com,Female,Brazil,1999/03/21
436,Kimmy,Frankema,kfrankemac3@zimbio.com,Female,Russia,1979/08/05
437,Shayla,Binne,sbinnec4@xing.com,Non-binary,Macedonia,1987/04/27
438,Fedora,Moehler,fmoehlerc5@hugedomains.com,Female,China,1964/02/04
439,Debi,Deary,ddearyc6@aol.com,Female,Indonesia,1987/04/14
440,Aurea,Skepper,askepperc7@blogspot.com,Female,China,1959/08/01
441,Corny,de Glanville,cdeglanvillec8@google.cn,Female,Venezuela,1952/09/21
442,Erskine,Gallandre,egallandrec9@vkontakte.ru,Male,Armenia,1998/11/27
443,Babara,Martinson,bmartinsonca@prlog.org,Female,China,1981/09/24
444,Nicola,Bynert,nbynertcb@si.edu,Female,Brazil,2000/03/16
445,Elora,Haseley,ehaseleycc@themeforest.net,Female,China,1981/07/08
446,Audie,Pawel,apawelcd@cdc.gov,Female,United States,1994/07/19
447,Hadley,Habbert,hhabbertce@tumblr.com,Male,China,1967/12/26
448,Evey,McIlwain,emcilwaincf@msu.edu,Female,Ukraine,1957/12/19
449,Jess,Turtle,jturtlecg@pagesperso-orange.fr,Female,France,1978/12/11
450,Kim,Gannicleff,kgannicleffch@desdev.cn,Male,Portugal,1988/01/15
451,Margette,Figgins,mfigginsci@arizona.edu,Female,Thailand,1978/01/01
452,Fleur,Bagnold,fbagnoldcj@craigslist.org,Female,Poland,1998/03/30
453,Adria,Yitzovicz,ayitzoviczck@ed.gov,Female,Sri Lanka,1992/03/11
454,Tannie,Oggers,toggerscl@odnoklassniki.ru,Male,Russia,1978/08/19
455,Audie,Michelle,amichellecm@storify.com,Female,Japan,1969/09/27
456,Betsy,McKirdy,bmckirdycn@scribd.com,Female,Indonesia,1971/04/18
457,Hedda,Brimble,hbrimbleco@mayoclinic.com,Genderfluid,China,1990/08/30
458,Edgardo,Brendel,ebrendelcp@upenn.edu,Male,China,1982/08/11
459,Minnnie,Ojeda,mojedacq@quantcast.com,Female,France,1963/07/31
460,Celka,Ogelsby,cogelsbycr@bbc.co.uk,Female,Sweden,1952/09/15
461,Hoyt,Armall,harmallcs@japanpost.jp,Male,Czech Republic,1974/05/06
462,Gerhardine,Wrack,gwrackct@mac.com,Female,Japan,1993/09/30
463,Karil,Yarker,kyarkercu@vimeo.com,Female,Philippines,1978/12/25
464,Travus,Harring,tharringcv@theglobeandmail.com,Male,United States,1959/06/03
465,Ortensia,Hyne,ohynecw@marketwatch.com,Female,Indonesia,1967/08/26
466,Edgard,Woolmington,ewoolmingtoncx@nature.com,Male,United States,1977/08/06
467,Philis,Scollan,pscollancy@dropbox.com,Female,Belarus,1980/07/15
468,Rutger,Winpenny,rwinpennycz@wikipedia.org,Male,China,1964/04/29
469,Cesar,Golda,cgoldad0@bizjournals.com,Male,France,1978/04/21
470,Fifi,Fothergill,ffothergilld1@skyrock.com,Bigender,China,1967/12/31
471,Berta,Trye,btryed2@t-online.de,Agender,Iraq,1979/09/23
472,Forster,Byass,fbyassd3@joomla.org,Male,Indonesia,1960/07/24
473,Goddard,Plante,gplanted4@wikimedia.org,Male,Afghanistan,1953/04/28
474,Dorry,Quenby,dquenbyd5@va.gov,Female,Thailand,1980/04/07
475,Abramo,Coward,acowardd6@marketwatch.com,Male,Russia,2000/01/03
476,Onfroi,McParland,omcparlandd7@reddit.com,Male,Indonesia,1958/09/11
477,Giff,Cowing,gcowingd8@columbia.edu,Male,Nigeria,1980/03/26
478,Levon,Ewbanche,lewbanched9@parallels.com,Male,Brazil,1963/02/09
479,Ariella,Utterson,auttersonda@mtv.com,Female,Portugal,1977/12/05
480,Huntlee,Kaplin,hkaplindb@cisco.com,Male,France,1964/01/20
481,Bobine,Sydes,bsydesdc@elegantthemes.com,Female,Russia,1983/01/05
482,Lu,McLukie,lmclukiedd@cloudflare.com,Female,Iran,1992/06/06
483,Bartel,Quibell,bquibellde@over-blog.com,Male,China,1976/06/27
484,Iver,Antcliff,iantcliffdf@dropbox.com,Male,China,1977/06/04
485,Earlie,Stain,estaindg@boston.com,Male,Indonesia,1994/02/23
486,Jolee,Bruhke,jbruhkedh@marketwatch.com,Female,China,1956/06/14
487,Hewie,Brodway,hbrodwaydi@wordpress.com,Male,Portugal,1970/12/19
488,Victor,Simonard,vsimonarddj@cmu.edu,Male,Indonesia,1988/10/18
489,Riordan,Demko,rdemkodk@china.com.cn,Male,Costa Rica,1998/05/06
490,Corette,O'Lenechan,colenechandl@google.com.br,Female,Philippines,1987/04/05
491,Tobe,Steagall,tsteagalldm@msn.com,Female,Russia,1978/09/22
492,Clemmy,Gravet,cgravetdn@51.la,Male,Indonesia,2000/03/25
493,Nissy,Ottam,nottamdo@naver.com,Female,Philippines,1994/03/04
494,Moyra,Pidcock,mpidcockdp@mac.com,Female,Poland,1996/08/15
495,Michel,Rundle,mrundledq@paypal.com,Female,Brazil,1979/08/17
496,Durand,Lauder,dlauderdr@freewebs.com,Male,Russia,1967/07/24
497,Russell,Pentercost,rpentercostds@360.cn,Male,Hungary,1970/07/19
498,Rozele,Greet,rgreetdt@amazon.com,Female,Azerbaijan,1981/06/23
499,Germain,Ewbank,gewbankdu@cnet.com,Male,Indonesia,1951/04/15
500,Hale,Brotherheed,hbrotherheeddv@eepurl.com,Male,United States,1991/11/26
501,Tabbie,Tolle,ttolledw@home.pl,Male,Panama,1998/02/19
502,Bernadette,Dimitrov,bdimitrovdx@lulu.com,Female,Indonesia,1958/08/21
503,Anna-diana,Sillwood,asillwooddy@geocities.com,Female,China,1963/03/05
504,Addison,Freddi,afreddidz@ow.ly,Male,Poland,1953/04/30
505,Darrell,Alps,dalpse0@washington.edu,Male,France,1977/10/06
506,Bucky,Vlasin,bvlasine1@aol.com,Male,China,1997/05/27
507,Sibylle,Archambault,sarchambaulte2@php.net,Female,Israel,1951/08/17
508,Ban,Breddy,bbreddye3@umich.edu,Male,Indonesia,1959/07/08
509,Linc,Kingsnorth,lkingsnorthe4@mlb.com,Male,China,1965/01/10
510,Renaldo,Bader,rbadere5@hhs.gov,Male,Indonesia,1965/01/10
511,Jilleen,Dixcey,jdixceye6@desdev.cn,Female,Yemen,1998/10/19
512,Eduino,Raeside,eraesidee7@mtv.com,Male,Poland,1963/10/27
513,Lovell,Cadell,lcadelle8@cocolog-nifty.com,Male,Sierra Leone,1969/08/12
514,Suki,Sayers,ssayerse9@mediafire.com,Genderqueer,Ireland,1971/06/08
515,Francine,Corde,fcordeea@cloudflare.com,Female,China,1953/01/14
516,Fons,Teodorski,fteodorskieb@geocities.jp,Male,Sweden,1985/09/12
517,Olga,Eskell,oeskellec@time.com,Female,Indonesia,1966/12/04
518,Edwin,Rojel,erojeled@surveymonkey.com,Male,Slovenia,1986/02/08
519,Allix,Jedrzejewicz,ajedrzejewiczee@google.es,Female,Guam,1953/08/10
520,Aubree,Riccetti,ariccettief@about.me,Female,Mexico,1995/09/03
521,Livia,Vertigan,lvertiganeg@artisteer.com,Female,Sweden,2000/02/24
522,Yoshi,Kingswell,ykingswelleh@mozilla.com,Female,Mexico,1973/12/24
523,Marilyn,Anderer,mandererei@webmd.com,Female,Malaysia,1977/11/14
524,Sacha,Wasmuth,swasmuthej@google.fr,Bigender,Indonesia,1966/02/06
525,Clarance,Coppins,ccoppinsek@eepurl.com,Male,Poland,1995/01/01
526,Rossy,Leward,rlewardel@infoseek.co.jp,Male,Czech Republic,1996/06/16
527,Ximenes,Trengrouse,xtrengrouseem@nyu.edu,Male,Poland,1978/02/05
528,Ebony,Baynam,ebaynamen@wired.com,Female,Japan,1992/01/14
529,Siana,Olwen,solweneo@mapy.cz,Female,Nigeria,1963/10/02
530,Lyle,Acome,lacomeep@imageshack.us,Male,Portugal,1953/05/01
531,Carline,Haughian,chaughianeq@furl.net,Female,Morocco,1953/03/19
532,Fabio,Piet,fpieter@sina.com.cn,Male,Czech Republic,1973/01/28
533,Riobard,Molan,rmolanes@vimeo.com,Male,Colombia,1969/08/29
534,Dominick,Naismith,dnaismithet@japanpost.jp,Male,Portugal,1972/05/12
535,Ax,Grimsell,agrimselleu@scribd.com,Male,Venezuela,1962/12/03
536,Hurley,Shearme,hshearmeev@wunderground.com,Agender,China,1952/10/07
537,Moselle,Meakin,mmeakinew@bloomberg.com,Female,Greece,1957/10/03
538,Bobina,L'Archer,blarcherex@techcrunch.com,Female,South Korea,1984/12/10
539,Burnard,Klaves,bklavesey@blogspot.com,Male,Poland,1952/08/12
540,Crissy,Hammett,chammettez@unc.edu,Female,Indonesia,1958/05/04
541,Laurie,Riccetti,lriccettif0@epa.gov,Genderqueer,Czech Republic,1955/08/20
542,Rurik,Ough,roughf1@tiny.cc,Male,Nigeria,1970/03/14
543,Locke,Gaitley,lgaitleyf2@ovh.net,Male,Portugal,1969/10/30
544,Ki,BURWIN,kburwinf3@clickbank.net,Bigender,Norway,1997/04/16
545,Arlie,Jaskiewicz,ajaskiewiczf4@netvibes.com,Female,Armenia,1997/12/08
546,Amara,Pietsma,apietsmaf5@shop-pro.jp,Female,Indonesia,1969/11/10
547,Bax,Wagen,bwagenf6@wordpress.org,Male,Netherlands,1960/07/24
548,Leopold,Spyby,lspybyf7@trellian.com,Agender,Sweden,1968/12/24
549,Irvine,Popplestone,ipopplestonef8@webeden.co.uk,Male,Philippines,1978/05/23
550,Hew,Cosans,hcosansf9@exblog.jp,Male,China,1957/07/20
551,Hugo,Easthope,heasthopefa@sciencedaily.com,Male,Nigeria,1952/08/11
552,Pandora,Gosnay,pgosnayfb@ow.ly,Female,Poland,1984/01/10
553,Rock,Glendinning,rglendinningfc@vkontakte.ru,Male,Mexico,1985/12/23
554,Donia,Tampion,dtampionfd@ocn.ne.jp,Female,Yemen,1963/08/03
555,Prudy,Jovanovic,pjovanovicfe@boston.com,Female,Poland,1973/04/10
556,Dennison,Probbin,dprobbinff@php.net,Genderfluid,Thailand,1979/04/26
557,Lammond,Segeswoeth,lsegeswoethfg@photobucket.com,Male,Botswana,1977/03/22
558,Wakefield,Andraud,wandraudfh@theguardian.com,Male,Brazil,1981/03/19
559,Louie,Tames,ltamesfi@vistaprint.com,Male,Ukraine,1952/04/29
560,Mira,Seid,mseidfj@google.com.hk,Female,Italy,1957/10/13
561,Michael,Mottley,mmottleyfk@mozilla.org,Genderqueer,France,1957/11/29
562,Casper,Littler,clittlerfl@xinhuanet.com,Male,Russia,1993/02/12
563,Tiffy,Chatwin,tchatwinfm@foxnews.com,Female,United States,1999/04/09
564,Sibeal,Boddington,sboddingtonfn@blogs.com,Female,Nicaragua,1998/01/23
565,Alberik,Speare,aspearefo@bluehost.com,Male,Russia,1953/01/13
566,Alden,Garstan,agarstanfp@webnode.com,Male,China,2000/05/15
567,Rolando,Dawidowicz,rdawidowiczfq@privacy.gov.au,Male,Russia,1997/11/04
568,Cayla,Delamar,cdelamarfr@php.net,Genderfluid,Poland,1951/10/31
569,Randene,Khristyukhin,rkhristyukhinfs@vk.com,Female,Nigeria,1976/09/28
570,Jozef,Seakin,jseakinft@cisco.com,Male,Indonesia,1979/10/24
571,Keri,Juste,kjustefu@ow.ly,Female,China,1973/08/19
572,Rogers,Mariault,rmariaultfv@ucoz.ru,Male,Philippines,2000/06/29
573,Meridith,Pickerin,mpickerinfw@list-manage.com,Female,China,1952/04/01
574,Dianna,Dransfield,ddransfieldfx@huffingtonpost.com,Female,Czech Republic,1981/07/12
575,Nadean,Burgise,nburgisefy@amazon.com,Female,Kazakhstan,1987/02/07
576,Montgomery,Coneau,mconeaufz@amazonaws.com,Male,Guinea,1972/01/05
577,Josselyn,Woodworth,jwoodworthg0@wordpress.org,Female,Brazil,1971/12/10
578,Lotti,Hynson,lhynsong1@smh.com.au,Female,Japan,1950/12/17
579,Trevor,Radki,tradkig2@hibu.com,Male,Serbia,1984/05/04
580,Lynn,Portail,lportailg3@zimbio.com,Female,China,1959/04/08
581,Burgess,Von Oertzen,bvonoertzeng4@meetup.com,Male,Indonesia,1981/08/18
582,Giralda,Gerrish,ggerrishg5@odnoklassniki.ru,Female,China,1982/08/06
583,Kerianne,Ferreo,kferreog6@gmpg.org,Female,Russia,1994/12/18
584,Candra,Mumm,cmummg7@rakuten.co.jp,Female,France,1958/11/22
585,Goddart,Camosso,gcamossog8@pagesperso-orange.fr,Male,China,1997/11/27
586,Carlyn,Fifield,cfifieldg9@facebook.com,Female,Serbia,1977/03/19
587,Kellyann,Purvey,kpurveyga@uol.com.br,Female,Philippines,1962/05/05
588,Orlan,Jaggers,ojaggersgb@instagram.com,Male,United States,1963/10/24
589,Westleigh,Ikringill,wikringillgc@ibm.com,Male,Moldova,1994/02/08
590,Genevra,Luety,gluetygd@istockphoto.com,Female,Indonesia,1967/04/01
591,Jeri,Loveday,jlovedayge@about.me,Female,United States,1994/01/28
592,Frederica,Choupin,fchoupingf@walmart.com,Female,Philippines,1979/02/09
593,Deeann,Rowledge,drowledgegg@dmoz.org,Female,China,1997/05/23
594,Aguie,Loncaster,aloncastergh@biblegateway.com,Male,China,1966/07/20
595,Cherry,Swett,cswettgi@loc.gov,Female,Benin,1986/10/03
596,Ruthi,Emanulsson,remanulssongj@fotki.com,Female,China,1997/01/20
597,Kennan,Edworthie,kedworthiegk@princeton.edu,Male,Poland,1952/05/11
598,Thibaud,De Simone,tdesimonegl@amazon.co.uk,Male,China,1960/04/13
599,Celka,Janzen,cjanzengm@chron.com,Female,Mali,1995/03/06
600,Antonin,Wordsworth,awordsworthgn@g.co,Male,China,1988/01/18
601,Crin,Read,creadgo@artisteer.com,Female,Serbia,1955/09/28
602,Chrystel,Cogle,ccoglegp@ow.ly,Female,China,1995/12/25
603,Melisandra,Towl,mtowlgq@studiopress.com,Polygender,Russia,1965/03/28
604,Desmond,Visco,dviscogr@shutterfly.com,Male,Indonesia,1984/02/20
605,Chery,Giraudot,cgiraudotgs@chron.com,Female,Lithuania,1973/03/03
606,Thia,Sorrel,tsorrelgt@wikispaces.com,Female,Senegal,1991/09/12
607,Kira,Carvilla,kcarvillagu@icio.us,Female,Ukraine,1979/01/30
608,Seth,Reimer,sreimergv@army.mil,Male,Netherlands,1954/11/06
609,Nanine,Mulchrone,nmulchronegw@cbsnews.com,Female,Colombia,1960/09/22
610,Guillemette,McGuirk,gmcguirkgx@sakura.ne.jp,Female,Egypt,1967/11/24
611,Tait,Dimitrie,tdimitriegy@gov.uk,Male,Egypt,1959/01/25
612,Frankie,Baudi,fbaudigz@yahoo.co.jp,Genderfluid,China,1973/06/08
613,Ali,Managh,amanaghh0@devhub.com,Male,Poland,1994/12/01
614,Minne,Lodemann,mlodemannh1@sitemeter.com,Female,China,1969/02/06
615,Minny,D'Oyley,mdoyleyh2@patch.com,Female,Vietnam,2000/01/28
616,Clint,Bellas,cbellash3@bandcamp.com,Male,Thailand,1987/03/02
617,Roland,Knighton,rknightonh4@squidoo.com,Male,Namibia,1974/03/06
618,Thacher,Isley,tisleyh5@hud.gov,Male,Indonesia,1990/01/18
619,Stephen,Gorrie,sgorrieh6@wordpress.org,Male,Benin,1992/01/08
620,Reagan,Scammell,rscammellh7@walmart.com,Male,Brazil,1962/07/10
621,Dulci,Hanbridge,dhanbridgeh8@paypal.com,Female,Laos,1972/07/14
622,Thaxter,Matijevic,tmatijevich9@google.fr,Male,France,1997/12/18
623,Jewelle,Eckery,jeckeryha@bigcartel.com,Bigender,Philippines,1952/01/06
624,Easter,Gummer,egummerhb@opensource.org,Female,Indonesia,1976/01/16
625,Roxy,Bowness,rbownesshc@devhub.com,Female,China,1997/02/24
626,Luciana,Mauger,lmaugerhd@php.net,Female,Peru,1963/11/02
627,Lonnie,Lindwall,llindwallhe@wisc.edu,Female,Mauritius,1988/06/11
628,Barty,Prisk,bpriskhf@youtu.be,Male,United States,1970/07/02
629,Virgie,Whiterod,vwhiterodhg@usgs.gov,Male,Portugal,1951/03/24
630,Carolyn,Benini,cbeninihh@apple.com,Female,Poland,1965/06/20
631,Dosi,Simpson,dsimpsonhi@deviantart.com,Female,Israel,1980/11/21
632,Sidney,Bramelt,sbramelthj@addthis.com,Male,Argentina,1986/11/14
633,Jillie,Hellis,jhellishk@merriam-webster.com,Female,China,1994/09/07
634,Bibi,Macrow,bmacrowhl@mapquest.com,Female,Philippines,1991/12/07
635,Dorothee,Dilnot,ddilnothm@princeton.edu,Female,China,1974/07/25
636,Jon,Lempke,jlempkehn@merriam-webster.com,Male,Nicaragua,1973/07/30
637,Pet,De Rechter,pderechterho@europa.eu,Female,China,1975/10/08
638,Nataline,Dalman,ndalmanhp@phoca.cz,Female,United States,1956/04/10
639,Gwenora,Mc Corley,gmccorleyhq@devhub.com,Female,Indonesia,1974/03/27
640,Lisetta,Jeanon,ljeanonhr@engadget.com,Female,China,1971/06/21
641,Inness,McCook,imccookhs@photobucket.com,Male,Philippines,1951/08/13
642,Dawna,Mallows,dmallowsht@51.la,Female,Nicaragua,1954/06/29
643,Philippe,Telling,ptellinghu@creativecommons.org,Female,Indonesia,1988/12/04
644,Matthias,Blackah,mblackahhv@com.com,Male,Tajikistan,1957/08/24
645,Dyanne,Spadollini,dspadollinihw@virginia.edu,Female,United States,1969/12/17
646,Bat,Meneer,bmeneerhx@devhub.com,Male,Portugal,1971/10/28
647,Layla,Crang,lcranghy@mlb.com,Polygender,Peru,1991/09/17
648,Harriett,Androck,handrockhz@gravatar.com,Female,Montserrat,1984/03/22
649,Odey,Storm,ostormi0@latimes.com,Male,Russia,1995/06/06
650,Madelena,Bagley,mbagleyi1@reddit.com,Female,Russia,1997/07/11
651,Brier,Tebbutt,btebbutti2@earthlink.net,Female,Lithuania,1971/12/23
652,Harriet,Karoly,hkarolyi3@nytimes.com,Female,China,1974/05/01
653,Creigh,McKinnon,cmckinnoni4@dailymail.co.uk,Male,Russia,1987/02/24
654,Laverne,Salmon,lsalmoni5@multiply.com,Polygender,Indonesia,1953/03/15
655,Ellery,Bindin,ebindini6@wp.com,Male,Thailand,1992/09/02
656,Ev,Klaas,eklaasi7@xing.com,Male,Brazil,1960/03/09
657,Margaretha,Halwill,mhalwilli8@independent.co.uk,Female,China,1956/10/25
658,Etan,Kitteringham,ekitteringhami9@yellowpages.com,Male,Thailand,1958/05/30
659,Desiree,Bonelle,dbonelleia@mozilla.com,Female,Indonesia,1996/03/21
660,Magdalen,Okroy,mokroyib@twitpic.com,Female,Poland,1959/01/05
661,Lonnard,Runnacles,lrunnaclesic@army.mil,Non-binary,France,1982/06/27
662,Elinor,Glazyer,eglazyerid@netvibes.com,Female,Colombia,1972/07/08
663,Rurik,Dunthorn,rdunthornie@mail.ru,Male,Mexico,1982/01/01
664,Bastien,Schust,bschustif@shop-pro.jp,Male,Yemen,1957/07/04
665,Aeriel,Mingaud,amingaudig@weibo.com,Female,Indonesia,1987/08/09
666,Ari,Bolam,abolamih@globo.com,Male,Japan,1981/02/22
667,Edeline,Trippack,etrippackii@rediff.com,Female,United States,1984/07/31
668,Timmy,Grammer,tgrammerij@fc2.com,Female,China,1973/09/15
669,Inna,Dowzell,idowzellik@ihg.com,Female,Sweden,1983/04/05
670,Peg,Dobeson,pdobesonil@acquirethisname.com,Bigender,China,1989/05/14
671,Boony,Liversley,bliversleyim@wikimedia.org,Polygender,Sweden,1953/05/19
672,Giraldo,Riehm,griehmin@taobao.com,Male,France,1952/09/09
673,Winnie,Gazzard,wgazzardio@ycombinator.com,Female,Peru,1990/11/29
674,Ricki,Boyland,rboylandip@nydailynews.com,Male,Syria,1991/12/06
675,Sal,Overington,soveringtoniq@techcrunch.com,Male,Brazil,1975/05/26
676,Jorie,Gadeaux,jgadeauxir@webeden.co.uk,Female,Philippines,1989/02/09
677,Carny,Dunbobin,cdunbobinis@scribd.com,Male,United States,1970/03/12
678,Ambrosi,Margram,amargramit@vinaora.com,Male,Canada,1996/02/22
679,Lexie,Dullingham,ldullinghamiu@geocities.com,Polygender,Thailand,1965/01/02
680,Ginnie,Eckh,geckhiv@goo.ne.jp,Female,China,1958/10/14
681,Katheryn,Battson,kbattsoniw@naver.com,Female,Croatia,1951/09/04
682,Joela,Revill,jrevillix@a8.net,Female,Philippines,1986/09/04
683,Durand,Bowfin,dbowfiniy@whitehouse.gov,Male,Ukraine,1995/01/02
684,Cathrin,Jersch,cjerschiz@vkontakte.ru,Female,United Arab Emirates,1965/07/25
685,Harris,Lynett,hlynettj0@constantcontact.com,Male,Poland,1985/05/10
686,Gail,Quinion,gquinionj1@spiegel.de,Male,China,1952/10/23
687,Judith,Hannon,jhannonj2@ning.com,Female,Cuba,1959/03/09
688,Charil,Wyper,cwyperj3@nsw.gov.au,Female,Tanzania,1962/07/24
689,Dana,Jewks,djewksj4@mozilla.org,Genderfluid,Sweden,2000/05/08
690,Robbie,Brickwood,rbrickwoodj5@tiny.cc,Male,France,1970/07/31
691,Nobe,Mingey,nmingeyj6@alexa.com,Male,Mexico,1952/11/26
692,Tommie,St. Queintain,tstqueintainj7@google.es,Female,Indonesia,1970/12/22
693,Hunter,Mitskevich,hmitskevichj8@joomla.org,Male,Mauritania,1966/08/20
694,Ade,Grinyer,agrinyerj9@un.org,Male,Brazil,1953/02/11
695,Antonius,Raffin,araffinja@storify.com,Polygender,Indonesia,1988/03/23
696,Anetta,Gillfillan,agillfillanjb@stumbleupon.com,Genderfluid,Syria,1985/07/25
697,Joannes,Prinett,jprinettjc@ask.com,Female,China,1989/08/25
698,Adham,Ticic,aticicjd@shinystat.com,Male,China,1981/09/15
699,Rania,Dubock,rdubockje@altervista.org,Female,Indonesia,1975/01/17
700,Geordie,Durrans,gdurransjf@topsy.com,Male,China,1987/06/21
701,Netty,Rozet,nrozetjg@mit.edu,Female,Indonesia,1978/07/05
702,Anders,Bertome,abertomejh@webnode.com,Male,Poland,1986/02/13
703,Lester,Tambling,ltamblingji@forbes.com,Bigender,Czech Republic,1960/11/27
704,Netty,Spottswood,nspottswoodjj@prweb.com,Female,Morocco,1961/12/30
705,Nyssa,Ferriby,nferribyjk@vinaora.com,Female,France,1973/05/02
706,Constantia,Timeby,ctimebyjl@wiley.com,Female,Poland,1966/01/13
707,Ellsworth,Jelleman,ejellemanjm@usatoday.com,Polygender,Afghanistan,1968/09/10
708,Gus,Strathe,gstrathejn@prweb.com,Female,Ireland,1994/09/26
709,Jessamyn,Trusslove,jtrusslovejo@spotify.com,Female,Japan,1969/01/20
710,Cherri,Cowell,ccowelljp@skype.com,Female,Malaysia,1970/04/10
711,Lezley,Ashard,lashardjq@dedecms.com,Male,Brazil,1988/12/14
712,Lebbie,Duddy,lduddyjr@freewebs.com,Female,China,1963/04/10
713,Ariel,Carwithen,acarwithenjs@hugedomains.com,Female,Russia,1965/12/09
714,Court,Stubbe,cstubbejt@aol.com,Male,Finland,1954/09/12
715,Brew,Batchelour,bbatchelourju@t-online.de,Male,Indonesia,1969/11/29
716,Augustus,Skeech,askeechjv@scribd.com,Male,Indonesia,1976/02/17
717,Annelise,Burker,aburkerjw@phpbb.com,Female,Uzbekistan,1993/09/05
718,Thadeus,Blant,tblantjx@scribd.com,Male,Portugal,1967/04/28
719,Elane,Macklin,emacklinjy@abc.net.au,Female,Pakistan,1973/01/23
720,Kahlil,Mulford,kmulfordjz@cisco.com,Male,Indonesia,1970/08/19
721,Kari,Hussell,khussellk0@auda.org.au,Bigender,Peru,1955/10/05
722,Georgie,Fluit,gfluitk1@cpanel.net,Female,Japan,1975/01/30
723,Alameda,Gainsburgh,againsburghk2@ftc.gov,Female,Colombia,1985/07/05
724,Rina,Digges,rdiggesk3@goo.gl,Female,Indonesia,1981/10/28
725,Helge,Loads,hloadsk4@whitehouse.gov,Female,China,1977/07/28
726,Jacob,Iglesia,jiglesiak5@i2i.jp,Male,Indonesia,1995/05/09
727,Drusy,Symper,dsymperk6@t-online.de,Genderqueer,China,1992/03/10
728,Ardyce,Greeno,agreenok7@theglobeandmail.com,Female,France,1977/07/05
729,Francene,Oene,foenek8@mapy.cz,Female,Brazil,1964/12/07
730,Casie,Summerrell,csummerrellk9@gnu.org,Female,Norway,1968/02/23
731,Fawn,Zink,fzinkka@amazonaws.com,Female,Peru,1956/09/12
732,Thorvald,Cawston,tcawstonkb@infoseek.co.jp,Male,Finland,1988/11/12
733,Peyter,Otto,pottokc@about.com,Male,Bosnia and Herzegovina,1980/09/05
734,Thurstan,Longmaid,tlongmaidkd@accuweather.com,Male,Indonesia,1962/08/04
735,Michaela,Darrell,mdarrellke@1und1.de,Female,Panama,1991/07/09
736,Bridgette,Sawbridge,bsawbridgekf@businessweek.com,Female,Philippines,1959/08/01
737,Myra,Beamiss,mbeamisskg@netscape.com,Genderfluid,China,1959/05/19
738,Rosaleen,Grainge,rgraingekh@oakley.com,Female,Philippines,1981/10/16
739,Catlin,Ortiger,cortigerki@google.pl,Female,Comoros,1994/01/09
740,Darius,Sutch,dsutchkj@slashdot.org,Bigender,Sweden,1969/01/20
741,Meyer,Groucock,mgroucockkk@quantcast.com,Male,Thailand,1981/10/02
742,Winston,Letford,wletfordkl@nymag.com,Male,Indonesia,1975/05/01
743,Tandy,Fasey,tfaseykm@topsy.com,Female,China,1956/07/26
744,Channa,Dempster,cdempsterkn@merriam-webster.com,Female,Pakistan,1970/06/15
745,Nannette,Vedikhov,nvedikhovko@ebay.co.uk,Female,Norway,1973/08/09
746,Mahmud,Patterson,mpattersonkp@google.ca,Male,Peru,1963/07/21
747,Stoddard,Tanser,stanserkq@ucoz.com,Female,Afghanistan,1966/09/24
748,Emelita,Geyton,egeytonkr@msn.com,Female,China,1983/08/06
749,Garner,Panton,gpantonks@typepad.com,Male,China,1969/06/15
750,Quint,Adlem,qadlemkt@moonfruit.com,Male,Malaysia,1953/01/02
751,Merrile,Brizell,mbrizellku@hc360.com,Female,Russia,1972/04/18
752,Zabrina,Manntschke,zmanntschkekv@guardian.co.uk,Female,China,1965/08/03
753,Brewer,Braybrooks,bbraybrookskw@ycombinator.com,Male,Germany,1966/07/10
754,Jehanna,Freddi,jfreddikx@latimes.com,Polygender,Uruguay,1979/03/27
755,Hazel,Hopfer,hhopferky@artisteer.com,Male,Greece,1965/05/17
756,Shaina,Anstead,sansteadkz@telegraph.co.uk,Female,Vietnam,1989/04/18
757,Turner,Petz,tpetzl0@yahoo.com,Male,China,1992/04/21
758,Friederike,Redit,freditl1@virginia.edu,Female,Mongolia,1992/04/21
759,Joana,Benoy,jbenoyl2@answers.com,Female,Russia,1988/07/24
760,Junina,Ianson,jiansonl3@nbcnews.com,Female,Nigeria,1958/06/24
761,Concettina,Yesson,cyessonl4@angelfire.com,Female,Indonesia,1962/03/02
762,Alic,Saggs,asaggsl5@yellowpages.com,Male,Malaysia,1981/08/19
763,Holt,Ledgister,hledgisterl6@nytimes.com,Male,Philippines,1953/07/27
764,Olivier,Cornely,ocornelyl7@rambler.ru,Male,Indonesia,2000/09/15
765,Raimundo,Lucken,rluckenl8@simplemachines.org,Male,Azerbaijan,1979/07/20
766,Urban,Fullegar,ufullegarl9@e-recht24.de,Male,Micronesia,1994/07/23
767,Trstram,Maling,tmalingla@mapy.cz,Male,Lesotho,1962/05/21
768,Sile,Lugton,slugtonlb@columbia.edu,Female,Ukraine,1992/09/30
769,Susan,Kohneke,skohnekelc@netlog.com,Female,Vietnam,1993/01/23
770,Beverly,Andriolli,bandriollild@chron.com,Female,Canada,1980/05/12
771,Nikaniki,Lathey,nlatheyle@indiatimes.com,Female,China,1992/11/13
772,Codi,Ewings,cewingslf@lulu.com,Female,Ukraine,1961/02/10
773,Bianka,Sidgwick,bsidgwicklg@mashable.com,Female,Russia,1993/11/04
774,Molli,Simko,msimkolh@meetup.com,Female,North Korea,1967/08/06
775,Linet,Bolgar,lbolgarli@shutterfly.com,Female,Sierra Leone,1979/12/27
776,Cleve,Duckels,cduckelslj@baidu.com,Bigender,Japan,1952/02/09
777,Kara,Toderini,ktoderinilk@tinypic.com,Female,South Africa,1971/10/10
778,Betteann,Ortells,bortellsll@reference.com,Female,China,1973/01/24
779,Shanan,Hydes,shydeslm@eepurl.com,Male,Nigeria,1957/03/16
780,Phebe,McPharlain,pmcpharlainln@ow.ly,Female,Palestinian Territory,1973/02/08
781,Benji,Gaishson,bgaishsonlo@instagram.com,Male,South Africa,1953/08/14
782,Cari,MacElroy,cmacelroylp@seattletimes.com,Female,China,1995/09/20
783,Rance,Fawdrie,rfawdrielq@ebay.co.uk,Male,Portugal,1975/09/17
784,Bernardina,Gloster,bglosterlr@ca.gov,Female,Mexico,1975/07/29
785,Therine,Hassett,thassettls@opensource.org,Female,Thailand,1982/04/19
786,Titos,Pietz,tpietzlt@elpais.com,Male,Colombia,1987/11/18
787,Nanete,Noweak,nnoweaklu@jugem.jp,Female,Argentina,1965/02/25
788,Jaynell,Bostick,jbosticklv@home.pl,Female,China,1980/05/25
789,Louie,Aliman,lalimanlw@answers.com,Non-binary,Niger,1963/03/24
790,Laurene,Tocher,ltocherlx@usda.gov,Female,Greece,1970/01/30
791,Cirillo,Duckwith,cduckwithly@bloomberg.com,Male,Brazil,1997/07/14
792,Esme,Gwilliam,egwilliamlz@hc360.com,Male,Philippines,1967/06/21
793,Gilbert,Loxley,gloxleym0@fema.gov,Male,China,1974/05/08
794,Sholom,Cutmare,scutmarem1@buzzfeed.com,Genderqueer,Indonesia,1957/03/04
795,Paolina,Stapford,pstapfordm2@gnu.org,Female,Philippines,1964/09/17
796,Issi,Merrien,imerrienm3@sina.com.cn,Female,Sweden,1955/05/26
797,Rowan,Chaize,rchaizem4@about.com,Male,Indonesia,1973/02/05
798,Harley,Housiaux,hhousiauxm5@cdc.gov,Genderqueer,Venezuela,1971/07/01
799,Becki,Tivenan,btivenanm6@economist.com,Bigender,Japan,1974/10/30
800,Teodoor,Margrett,tmargrettm7@webmd.com,Male,Indonesia,1988/03/27
801,Bess,Redan,bredanm8@msu.edu,Female,Argentina,1996/06/22
802,Aldis,Edmands,aedmandsm9@dell.com,Male,Greece,1978/04/22
803,Doreen,Wicklin,dwicklinma@artisteer.com,Female,Norway,1994/12/18
804,Amara,Biner,abinermb@howstuffworks.com,Female,Poland,1975/06/21
805,Karlotta,Collison,kcollisonmc@vistaprint.com,Female,France,1963/06/01
806,Kimbell,Wheeliker,kwheelikermd@weebly.com,Male,China,1971/02/05
807,Leoine,Trippick,ltrippickme@alexa.com,Female,China,1987/07/31
808,Harrie,Faldoe,hfaldoemf@posterous.com,Female,Philippines,1954/12/21
809,Johannes,Pearle,jpearlemg@prnewswire.com,Male,France,1981/11/12
810,Manon,Clewarth,mclewarthmh@histats.com,Female,Vietnam,1971/01/28
811,Billi,Thornborrow,bthornborrowmi@virginia.edu,Female,China,1960/11/23
812,Jordana,Sayle,jsaylemj@cnbc.com,Female,Greece,1994/07/31
813,Nanon,Lardner,nlardnermk@slate.com,Female,Croatia,1970/02/09
814,Lorie,Garthshore,lgarthshoreml@pbs.org,Female,United States,1959/07/18
815,Anabelle,Betje,abetjemm@list-manage.com,Female,Indonesia,1953/03/13
816,Juliana,Mansel,jmanselmn@miitbeian.gov.cn,Female,Mexico,1967/03/31
817,Lelah,Paolo,lpaolomo@github.com,Genderqueer,Indonesia,1967/02/21
818,Letisha,Basile,lbasilemp@cyberchimps.com,Female,Indonesia,1997/08/16
819,Kathlin,Gligorijevic,kgligorijevicmq@bbb.org,Genderqueer,Brazil,1981/05/07
820,Eudora,Bathoe,ebathoemr@hhs.gov,Genderqueer,Croatia,1989/07/13
821,Vaughan,Philbrick,vphilbrickms@jigsy.com,Male,Ecuador,1982/10/01
822,Hamid,Panyer,hpanyermt@bigcartel.com,Polygender,Chile,1963/04/08
823,Demeter,Mosen,dmosenmu@opensource.org,Female,Indonesia,1970/05/01
824,Milly,Comerford,mcomerfordmv@harvard.edu,Genderqueer,Ireland,1957/10/06
825,Sully,Crich,scrichmw@cloudflare.com,Male,Jordan,1983/03/16
826,Evangelina,Whooley,ewhooleymx@techcrunch.com,Female,China,1965/03/12
827,Emlynn,Forrestall,eforrestallmy@usa.gov,Female,Peru,1996/04/02
828,Lorine,Toderi,ltoderimz@booking.com,Female,Indonesia,1989/07/06
829,Andonis,Strickett,astrickettn0@elegantthemes.com,Male,China,1963/01/18
830,Gerladina,Floris,gflorisn1@ehow.com,Genderqueer,Finland,1975/03/15
831,Nesta,Veevers,nveeversn2@skype.com,Female,Russia,1997/01/13
832,Chev,Van der Beek,cvanderbeekn3@boston.com,Male,Nigeria,1965/12/25
833,Lewes,Bason,lbasonn4@github.io,Male,Uganda,1992/10/05
834,Nadean,Gillies,ngilliesn5@auda.org.au,Female,Croatia,1958/11/28
835,Mair,Caillou,mcailloun6@bandcamp.com,Female,Indonesia,1998/10/09
836,Freeland,Larrosa,flarrosan7@mozilla.org,Male,Peru,1978/11/08
837,Herrick,McAloren,hmcalorenn8@blogtalkradio.com,Male,China,1979/03/31
838,Basia,Aingell,baingelln9@ebay.co.uk,Female,Netherlands,1991/06/20
839,Brnaba,Danshin,bdanshinna@merriam-webster.com,Male,Azerbaijan,1996/08/14
840,Denyse,Cluderay,dcluderaynb@webmd.com,Female,South Africa,1971/07/13
841,Erasmus,McCroary,emccroarync@indiatimes.com,Male,Brazil,1980/01/02
842,Chaim,Kryszka,ckryszkand@sitemeter.com,Male,United States,1986/12/19
843,Karylin,MacRitchie,kmacritchiene@hostgator.com,Female,Argentina,1973/04/08
844,Sondra,Beinisch,sbeinischnf@eventbrite.com,Female,Norway,1994/04/19
845,Annie,Dougherty,adoughertyng@multiply.com,Female,Vietnam,1965/12/09
846,Wesley,Jest,wjestnh@slate.com,Male,Ukraine,1976/06/30
847,Eolanda,Versey,everseyni@oracle.com,Female,Brazil,1979/10/19
848,Phip,Daymont,pdaymontnj@pcworld.com,Male,France,1978/02/25
849,Ninon,Belcher,nbelchernk@i2i.jp,Female,Canada,1968/12/03
850,Luciana,Belamy,lbelamynl@ebay.co.uk,Female,Indonesia,1967/09/09
851,Rhetta,Gomme,rgommenm@prnewswire.com,Female,Ukraine,1979/05/22
852,Skylar,Vequaud,svequaudnn@soup.io,Male,Jordan,1981/10/24
853,Arch,Carp,acarpno@jugem.jp,Male,Indonesia,1962/08/12
854,Bobina,Butland,bbutlandnp@pagesperso-orange.fr,Bigender,Zambia,1985/07/02
855,Cristie,Caldecourt,ccaldecourtnq@nyu.edu,Female,South Korea,1969/05/02
856,Timoteo,Duplock,tduplocknr@blogspot.com,Male,Egypt,1994/04/08
857,Ardys,Erwin,aerwinns@tuttocitta.it,Female,Japan,2000/06/16
858,Debor,Ferrer,dferrernt@xing.com,Genderfluid,Russia,1957/05/30
859,Jacqueline,Mardee,jmardeenu@ucoz.com,Female,Paraguay,1993/09/05
860,Cornela,Tithacott,ctithacottnv@cbsnews.com,Female,France,1992/06/28
861,Orelia,Pennycook,opennycooknw@chicagotribune.com,Female,Aruba,1978/03/21
862,Malissia,Terris,mterrisnx@cnbc.com,Bigender,Russia,1973/02/01
863,Denney,Chamberlaine,dchamberlaineny@linkedin.com,Male,China,1975/08/21
864,Coleen,Boscher,cboschernz@nyu.edu,Female,United States,1954/02/14
865,Lowell,Dickerline,ldickerlineo0@exblog.jp,Male,New Zealand,1976/04/19
866,Teirtza,Godar,tgodaro1@answers.com,Female,South Africa,1969/12/06
867,Irena,Attril,iattrilo2@auda.org.au,Female,China,1952/11/19
868,Petra,Yandell,pyandello3@zimbio.com,Agender,Indonesia,1972/11/13
869,Benedikt,Couve,bcouveo4@yahoo.co.jp,Male,Niger,1958/12/30
870,Barbara,Thomel,bthomelo5@joomla.org,Female,Russia,1993/07/09
871,Krystalle,McDonough,kmcdonougho6@slashdot.org,Female,China,1971/01/26
872,Gerry,Elders,gelderso7@issuu.com,Male,Indonesia,1976/09/14
873,Oriana,Yuryatin,oyuryatino8@w3.org,Female,Philippines,1994/01/08
874,Vitia,Pretti,vprettio9@cloudflare.com,Female,Philippines,1957/06/14
875,Sherwynd,Winders,swindersoa@elegantthemes.com,Male,Philippines,1958/03/08
876,Gus,Catcherside,gcatchersideob@a8.net,Male,China,1961/12/01
877,Loretta,Tinton,ltintonoc@goo.gl,Female,Indonesia,1990/07/07
878,Carce,Garnar,cgarnarod@php.net,Male,Laos,1960/03/03
879,Holt,Pierucci,hpieruccioe@webeden.co.uk,Genderfluid,Cameroon,1984/12/25
880,Caesar,Cess,ccessof@canalblog.com,Male,Canada,1953/12/25
881,Mina,Ricoald,mricoaldog@w3.org,Female,Belarus,1993/12/20
882,Millie,Barnish,mbarnishoh@cyberchimps.com,Female,China,1961/02/20
883,Ernst,Antoniewicz,eantoniewiczoi@barnesandnoble.com,Male,Philippines,1966/09/09
884,Rory,O'Heagertie,roheagertieoj@reference.com,Female,China,1960/07/14
885,Eugine,Renfrew,erenfrewok@soundcloud.com,Female,Pakistan,1962/11/16
886,Colas,Mussolini,cmussoliniol@disqus.com,Male,China,1973/07/19
887,Christiana,Sycamore,csycamoreom@timesonline.co.uk,Female,South Korea,1974/03/31
888,Hugibert,Balf,hbalfon@google.it,Male,Indonesia,1995/01/05
889,James,Beckham,jbeckhamoo@163.com,Male,China,1974/11/16
890,Callida,Grellier,cgrellierop@de.vu,Female,Nigeria,1956/01/18
891,Shawnee,Laundon,slaundonoq@yellowbook.com,Female,France,1984/03/03
892,Fina,Seagrove,fseagroveor@comcast.net,Female,Poland,1959/10/29
893,Giffie,O'Glessane,goglessaneos@printfriendly.com,Male,Indonesia,1958/02/24
894,Francis,Jaskiewicz,fjaskiewiczot@example.com,Male,Ukraine,1953/11/09
895,Giffer,Yeend,gyeendou@flavors.me,Male,China,1980/03/09
896,Cassie,Pittendreigh,cpittendreighov@google.de,Female,Kenya,1985/10/08
897,Tristan,Gairdner,tgairdnerow@clickbank.net,Male,China,1972/05/27
898,Pryce,Ridgedell,pridgedellox@clickbank.net,Male,Indonesia,1973/02/25
899,Cecile,Blackston,cblackstonoy@furl.net,Agender,Nepal,1996/11/03
900,Cissy,Klempke,cklempkeoz@phpbb.com,Female,China,1994/06/10
901,Meredith,Colquhoun,mcolquhounp0@washingtonpost.com,Male,China,1996/11/20
902,Hal,Kuhne,hkuhnep1@phpbb.com,Male,Russia,1992/08/17
903,Hirsch,Halsall,hhalsallp2@dyndns.org,Male,Bulgaria,1969/01/08
904,Michaela,Lougheed,mlougheedp3@desdev.cn,Bigender,Philippines,1956/04/29
905,Lorry,Elsmere,lelsmerep4@webs.com,Female,Venezuela,1969/06/26
906,Raymund,Wealthall,rwealthallp5@businessinsider.com,Male,Philippines,1997/07/22
907,Ursuline,Berntssen,uberntssenp6@wikia.com,Female,South Korea,1964/07/23
908,Zabrina,Finden,zfindenp7@fotki.com,Female,Nigeria,1991/12/24
909,Ronalda,Egginton,reggintonp8@51.la,Genderfluid,Japan,1988/03/08
910,Allys,Cuffley,acuffleyp9@google.cn,Female,Nigeria,1991/02/28
911,Tomas,Cooksey,tcookseypa@usda.gov,Male,Malaysia,1986/02/21
912,Janie,Joule,jjoulepb@sohu.com,Genderfluid,Peru,1969/09/23
913,Adrien,MacDonnell,amacdonnellpc@biblegateway.com,Male,Thailand,1973/09/25
914,Rick,Caudrey,rcaudreypd@toplist.cz,Male,Poland,1974/11/02
915,Franchot,Comelini,fcomelinipe@mapy.cz,Male,Lithuania,1989/10/31
916,Stormie,Oade,soadepf@unicef.org,Female,Sweden,1997/10/14
917,Tracey,Opfer,topferpg@miibeian.gov.cn,Male,Indonesia,1955/12/15
918,Lester,Waite,lwaiteph@noaa.gov,Male,Colombia,1967/08/03
919,Ulrika,Kock,ukockpi@engadget.com,Female,Sweden,1980/04/29
920,Ophelie,Savery,osaverypj@exblog.jp,Female,China,1992/02/14
921,Toddie,Dayley,tdayleypk@alexa.com,Genderfluid,Brazil,1976/12/04
922,Madalyn,Fearfull,mfearfullpl@cdc.gov,Female,France,1976/04/20
923,Kearney,Carik,kcarikpm@google.co.jp,Male,United States,1990/07/09
924,Peyton,De Domenici,pdedomenicipn@github.com,Male,Indonesia,1951/10/22
925,Kerrill,Merioth,kmeriothpo@people.com.cn,Female,Ghana,1968/02/05
926,Wilona,Van Ross,wvanrosspp@whitehouse.gov,Female,China,1991/08/29
927,Krystyna,Learmonth,klearmonthpq@japanpost.jp,Female,China,1967/08/21
928,Milzie,Le Port,mleportpr@squarespace.com,Female,Canada,1964/09/16
929,Kilian,Stoves,kstovesps@microsoft.com,Male,Democratic Republic of the Congo,1982/04/13
930,Tanhya,Stirman,tstirmanpt@wired.com,Female,China,1955/11/27
931,Donny,Wickrath,dwickrathpu@privacy.gov.au,Male,Denmark,1960/07/31
932,Eddi,Burleton,eburletonpv@networksolutions.com,Female,Comoros,1959/03/26
933,Hildegarde,Perazzo,hperazzopw@uiuc.edu,Female,Portugal,1991/03/03
934,Marlow,Asplin,masplinpx@mayoclinic.com,Male,Central African Republic,1960/08/03
935,Dewie,Dominguez,ddominguezpy@umn.edu,Male,Indonesia,1978/10/11
936,Natale,Windas,nwindaspz@gravatar.com,Male,China,1961/01/20
937,Ola,Skelhorne,oskelhorneq0@uiuc.edu,Female,China,1968/10/13
938,Sean,Goosnell,sgoosnellq1@cbsnews.com,Female,China,1966/02/28
939,Rickie,Jollye,rjollyeq2@washingtonpost.com,Female,Russia,1954/06/19
940,Auberon,Gasking,agaskingq3@ca.gov,Male,Argentina,1950/12/03
941,Lynnea,Risom,lrisomq4@marriott.com,Female,Belarus,1975/04/10
942,Eleonora,McVeigh,emcveighq5@tamu.edu,Female,Montenegro,1968/07/14
943,Annie,Soares,asoaresq6@dailymail.co.uk,Female,Brazil,1986/01/27
944,Bevan,Zarfai,bzarfaiq7@tumblr.com,Male,Portugal,1998/08/21
945,Elberta,McNutt,emcnuttq8@cnet.com,Female,China,1958/12/30
946,Guillemette,Jupp,gjuppq9@tuttocitta.it,Female,Russia,1963/03/06
947,Kameko,Muslim,kmuslimqa@yellowpages.com,Genderfluid,Colombia,1966/10/11
948,Bartlet,Magovern,bmagovernqb@unesco.org,Male,Jordan,1953/10/09
949,Eba,Veljes,eveljesqc@bloomberg.com,Female,Portugal,1969/05/08
950,Lida,Rumble,lrumbleqd@cpanel.net,Female,Sweden,1971/09/22
951,Tobi,Marieton,tmarietonqe@themeforest.net,Female,Panama,1973/01/22
952,Gay,Pinnocke,gpinnockeqf@freewebs.com,Male,China,1973/06/07
953,Gennifer,Easton,geastonqg@paginegialle.it,Female,Indonesia,1977/10/07
954,Alphonso,Reaman,areamanqh@craigslist.org,Male,China,1993/07/03
955,Adelbert,Sitwell,asitwellqi@google.com,Polygender,Finland,1972/05/02
956,Luke,McClay,lmcclayqj@scribd.com,Male,China,1973/07/20
957,Margarete,Way,mwayqk@hibu.com,Agender,Mozambique,1960/10/15
958,Thorny,Petersen,tpetersenql@angelfire.com,Agender,Latvia,1989/04/20
959,Barry,Bartolomivis,bbartolomivisqm@acquirethisname.com,Female,Sweden,1972/10/04
960,Jules,Chazelle,jchazelleqn@zdnet.com,Polygender,China,1972/09/07
961,Thelma,Cawtheray,tcawtherayqo@cnbc.com,Female,Kuwait,1986/10/21
962,Moira,Howland,mhowlandqp@bbc.co.uk,Female,Russia,1950/11/16
963,Tony,Crosgrove,tcrosgroveqq@com.com,Female,Indonesia,1975/03/23
964,Joanna,Poschel,jposchelqr@ucsd.edu,Female,Argentina,1987/05/28
965,Richmound,Illyes,rillyesqs@nytimes.com,Male,Czech Republic,1985/04/12
966,Kendal,Lapish,klapishqt@berkeley.edu,Male,Burkina Faso,1964/01/24
967,Garvin,Cudiff,gcudiffqu@washington.edu,Male,Portugal,1958/03/26
968,Teddie,Driver,tdriverqv@time.com,Male,Tanzania,1960/10/02
969,Klarrisa,Prene,kpreneqw@ning.com,Female,China,1964/07/03
970,Bogey,O'Mullaney,bomullaneyqx@cnet.com,Bigender,Indonesia,1982/01/23
971,Melitta,Brands,mbrandsqy@devhub.com,Female,Nicaragua,1952/01/04
972,Christoforo,Garie,cgarieqz@mayoclinic.com,Male,Philippines,1967/05/02
973,Theadora,Steels,tsteelsr0@foxnews.com,Genderfluid,Indonesia,1963/11/21
974,Todd,Binge,tbinger1@live.com,Male,Nigeria,1958/02/06
975,Yard,Toft,ytoftr2@unesco.org,Male,Yemen,1974/10/14
976,Jodie,Cartan,jcartanr3@blog.com,Female,Burkina Faso,1954/09/03
977,Angelina,Sisland,asislandr4@ft.com,Female,Indonesia,1984/08/09
978,Hanan,Bryett,hbryettr5@yelp.com,Male,Portugal,1960/03/14
979,Adolpho,Trusse,atrusser6@dmoz.org,Male,China,1976/08/27
980,Henriette,Scarfe,hscarfer7@nationalgeographic.com,Female,Norway,1975/10/20
981,Rowland,Seiller,rseillerr8@mlb.com,Male,Bulgaria,1962/05/17
982,Carmel,Cleynaert,ccleynaertr9@wired.com,Female,Finland,1989/09/20
983,Griswold,Rapley,grapleyra@ycombinator.com,Male,North Korea,1974/07/16
984,Susette,Crosham,scroshamrb@chicagotribune.com,Female,Sweden,1982/09/18
985,Floris,Kas,fkasrc@epa.gov,Female,Moldova,1983/06/23
986,Norine,Andrichak,nandrichakrd@hibu.com,Female,China,1995/03/22
987,Rosanna,Moxson,rmoxsonre@sun.com,Female,France,1960/05/07
988,Herve,Prendeguest,hprendeguestrf@dmoz.org,Male,Canada,1974/08/28
989,Torrance,Scard,tscardrg@bizjournals.com,Male,China,1999/01/01
990,Bryant,Serridge,bserridgerh@auda.org.au,Male,Portugal,1967/10/17
991,Viviana,Bruford,vbrufordri@hexun.com,Female,Indonesia,1989/04/10
992,Meriel,Denholm,mdenholmrj@chicagotribune.com,Female,Russia,1998/09/13
993,Mickie,Dunkerley,mdunkerleyrk@hostgator.com,Genderqueer,North Korea,1998/07/08
994,Abbott,Scare,ascarerl@noaa.gov,Male,China,1967/06/01
995,Matias,Atack,matackrm@google.com,Male,Russia,1993/05/19
996,Lowrance,Ruppele,lruppelern@clickbank.net,Male,Japan,1952/11/20
997,Gabby,Bateson,gbatesonro@forbes.com,Male,China,1972/08/02
998,Jedd,Yakovich,jyakovichrp@theglobeandmail.com,Male,Philippines,1963/11/04
999,Daron,Joan,djoanrq@ustream.tv,Male,South Africa,1951/03/22
1000,Candra,Vandrill,cvandrillrr@last.fm,Female,United States,1955/07/22
