id,first_name,last_name,email,gender,country,birthday
1,Cord,Gulleford,cgulleford0@mozilla.com,Male,China,1994/11/11
2,Ivan,Yakob,iyakob1@twitpic.com,Male,South Korea,1986/02/09
3,Carmel,Carse,ccarse2@altervista.org,Female,Poland,1977/10/23
4,Parry,Sneezem,psneezem3@newsvine.com,Male,Indonesia,1986/05/30
5,Vanessa,Clowney,vclowney4@over-blog.com,Female,Japan,1985/12/26
6,Katya,Cawdron,kcawdron5@about.com,Polygender,China,1976/05/02
7,Willi,Cadogan,wcadogan6@google.de,Female,Germany,1951/10/14
8,Ingra,Elsey,ielsey7@latimes.com,Male,Czech Republic,1995/04/29
9,Prue,Budgeon,pbudgeon8@cnn.com,Female,Ukraine,1962/10/22
10,Margi,Cathrae,mcathrae9@house.gov,Female,Ivory Coast,1951/12/22
11,Rocky,Kneath,rkneatha@msu.edu,Male,China,1964/07/25
12,Shoshana,Petris,spetrisb@wired.com,Female,Russia,1953/07/30
13,Winifred,Bryers,wbryersc@constantcontact.com,Bigender,Indonesia,1991/07/30
14,Brenden,Folomkin,bfolomkind@dyndns.org,Male,Uganda,1995/04/21
15,Des,Hearns,dhearnse@cornell.edu,Male,Philippines,1961/11/16
16,Mable,Ruckman,mruckmanf@mayoclinic.com,Female,Ecuador,1983/09/02
17,Clem,Caldairou,ccaldairoug@wunderground.com,Male,Israel,1983/07/17
18,Adolph,Willder,awillderh@spiegel.de,Male,Mexico,1993/02/28
19,Randolf,Chillingworth,rchillingworthi@seattletimes.com,Male,Poland,1966/07/16
20,Ricki,Palay,rpalayj@google.com.br,Male,France,1969/11/18
21,Toby,Hitzmann,thitzmannk@yellowbook.com,Female,Peru,1981/03/29
22,Frans,Mounsey,fmounseyl@elegantthemes.com,Male,Serbia,1990/04/01
23,Milzie,Fillis,mfillism@walmart.com,Female,Belarus,1978/11/08
24,Padget,Fontell,pfontelln@google.co.uk,Bigender,Venezuela,1970/08/16
25,Gram,Antonomoli,gantonomolio@mac.com,Male,Zimbabwe,1977/01/27
26,Lorilyn,Took,ltookp@topsy.com,Female,Russia,1957/10/22
27,Brennen,Mainston,bmainstonq@umich.edu,Agender,Namibia,1967/06/26
28,Noelle,Roache,nroacher@engadget.com,Female,Brazil,1993/06/06
29,Ulrikaumeko,Uzzell,uuzzells@auda.org.au,Female,Slovenia,1971/08/27
30,Elianore,Mardle,emardlet@soup.io,Female,China,1973/08/19
31,Kaylyn,Streatfield,kstreatfieldu@wunderground.com,Female,Philippines,1988/06/02
32,Mariann,D' Angelo,mdangelov@pagesperso-orange.fr,Female,China,1974/06/01
33,Conant,Sparling,csparlingw@scribd.com,Male,China,1981/02/04
34,Scot,Moir,smoirx@indiatimes.com,Male,Serbia,1964/06/23
35,Anitra,Varty,avartyy@illinois.edu,Female,China,1992/05/16
36,Claus,Crichmer,ccrichmerz@pen.io,Agender,Argentina,1955/08/22
37,Janna,Lauchlan,jlauchlan10@microsoft.com,Female,Mexico,1994/09/07
38,Emmanuel,McClaughlin,emcclaughlin11@buzzfeed.com,Male,Russia,1999/08/31
39,Ban,Busfield,bbusfield12@usnews.com,Male,Poland,1958/07/04
40,Marris,Thunnerclef,mthunnerclef13@studiopress.com,Female,China,1966/08/26
41,Thorsten,Tunkin,ttunkin14@sogou.com,Male,Indonesia,1986/12/04
42,Fallon,Janaway,fjanaway15@google.com,Female,Indonesia,1984/08/21
43,Rasla,Balsdon,rbalsdon16@illinois.edu,Female,China,1973/08/09
44,Timothy,Obin,tobin17@arizona.edu,Male,United States,1996/06/30
45,Jeramie,Darwood,jdarwood18@slashdot.org,Genderfluid,Russia,1960/11/05
46,Latisha,Jimmison,ljimmison19@chicagotribune.com,Female,France,1991/12/08
47,Victor,Tuffey,vtuffey1a@nsw.gov.au,Male,Nicaragua,1962/10/25
48,Roch,Onions,ronions1b@latimes.com,Female,United States,1970/03/31
49,Stormi,Buche,sbuche1c@hostgator.com,Female,Portugal,1972/12/11
50,Evy,Pryke,epryke1d@friendfeed.com,Female,Brazil,1964/02/21
51,Alasdair,Fernley,afernley1e@reverbnation.com,Male,Russia,1969/09/24
52,Gustavo,Pocklington,gpocklington1f@wikipedia.org,Male,Russia,1976/06/11
53,Rania,Byk,rbyk1g@scribd.com,Female,Bolivia,1997/05/01
54,Nadia,Le Marchant,nlemarchant1h@123-reg.co.uk,Female,South Africa,1996/05/04
55,Murry,Vevers,mvevers1i@usnews.com,Male,Sweden,1979/05/12
56,Berne,Dewsnap,bdewsnap1j@webs.com,Non-binary,United States,1999/11/27
57,Torr,Gammack,tgammack1k@timesonline.co.uk,Male,Russia,1990/03/13
58,Joachim,Crockley,jcrockley1l@hubpages.com,Male,Indonesia,1962/05/12
59,Haley,Swaysland,hswaysland1m@answers.com,Female,Brazil,1958/12/03
60,Udell,Hubball,uhubball1n@netvibes.com,Male,Brazil,1957/06/23
61,Arlana,Daniele,adaniele1o@vkontakte.ru,Non-binary,Egypt,1968/11/11
62,Rhody,Charrier,rcharrier1p@bravesites.com,Female,China,1988/08/31
63,Iorgo,Allett,iallett1q@ucsd.edu,Male,Portugal,1958/09/12
64,Chrystal,Beevens,cbeevens1r@cbslocal.com,Female,Bangladesh,1990/10/21
65,Kimmie,Loblie,kloblie1s@cnn.com,Female,Ukraine,1993/08/13
66,Cacilie,Bantock,cbantock1t@printfriendly.com,Female,Indonesia,1981/02/05
67,Rich,Aps,raps1u@addtoany.com,Male,Portugal,1959/12/05
68,Ruggiero,McCome,rmccome1v@fotki.com,Male,Paraguay,1977/05/31
69,Steffie,Godsafe,sgodsafe1w@dmoz.org,Female,France,1984/06/25
70,Alta,Hannigane,ahannigane1x@drupal.org,Female,Iran,1969/01/20
71,Calvin,O'Cannan,cocannan1y@slideshare.net,Male,Philippines,1964/06/25
72,Darren,Gulland,dgulland1z@marketwatch.com,Male,Iceland,1956/09/24
73,Obie,Murt,omurt20@networkadvertising.org,Male,Canada,1952/05/02
74,Dennis,Tuer,dtuer21@cbc.ca,Male,Venezuela,1997/06/06
75,Richardo,Pashan,rpashan22@theguardian.com,Male,China,1997/10/24
76,Hershel,Chiplin,hchiplin23@wordpress.com,Male,Greece,1975/12/26
77,Huntley,Cumesky,hcumesky24@toplist.cz,Male,United States,1959/04/23
78,Caroline,Stone Fewings,cstonefewings25@devhub.com,Female,Russia,1986/09/01
79,Star,Waison,swaison26@bandcamp.com,Female,Brazil,1993/11/10
80,Tessie,Hadcroft,thadcroft27@pbs.org,Female,Philippines,1987/08/14
81,Dean,Ackers,dackers28@bravesites.com,Male,Indonesia,1979/08/08
82,Meghan,Rozea,mrozea29@ow.ly,Female,China,1991/02/15
83,Colleen,Scutt,cscutt2a@deliciousdays.com,Female,Macedonia,1980/08/06
84,Adey,Christopherson,achristopherson2b@godaddy.com,Female,Portugal,1959/01/14
85,Floris,Thompstone,fthompstone2c@123-reg.co.uk,Female,Indonesia,1968/08/03
86,Prent,Franca,pfranca2d@thetimes.co.uk,Male,Indonesia,1975/05/08
87,Eunice,Dowker,edowker2e@tinypic.com,Female,Indonesia,1994/09/10
88,Nolan,Christophers,nchristophers2f@columbia.edu,Male,France,1974/07/29
89,Sherm,Jorat,sjorat2g@ucla.edu,Male,China,1973/12/04
90,Thane,Locard,tlocard2h@facebook.com,Male,Sweden,1973/09/25
91,Mitch,Sigart,msigart2i@cdc.gov,Male,Brazil,1996/06/13
92,Nikki,Varnes,nvarnes2j@reference.com,Female,Paraguay,1961/11/17
93,Bryon,Millhouse,bmillhouse2k@yahoo.co.jp,Male,Thailand,1958/04/06
94,Mic,Varndall,mvarndall2l@google.cn,Male,Russia,1975/05/26
95,Marius,Holleran,mholleran2m@pcworld.com,Male,Mexico,1955/11/10
96,Gregoire,Hatliffe,ghatliffe2n@alexa.com,Male,Botswana,1969/01/19
97,Jillana,Plues,jplues2o@tmall.com,Female,China,1989/10/12
98,Marilyn,Crossingham,mcrossingham2p@unc.edu,Genderqueer,Tunisia,1983/11/26
99,Marabel,Parkeson,mparkeson2q@ocn.ne.jp,Female,Greece,1965/05/25
100,Sherilyn,Ruller,sruller2r@geocities.com,Female,France,1982/05/21
101,Sarina,Hughesdon,shughesdon2s@angelfire.com,Female,China,1955/11/27
102,Sylvan,Chess,schess2t@reddit.com,Male,Sweden,1958/06/22
103,Virge,Bambrugh,vbambrugh2u@senate.gov,Male,Paraguay,1970/08/12
104,Nicolis,Keeves,nkeeves2v@bigcartel.com,Male,Bulgaria,1981/04/27
105,Andie,Matusson,amatusson2w@liveinternet.ru,Male,Lithuania,1990/06/18
106,Catriona,Flexman,cflexman2x@reference.com,Female,Russia,1958/05/12
107,Osbert,Anetts,oanetts2y@guardian.co.uk,Male,Brazil,1968/07/27
108,Windy,Stinson,wstinson2z@newsvine.com,Female,Indonesia,1970/07/29
109,Saunders,Bradburne,sbradburne30@ihg.com,Male,Philippines,1999/09/03
110,Phyllida,Sherme,psherme31@dedecms.com,Female,Vietnam,1992/08/15
111,Clint,Iremonger,ciremonger32@goodreads.com,Agender,Comoros,1965/05/08
112,Melony,Smales,msmales33@163.com,Female,Belarus,1951/03/07
113,Arlen,Peebles,apeebles34@go.com,Agender,Czech Republic,1989/11/29
114,Sallyann,Joblin,sjoblin35@reverbnation.com,Female,Serbia,1973/05/09
115,Yancy,Dunford,ydunford36@furl.net,Male,China,1963/09/01
116,Brucie,Gajownik,bgajownik37@cbc.ca,Male,Senegal,1990/02/22
117,Rich,Grisdale,rgrisdale38@ning.com,Male,China,1976/07/25
118,Angelia,Whettleton,awhettleton39@wsj.com,Female,Poland,1979/11/08
119,Christen,Tesauro,ctesauro3a@photobucket.com,Female,China,1973/02/04
120,Josh,Davidovicz,jdavidovicz3b@free.fr,Male,Lithuania,1978/09/15
121,Callida,Devereux,cdevereux3c@symantec.com,Female,Portugal,1982/11/30
122,Ricki,Goldes,rgoldes3d@cam.ac.uk,Female,Guyana,1995/09/05
123,Stanfield,Rourke,srourke3e@ihg.com,Male,Tanzania,1989/12/19
124,Friederike,Lawrie,flawrie3f@github.io,Female,Indonesia,1997/07/16
125,Wait,Jirik,wjirik3g@globo.com,Male,Poland,1964/09/03
126,Rowland,Ebanks,rebanks3h@goo.gl,Male,China,1978/12/18
127,Jobina,Shelp,jshelp3i@multiply.com,Genderfluid,China,1954/04/23
128,Quentin,Quilliam,qquilliam3j@sina.com.cn,Male,North Korea,1990/08/11
129,Rona,Lawling,rlawling3k@exblog.jp,Non-binary,China,1967/10/30
130,Pepi,Brunon,pbrunon3l@buzzfeed.com,Female,Indonesia,1957/04/21
131,Adolphe,Follet,afollet3m@cafepress.com,Male,Belarus,1975/10/03
132,Bianka,Beteriss,bbeteriss3n@yolasite.com,Female,Norway,1954/12/02
133,Waverly,Stiffell,wstiffell3o@php.net,Bigender,China,1981/06/29
134,Sallyann,Jurges,sjurges3p@ibm.com,Female,Poland,1958/12/31
135,Shellysheldon,Mungham,smungham3q@soundcloud.com,Male,Indonesia,1995/07/24
136,Casey,Tomkiss,ctomkiss3r@indiatimes.com,Female,Brazil,1957/08/25
137,Gwenneth,Karchowski,gkarchowski3s@merriam-webster.com,Non-binary,Comoros,1983/05/08
138,Ginnie,Downes,gdownes3t@biglobe.ne.jp,Female,Colombia,1998/09/20
139,Sharlene,Doale,sdoale3u@cyberchimps.com,Female,Portugal,1973/09/19
140,Nana,Brandoni,nbrandoni3v@plala.or.jp,Female,Indonesia,1998/08/20
141,Rori,Heald,rheald3w@odnoklassniki.ru,Female,Lithuania,1953/10/06
142,Boniface,Irwin,birwin3x@123-reg.co.uk,Bigender,United Kingdom,1980/04/22
143,Wilie,Sergeant,wsergeant3y@mail.ru,Female,Belarus,1995/07/17
144,Tedmund,Landrick,tlandrick3z@paypal.com,Male,Japan,1966/01/07
145,Gwenni,Hackleton,ghackleton40@auda.org.au,Female,Brazil,1971/06/23
146,Debi,Enos,denos41@miitbeian.gov.cn,Female,Latvia,1985/11/11
147,Elvira,Phayre,ephayre42@oakley.com,Female,Indonesia,1973/03/11
148,Newton,Seiller,nseiller43@wired.com,Male,Honduras,1985/05/24
149,Odille,Drinkhall,odrinkhall44@typepad.com,Female,Morocco,1979/09/23
150,Inger,Turpey,iturpey45@ameblo.jp,Male,Indonesia,1980/07/29
151,Hyacinthie,Tourville,htourville46@dion.ne.jp,Female,Indonesia,1995/07/15
152,Gale,Growden,ggrowden47@accuweather.com,Male,Czech Republic,1988/01/17
153,Chane,Vellacott,cvellacott48@ebay.com,Genderfluid,Brazil,1966/07/27
154,Brier,Kofax,bkofax49@slashdot.org,Genderfluid,Brazil,1956/11/14
155,Stephenie,Coppin,scoppin4a@earthlink.net,Female,Fiji,1993/06/15
156,Kippar,Carnelley,kcarnelley4b@wikispaces.com,Male,Honduras,1974/02/18
157,Clarie,Treleven,ctreleven4c@reuters.com,Female,Philippines,1992/06/18
158,Suki,Mateos,smateos4d@facebook.com,Female,Japan,1951/07/21
159,Rorie,Holdron,rholdron4e@hugedomains.com,Female,Philippines,1967/05/04
160,Gelya,McComb,gmccomb4f@examiner.com,Female,China,1974/10/15
161,Latia,Joselevitz,ljoselevitz4g@dagondesign.com,Female,Poland,1972/12/16
162,Milli,Temprell,mtemprell4h@theguardian.com,Female,Canada,1969/04/25
163,Kris,Rosenau,krosenau4i@techcrunch.com,Female,Azerbaijan,1998/09/23
164,Dora,Brogden,dbrogden4j@sphinn.com,Female,United Kingdom,2000/09/27
165,Mill,Giddings,mgiddings4k@jigsy.com,Male,Indonesia,1952/10/05
166,Nikolia,Thewlis,nthewlis4l@comsenz.com,Female,China,1996/01/22
167,Elfreda,Deport,edeport4m@blogspot.com,Female,Poland,1973/01/31
168,Chic,Taplin,ctaplin4n@woothemes.com,Agender,Azerbaijan,1966/01/28
169,Brocky,Boow,bboow4o@geocities.jp,Bigender,China,1956/08/01
170,Albert,Lafoy,alafoy4p@tumblr.com,Polygender,Norway,1985/05/04
171,Tades,O'Teague,toteague4q@redcross.org,Male,South Africa,1963/10/27
172,Colman,Gilardoni,cgilardoni4r@google.it,Male,Philippines,1970/03/18
173,Sisely,McGillreich,smcgillreich4s@myspace.com,Genderfluid,Mexico,1989/04/03
174,Orv,Killbey,okillbey4t@imdb.com,Male,Tanzania,1987/07/14
175,Salomo,Wrankling,swrankling4u@purevolume.com,Agender,Czech Republic,1980/02/13
176,Hayley,Kellen,hkellen4v@ask.com,Female,Lithuania,1978/08/19
177,Cris,Bergeau,cbergeau4w@who.int,Male,China,1994/07/12
178,Griff,Abrahamson,gabrahamson4x@yellowpages.com,Male,Sweden,1986/07/18
179,Dagny,Labon,dlabon4y@foxnews.com,Male,China,1993/01/13
180,Colet,Chevers,cchevers4z@wsj.com,Male,Russia,2000/02/06
181,Thorpe,Orknay,torknay50@cbslocal.com,Male,China,1970/11/12
182,Elsi,Gatch,egatch51@engadget.com,Genderfluid,Dominican Republic,1977/09/06
183,Nesta,Cominetti,ncominetti52@bloglovin.com,Female,France,1952/11/19
184,Koressa,Mordey,kmordey53@parallels.com,Female,Sweden,1964/10/14
185,Tracie,Rate,trate54@slate.com,Male,North Korea,1951/03/05
186,Gery,Hannaway,ghannaway55@printfriendly.com,Male,Czech Republic,1970/08/23
187,Benedict,Bridgens,bbridgens56@ft.com,Male,Canada,1986/12/19
188,Chevalier,Cancutt,ccancutt57@tinyurl.com,Male,Indonesia,1962/12/07
189,Saunderson,Mazzey,smazzey58@walmart.com,Male,Indonesia,1957/10/23
190,Saidee,Jezard,sjezard59@mysql.com,Female,China,1970/01/03
191,Shelagh,Hatherley,shatherley5a@github.com,Female,Chile,1999/03/29
192,Adelaida,Jachimczak,ajachimczak5b@umn.edu,Female,Morocco,1989/05/12
193,Fairlie,Balfre,fbalfre5c@msu.edu,Male,Philippines,1975/07/05
194,Kass,Gantlett,kgantlett5d@flavors.me,Female,Poland,1974/02/21
195,Bax,Obispo,bobispo5e@xing.com,Male,China,1982/04/13
196,Cammy,Atrill,catrill5f@squidoo.com,Genderqueer,Cyprus,1979/11/18
197,Lynn,Norcutt,lnorcutt5g@usa.gov,Male,Portugal,1977/08/03
198,Sigmund,Ilyinski,silyinski5h@wufoo.com,Male,Cameroon,1971/11/03
199,Forster,Somersett,fsomersett5i@alexa.com,Male,Portugal,1995/08/20
200,Anabel,Goudge,agoudge5j@plala.or.jp,Female,Cuba,1978/06/17
201,Francisco,Zottoli,fzottoli5k@google.co.uk,Agender,Indonesia,1955/12/27
202,Jobey,MacParlan,jmacparlan5l@webs.com,Female,Argentina,1951/11/24
203,Diannne,Catterall,dcatterall5m@netscape.com,Female,Portugal,1972/05/15
204,Brenden,Bisgrove,bbisgrove5n@craigslist.org,Male,Philippines,1955/09/06
205,Gusella,Itzak,gitzak5o@macromedia.com,Genderqueer,Czech Republic,1995/06/16
206,Blinny,Suero,bsuero5p@yolasite.com,Female,China,1959/09/15
207,Nev,McArthur,nmcarthur5q@ed.gov,Male,Norway,1958/09/02
208,Mikel,Stubbington,mstubbington5r@soup.io,Male,Canada,1973/09/24
209,Ottilie,Patrono,opatrono5s@china.com.cn,Female,Colombia,1988/04/16
210,Edith,Mountfort,emountfort5t@barnesandnoble.com,Female,Mongolia,1986/04/22
211,Nessy,Ianelli,nianelli5u@uol.com.br,Female,Thailand,1970/11/12
212,Fons,Simenot,fsimenot5v@msu.edu,Male,Czech Republic,1996/04/22
213,Eli,Mill,emill5w@uiuc.edu,Male,Cuba,1953/08/26
214,Pacorro,Sheard,psheard5x@businessinsider.com,Male,Philippines,1981/02/13
215,Caitlin,Hellin,chellin5y@go.com,Female,Brazil,1970/11/04
216,Dorita,Mitham,dmitham5z@usnews.com,Female,Indonesia,1961/07/14
217,Cornall,Wynrehame,cwynrehame60@craigslist.org,Male,Poland,1973/06/05
218,Jan,Laurenson,jlaurenson61@amazon.com,Male,Slovenia,1971/01/11
219,Oswald,Pargeter,opargeter62@mac.com,Male,Bosnia and Herzegovina,1987/04/12
220,Gaye,Nanson,gnanson63@comcast.net,Agender,Czech Republic,1952/03/29
221,Georgetta,Vickerman,gvickerman64@smh.com.au,Female,Indonesia,1971/05/04
222,Vassili,Kliement,vkliement65@mapy.cz,Male,Mongolia,1978/12/01
223,Dew,Quiddihy,dquiddihy66@wordpress.org,Male,China,1962/01/02
224,Allin,Rosenschein,arosenschein67@mlb.com,Male,Brazil,1975/08/10
225,Mile,Olorenshaw,molorenshaw68@marriott.com,Male,Brazil,1958/05/05
226,Denny,Summerson,dsummerson69@typepad.com,Female,China,1968/02/13
227,Adamo,Gwyllt,agwyllt6a@moonfruit.com,Male,France,1951/08/08
228,Carroll,Fumagallo,cfumagallo6b@xinhuanet.com,Genderqueer,Kazakhstan,1992/08/17
229,Misha,McLeese,mmcleese6c@friendfeed.com,Female,Albania,1968/04/17
230,Lise,Craine,lcraine6d@cafepress.com,Female,China,1993/03/28
231,Riobard,Finneran,rfinneran6e@geocities.jp,Male,Chile,1965/06/06
232,Marvin,Piel,mpiel6f@multiply.com,Male,Indonesia,1963/09/20
233,Hermy,Bussens,hbussens6g@phoca.cz,Male,China,1990/10/14
234,Freemon,Tackle,ftackle6h@statcounter.com,Male,Philippines,1968/03/13
235,Rivkah,MacAlpin,rmacalpin6i@comcast.net,Female,Bolivia,1983/06/15
236,Patrizius,O' Neligan,poneligan6j@jiathis.com,Male,Ireland,1971/02/11
237,Cinnamon,Skipping,cskipping6k@myspace.com,Non-binary,Vietnam,1956/05/30
238,Emmet,Pettet,epettet6l@dot.gov,Male,Argentina,1953/08/18
239,Jayme,Sturley,jsturley6m@tmall.com,Female,Philippines,1999/07/09
240,Neale,Smartman,nsmartman6n@uiuc.edu,Male,Sweden,1986/01/28
241,Gisela,Thain,gthain6o@qq.com,Female,Mexico,1980/08/10
242,Tamarah,Ivison,tivison6p@telegraph.co.uk,Female,Israel,1955/09/25
243,Clarette,Sexon,csexon6q@nyu.edu,Female,France,1980/12/14
244,Brande,Fairs,bfairs6r@berkeley.edu,Female,China,1955/11/22
245,Ruy,Dallosso,rdallosso6s@forbes.com,Male,Poland,1985/10/04
246,Janella,Odger,jodger6t@mtv.com,Bigender,United States,1985/03/03
247,Clementina,Runciman,crunciman6u@etsy.com,Female,Honduras,1953/10/04
248,Karlik,Poad,kpoad6v@pen.io,Male,Brazil,1978/10/29
249,Sophi,Donke,sdonke6w@fotki.com,Female,Lithuania,1976/06/10
250,Ulises,Malley,umalley6x@zimbio.com,Male,Philippines,1957/12/12
251,Shoshanna,Bau,sbau6y@t.co,Female,Indonesia,1955/04/26
252,Mikaela,Braker,mbraker6z@businessweek.com,Female,China,1965/03/13
253,Phil,Venner,pvenner70@java.com,Female,Portugal,1992/03/15
254,Anestassia,Pifford,apifford71@t.co,Female,Libya,1970/08/29
255,Noelyn,Dreakin,ndreakin72@360.cn,Female,Nigeria,1983/04/23
256,Wheeler,Beau,wbeau73@prweb.com,Polygender,Japan,1962/08/23
257,Putnem,Jowle,pjowle74@aboutads.info,Male,Indonesia,1993/12/22
258,Boot,Coye,bcoye75@list-manage.com,Male,China,1989/09/02
259,Nessie,Barneville,nbarneville76@mail.ru,Female,Brazil,1966/12/29
260,Davis,Hoyles,dhoyles77@is.gd,Male,Afghanistan,1979/01/16
261,Gwenny,Burbury,gburbury78@mysql.com,Female,Belize,1952/07/02
262,Ewell,Mingaye,emingaye79@photobucket.com,Male,Mexico,1955/10/02
263,Sandy,Maylour,smaylour7a@reverbnation.com,Male,Czech Republic,1996/02/04
264,Dionis,Nanetti,dnanetti7b@examiner.com,Female,Sweden,1992/04/09
265,Errol,Nettleship,enettleship7c@wufoo.com,Non-binary,Indonesia,1982/10/16
266,Gardie,Durrand,gdurrand7d@barnesandnoble.com,Male,Peru,1985/04/29
267,Fred,Duckfield,fduckfield7e@photobucket.com,Female,Sweden,1977/06/30
268,Jackson,Dreghorn,jdreghorn7f@yellowbook.com,Male,Russia,1954/05/28
269,Tova,Juschka,tjuschka7g@barnesandnoble.com,Female,Poland,1951/06/11
270,Lynelle,Ealam,lealam7h@sohu.com,Female,Mongolia,1982/12/09
271,Ignacio,Style,istyle7i@ucoz.com,Agender,Brazil,1992/07/11
272,Maurise,Ghiriardelli,mghiriardelli7j@wired.com,Male,China,1985/08/17
273,Andrus,Plaistowe,aplaistowe7k@usgs.gov,Male,Thailand,1966/05/18
274,Adolph,Remmer,aremmer7l@plala.or.jp,Male,China,1993/01/31
275,Anni,Congram,acongram7m@mediafire.com,Female,Czech Republic,1997/07/01
276,Cherri,Cottem,ccottem7n@epa.gov,Female,Sri Lanka,1989/09/03
277,Yelena,Alennikov,yalennikov7o@phoca.cz,Female,Sweden,1963/06/21
278,Caresse,Deely,cdeely7p@reverbnation.com,Female,Oman,1953/07/25
279,Chan,Piel,cpiel7q@apache.org,Male,Armenia,1982/03/10
280,Julietta,Speek,jspeek7r@fastcompany.com,Female,South Korea,1991/06/16
281,Russ,Tzarkov,rtzarkov7s@linkedin.com,Male,Indonesia,1994/09/01
282,Lanette,Mc Ilwrick,lmcilwrick7t@vkontakte.ru,Female,China,1998/12/12
283,Micki,Bridgett,mbridgett7u@naver.com,Female,Haiti,1956/07/29
284,Alphonse,Hedlestone,ahedlestone7v@home.pl,Male,Denmark,1975/10/27
285,Donetta,Buterton,dbuterton7w@cafepress.com,Female,Moldova,1977/08/21
286,Dorey,Darkins,ddarkins7x@yahoo.co.jp,Male,Russia,1987/11/25
287,Angy,Brellin,abrellin7y@google.it,Female,Russia,1965/10/03
288,Anjanette,Dafter,adafter7z@narod.ru,Female,Russia,1952/09/29
289,Christiana,Basnett,cbasnett80@google.pl,Female,France,1990/01/03
290,Elissa,Stenton,estenton81@washingtonpost.com,Female,China,1996/09/17
291,Regina,Meuse,rmeuse82@fastcompany.com,Female,Indonesia,1951/07/16
292,Jaquelin,Denisevich,jdenisevich83@home.pl,Female,China,1973/02/15
293,Isiahi,Meysham,imeysham84@nymag.com,Agender,Philippines,1983/07/04
294,Kristos,Dyde,kdyde85@nhs.uk,Male,China,1971/11/22
295,Dehlia,Josey,djosey86@smh.com.au,Female,Mexico,1965/03/07
296,Aile,Tothacot,atothacot87@qq.com,Female,Russia,1958/10/22
297,Bunnie,Hearson,bhearson88@360.cn,Female,Philippines,1963/12/21
298,Bary,Pratte,bpratte89@cafepress.com,Male,Malaysia,1985/09/29
299,Brinn,MacTague,bmactague8a@istockphoto.com,Female,China,1981/06/30
300,Rebeka,Biggs,rbiggs8b@fastcompany.com,Female,China,1952/04/30
301,Trefor,McCaughren,tmccaughren8c@prlog.org,Male,Egypt,1979/01/23
302,Brade,Bellanger,bbellanger8d@independent.co.uk,Male,Poland,1970/05/12
303,Ailey,Merriman,amerriman8e@berkeley.edu,Female,Colombia,1995/11/05
304,Bevan,Kermath,bkermath8f@csmonitor.com,Male,Brazil,1997/07/25
305,Townie,Silberschatz,tsilberschatz8g@utexas.edu,Male,Iran,1966/02/06
306,Althea,Kilmartin,akilmartin8h@discuz.net,Female,Brazil,1958/09/25
307,Vaughn,Reardon,vreardon8i@fotki.com,Male,China,1964/04/14
308,Annis,Dubble,adubble8j@reddit.com,Female,Mongolia,1991/12/10
309,Thor,Phizackerly,tphizackerly8k@sakura.ne.jp,Male,Ukraine,1963/01/16
310,Franky,Mongin,fmongin8l@linkedin.com,Agender,Portugal,1988/01/02
311,Tish,Dorset,tdorset8m@stumbleupon.com,Female,Greece,1959/09/14
312,Marlena,Stillert,mstillert8n@g.co,Female,Philippines,1991/11/04
313,Lancelot,Gayter,lgayter8o@cdc.gov,Male,Russia,1990/09/13
314,Agustin,Whitmarsh,awhitmarsh8p@prnewswire.com,Male,Nigeria,1988/05/14
315,Florencia,Cancutt,fcancutt8q@live.com,Female,Spain,1992/09/26
316,Ginnifer,Jovasevic,gjovasevic8r@nifty.com,Female,Russia,1956/10/06
317,Sibylla,Haker,shaker8s@tmall.com,Female,Brazil,1953/08/23
318,Bethina,Mottinelli,bmottinelli8t@cdc.gov,Non-binary,China,1968/04/21
319,Tracie,Reveland,treveland8u@google.pl,Male,Indonesia,1968/12/03
320,Marysa,Rodden,mrodden8v@phoca.cz,Female,Japan,1971/10/19
321,Augustus,Peterken,apeterken8w@admin.ch,Bigender,Indonesia,1985/12/15
322,Daffy,Dumper,ddumper8x@flickr.com,Female,Philippines,1992/08/13
323,Albrecht,Mushett,amushett8y@washington.edu,Male,China,1972/08/05
324,Tobi,Geist,tgeist8z@360.cn,Genderqueer,China,1976/09/14
325,Myriam,Minton,mminton90@qq.com,Female,China,1976/01/18
326,Sibley,Dowgill,sdowgill91@parallels.com,Genderqueer,Indonesia,1989/04/29
327,Patten,Bedow,pbedow92@istockphoto.com,Male,Finland,1989/11/19
328,Warren,Scorrer,wscorrer93@zimbio.com,Male,Philippines,1972/11/07
329,Homer,Edes,hedes94@reddit.com,Male,Poland,1953/06/01
330,Bernarr,Orme,borme95@toplist.cz,Male,Brazil,1986/01/31
331,Valma,Gladbach,vgladbach96@freewebs.com,Female,Honduras,1963/04/09
332,Merwin,MacCracken,mmaccracken97@free.fr,Male,Macedonia,1962/05/06
333,York,Pritchard,ypritchard98@latimes.com,Male,China,1957/01/12
334,Armando,Ketchaside,aketchaside99@wunderground.com,Male,Peru,1978/01/27
335,Elnore,Rollitt,erollitt9a@unblog.fr,Female,Brazil,2000/03/28
336,Aaron,Baptista,abaptista9b@samsung.com,Male,Ukraine,1999/08/03
337,Andi,Warwick,awarwick9c@so-net.ne.jp,Female,Czech Republic,1981/10/05
338,Hilliard,Magne,hmagne9d@rakuten.co.jp,Male,Spain,1991/02/17
339,Dominik,Cooling,dcooling9e@unicef.org,Male,China,1987/08/08
340,Fabio,Bus,fbus9f@thetimes.co.uk,Male,China,1962/12/24
341,Rianon,Cornew,rcornew9g@jalbum.net,Female,Peru,1961/05/29
342,Bradan,Skotcher,bskotcher9h@home.pl,Male,South Korea,1998/12/24
343,Brittani,McCumskay,bmccumskay9i@psu.edu,Female,Argentina,1964/04/05
344,Coop,Pedroni,cpedroni9j@hud.gov,Male,Syria,1962/01/17
345,Sherrie,Yoakley,syoakley9k@virginia.edu,Female,Ecuador,1980/07/01
346,Addia,Spencers,aspencers9l@princeton.edu,Female,Greece,1957/09/22
347,Artemis,Pool,apool9m@reverbnation.com,Non-binary,Honduras,1964/08/18
348,Lurette,Glazzard,lglazzard9n@nih.gov,Female,Russia,1981/03/19
349,Caddric,Damiral,cdamiral9o@bluehost.com,Male,Indonesia,1971/12/23
350,Zelig,Joao,zjoao9p@google.co.uk,Male,Vietnam,1974/07/11
351,Cahra,Nibley,cnibley9q@tripadvisor.com,Female,Thailand,1992/06/20
352,Hi,Livings,hlivings9r@economist.com,Male,Ethiopia,1959/11/09
353,Penrod,Purser,ppurser9s@wikipedia.org,Male,Indonesia,1996/12/30
354,Wylma,Jagielski,wjagielski9t@wiley.com,Non-binary,Eritrea,1968/08/30
355,Nevsa,Lamborne,nlamborne9u@umn.edu,Agender,Kazakhstan,1951/12/26
356,Mordy,Orsi,morsi9v@sogou.com,Male,Norway,2000/08/17
357,Karmen,Maleck,kmaleck9w@newyorker.com,Female,Russia,1972/07/07
358,Frank,Sherman,fsherman9x@sphinn.com,Female,Macedonia,1995/12/18
359,Pamella,Byars,pbyars9y@sphinn.com,Female,Cyprus,1976/02/05
360,Woodie,Handslip,whandslip9z@delicious.com,Male,Bosnia and Herzegovina,1980/06/29
361,Fredrick,Tubridy,ftubridya0@wikipedia.org,Male,Saint Vincent and the Grenadines,1999/04/26
362,Marjorie,Hewlings,mhewlingsa1@google.ru,Polygender,China,1983/04/29
363,Colby,Losselyong,closselyonga2@histats.com,Male,Thailand,1990/09/30
364,Frederik,Friedlos,ffriedlosa3@admin.ch,Male,Poland,1992/06/20
365,Lyndsie,Kencott,lkencotta4@microsoft.com,Female,China,1988/02/10
366,Sidonia,Dwane,sdwanea5@google.com,Female,Indonesia,1999/08/17
367,Scarface,Weavers,sweaversa6@pbs.org,Male,China,1980/06/08
368,Morganne,Beel,mbeela7@devhub.com,Female,Indonesia,1993/11/24
369,Sax,Upham,suphama8@sourceforge.net,Male,Netherlands,1974/10/01
370,Ingrid,Vickerstaff,ivickerstaffa9@51.la,Female,Tanzania,1977/09/08
371,Stefano,Sandom,ssandomaa@mayoclinic.com,Genderfluid,Japan,1962/08/30
372,Dall,Spybey,dspybeyab@yellowbook.com,Genderqueer,China,1989/02/01
373,Ferne,Trustram,ftrustramac@eventbrite.com,Female,Canada,1976/07/09
374,Adelle,L'Hommeau,alhommeauad@jiathis.com,Female,China,1982/12/18
375,Lena,Di Baudi,ldibaudiae@blogs.com,Female,China,1973/01/26
376,Dyan,Tongs,dtongsaf@netvibes.com,Bigender,Palestinian Territory,2000/01/11
377,Ammamaria,Lourenco,alourencoag@unesco.org,Female,Greece,1981/05/13
378,Cyrillus,Westphalen,cwestphalenah@lycos.com,Male,Argentina,1999/06/22
379,Elke,Derrington,ederringtonai@weibo.com,Female,Indonesia,1985/07/14
380,Charlton,Chauvey,cchauveyaj@drupal.org,Male,Ecuador,1966/08/19
381,Dalenna,Bunyard,dbunyardak@virginia.edu,Female,Colombia,1970/05/27
382,Perkin,Monkleigh,pmonkleighal@delicious.com,Male,Afghanistan,1989/03/15
383,Alfred,Morritt,amorrittam@icio.us,Male,Indonesia,1964/07/25
384,Augie,Filyukov,afilyukovan@wp.com,Male,Portugal,1993/12/01
385,Montague,Loughrey,mloughreyao@dailymotion.com,Male,Philippines,1953/12/28
386,Alvera,Coldrick,acoldrickap@yale.edu,Female,Russia,1964/09/24
387,Ad,Tombleson,atomblesonaq@xing.com,Male,Russia,1964/01/24
388,Torey,MacDowall,tmacdowallar@tuttocitta.it,Female,China,1967/11/23
389,Hildagarde,Obee,hobeeas@amazon.co.jp,Female,Sweden,1994/04/14
390,Sibbie,Goldman,sgoldmanat@globo.com,Female,China,1984/03/30
391,Bibby,Simone,bsimoneau@fema.gov,Female,Uganda,1968/02/26
392,Leigha,Fosserd,lfosserdav@imageshack.us,Female,Russia,1957/09/07
393,Wally,Macilhench,wmacilhenchaw@acquirethisname.com,Male,Indonesia,1957/11/25
394,Anni,Eliez,aeliezax@quantcast.com,Female,China,1976/12/04
395,Payton,Tomson,ptomsonay@state.gov,Male,Argentina,1954/01/03
396,Kyla,Rozea,krozeaaz@sitemeter.com,Female,Venezuela,1956/01/02
397,Luce,Lawrenson,llawrensonb0@businessinsider.com,Male,Russia,1960/02/15
398,Magdalena,Ferdinand,mferdinandb1@ucsd.edu,Female,Honduras,1961/04/14
399,Ollie,Stockney,ostockneyb2@google.nl,Male,Spain,1951/05/10
400,Gonzalo,Murty,gmurtyb3@toplist.cz,Male,China,1964/01/16
401,Eliot,Cockerton,ecockertonb4@jiathis.com,Male,Morocco,1954/12/01
402,Gael,Clarycott,gclarycottb5@salon.com,Male,Indonesia,1997/07/26
403,Malory,Ewart,mewartb6@latimes.com,Female,United States,1962/12/26
404,Rancell,Milsom,rmilsomb7@sourceforge.net,Male,China,1992/07/08
405,Tobi,Shoubridge,tshoubridgeb8@cloudflare.com,Female,Indonesia,1961/08/07
406,Isahella,Totterdill,itotterdillb9@skyrock.com,Female,Pakistan,1986/01/28
407,Jessee,Ellse,jellseba@digg.com,Male,North Korea,1961/06/13
408,Noelani,Hemphall,nhemphallbb@simplemachines.org,Female,Russia,1958/12/14
409,Dennis,Izzard,dizzardbc@cnn.com,Male,China,1982/05/21
410,Amaleta,Gaveltone,agaveltonebd@pinterest.com,Genderfluid,Ivory Coast,1984/04/20
411,Berkie,Macura,bmacurabe@google.co.uk,Male,Greece,1984/05/05
412,Rafaello,Rawsen,rrawsenbf@bandcamp.com,Male,Philippines,1971/12/21
413,Carma,Gittis,cgittisbg@ebay.co.uk,Female,Yemen,1956/07/12
414,Cilka,Moreland,cmorelandbh@narod.ru,Female,China,1984/09/02
415,Feliks,Pinnock,fpinnockbi@marriott.com,Male,Indonesia,1960/07/30
416,Leonidas,Huitt,lhuittbj@msn.com,Male,Indonesia,1991/01/15
417,Robin,Ciccone,rcicconebk@stumbleupon.com,Male,Peru,1976/08/17
418,Ericka,O'Ruane,eoruanebl@ameblo.jp,Female,Tajikistan,1955/01/16
419,Sharity,Plett,splettbm@163.com,Non-binary,China,1968/06/07
420,Andros,Neubigin,aneubiginbn@kickstarter.com,Male,Colombia,1970/01/10
421,Donn,McCuffie,dmccuffiebo@oracle.com,Male,South Korea,1982/06/23
422,Mycah,Raigatt,mraigattbp@blogtalkradio.com,Male,Lithuania,1999/11/16
423,Kevina,Dymocke,kdymockebq@smh.com.au,Non-binary,United States,1991/02/06
424,Rubina,Hearty,rheartybr@chicagotribune.com,Female,Syria,1982/06/12
425,Ansell,McNair,amcnairbs@ehow.com,Male,France,2000/07/14
426,Elisha,Frotton,efrottonbt@elegantthemes.com,Genderqueer,Indonesia,1959/02/07
427,Shermie,D'Ruel,sdruelbu@gnu.org,Male,Kazakhstan,1957/10/04
428,Elnora,Clausson,eclaussonbv@hp.com,Genderqueer,China,1987/02/16
429,Ludwig,Cornock,lcornockbw@youku.com,Male,Portugal,1963/10/21
430,Prentice,Stainton - Skinn,pstaintonskinnbx@whitehouse.gov,Male,Indonesia,1985/12/13
431,Ddene,Goggin,dgogginby@sourceforge.net,Non-binary,Venezuela,1997/03/23
432,Gerianne,Lambersen,glambersenbz@yolasite.com,Female,Russia,1966/01/29
433,Gunar,O'Hegertie,gohegertiec0@bloomberg.com,Male,China,1987/12/06
434,Maybelle,Campelli,mcampellic1@omniture.com,Female,France,1960/04/10
435,Wittie,Tuley,wtuleyc2@opera.com,Male,El Salvador,1985/11/18
436,Keir,Ellard,kellardc3@earthlink.net,Male,Ivory Coast,1993/05/28
437,Kylen,Venables,kvenablesc4@uiuc.edu,Female,Russia,1977/10/20
438,Nikoletta,Howerd,nhowerdc5@toplist.cz,Female,Philippines,1959/09/28
439,Reeva,Fleury,rfleuryc6@mozilla.org,Female,Indonesia,1983/04/07
440,Ricca,Londing,rlondingc7@gravatar.com,Female,Brazil,1976/12/15
441,Stephine,Rubra,srubrac8@census.gov,Female,Georgia,1981/01/18
442,Annmaria,Girdlestone,agirdlestonec9@prnewswire.com,Female,Democratic Republic of the Congo,1998/05/14
443,Claus,Bolstridge,cbolstridgeca@nationalgeographic.com,Male,China,1953/06/24
444,Rosemaria,Harrington,rharringtoncb@altervista.org,Female,Bangladesh,1958/01/07
445,Chariot,Gunny,cgunnycc@kickstarter.com,Male,Greece,1971/12/17
446,Lanita,Spollen,lspollencd@umich.edu,Female,Nigeria,1988/06/24
447,Kynthia,Chasles,kchaslesce@mac.com,Female,Venezuela,1983/11/01
448,Halley,Gravener,hgravenercf@who.int,Female,Yemen,1959/06/01
449,Barney,MacGettigen,bmacgettigencg@naver.com,Male,Saudi Arabia,1983/05/16
450,Xavier,Woolbrook,xwoolbrookch@last.fm,Male,Panama,1979/03/04
451,Debee,Janssens,djanssensci@answers.com,Female,Tunisia,1958/10/09
452,Lem,Horley,lhorleycj@deviantart.com,Male,Portugal,1967/12/15
453,Haley,Lackey,hlackeyck@google.cn,Male,Poland,1983/01/02
454,Lynna,Webby,lwebbycl@sun.com,Female,Belarus,1970/01/24
455,Ashlen,Chaplain,achaplaincm@posterous.com,Female,Georgia,1999/11/29
456,Crissy,Rothert,crothertcn@github.com,Female,France,1957/03/10
457,Shea,Wallbank,swallbankco@skyrock.com,Female,Kiribati,1974/08/04
458,Tammara,Gabbotts,tgabbottscp@desdev.cn,Polygender,Yemen,1977/07/18
459,Juanita,Blackham,jblackhamcq@hostgator.com,Female,Poland,1998/07/23
460,Henry,Segar,hsegarcr@hp.com,Agender,Denmark,1984/08/24
461,Mufinella,Robez,mrobezcs@zdnet.com,Female,Armenia,1973/12/21
462,Kristina,De Ambrosi,kdeambrosict@timesonline.co.uk,Agender,China,1981/05/05
463,Henriette,Ottewill,hottewillcu@nytimes.com,Female,China,1992/01/16
464,Hali,Hanley,hhanleycv@hp.com,Female,Philippines,1965/03/15
465,Reynard,Kenton,rkentoncw@jugem.jp,Male,Democratic Republic of the Congo,1970/05/08
466,Maybelle,Tennewell,mtennewellcx@sbwire.com,Female,China,1959/01/26
467,Dougy,Ganiclef,dganiclefcy@phoca.cz,Male,Indonesia,1999/09/22
468,Sonny,Gooly,sgoolycz@wordpress.com,Female,Pakistan,1975/01/14
469,Lane,Grierson,lgriersond0@imgur.com,Female,Sweden,1972/01/13
470,Gael,Cosby,gcosbyd1@livejournal.com,Male,United States,1954/09/03
471,Ardisj,Jefferd,ajefferdd2@linkedin.com,Agender,Nigeria,1959/01/29
472,Berry,Dubock,bdubockd3@amazon.co.jp,Female,China,1970/09/26
473,Flossie,Snelgar,fsnelgard4@businessinsider.com,Female,Russia,1984/12/07
474,Hinda,Liverseege,hliverseeged5@adobe.com,Female,Philippines,1972/07/17
475,Ricca,Marvel,rmarveld6@fema.gov,Female,Tanzania,1975/11/11
476,Kelcey,Le Grove,klegroved7@g.co,Bigender,Russia,1970/05/18
477,Maddie,Curless,mcurlessd8@bloglines.com,Male,China,1980/04/21
478,Morse,Shorter,mshorterd9@geocities.jp,Male,China,1986/04/09
479,Albina,Dun,adunda@fda.gov,Female,China,1967/09/10
480,Sonni,Hillborne,shillbornedb@chron.com,Female,Greece,1977/03/31
481,Mord,Charnick,mcharnickdc@reuters.com,Male,Indonesia,1968/12/17
482,Derrick,Vannuchi,dvannuchidd@naver.com,Male,China,1997/10/16
483,Peirce,Treadger,ptreadgerde@hugedomains.com,Male,France,1992/01/24
484,Sigismund,Mathews,smathewsdf@webmd.com,Male,China,1981/08/11
485,Jodi,Boanas,jboanasdg@umn.edu,Male,Philippines,1998/05/12
486,Shell,Filby,sfilbydh@toplist.cz,Male,Jamaica,1965/12/23
487,Alvin,Kenna,akennadi@printfriendly.com,Male,Norway,1965/06/08
488,Deane,Satterlee,dsatterleedj@pen.io,Male,Russia,1986/06/05
489,Sherlock,Botcherby,sbotcherbydk@histats.com,Male,Pakistan,1988/12/05
490,Tamma,Bridger,tbridgerdl@163.com,Female,Norway,1995/04/15
491,Chantal,Lillywhite,clillywhitedm@yelp.com,Female,Philippines,1974/09/14
492,Shandra,MacAindreis,smacaindreisdn@un.org,Female,Russia,1988/12/30
493,Lyndsay,Narbett,lnarbettdo@alibaba.com,Female,Argentina,1959/05/10
494,Roosevelt,Sycamore,rsycamoredp@over-blog.com,Bigender,Russia,1997/12/18
495,Elsa,Bourgour,ebourgourdq@yellowbook.com,Female,Indonesia,1990/09/28
496,Clarette,Bernardoni,cbernardonidr@ucla.edu,Female,Indonesia,1990/03/10
497,Sheri,Yashanov,syashanovds@mac.com,Female,China,2000/03/23
498,Erica,Robertis,erobertisdt@nps.gov,Non-binary,France,1954/01/10
499,Meris,O'Mahoney,momahoneydu@state.tx.us,Agender,China,1955/09/21
500,Maye,Monckman,mmonckmandv@yellowbook.com,Female,China,1991/02/13
501,Mina,Alesio,malesiodw@xrea.com,Female,Cuba,1980/06/10
502,Damiano,Leyden,dleydendx@youku.com,Bigender,China,1992/07/08
503,Denny,Rosentholer,drosentholerdy@last.fm,Female,China,1956/03/18
504,Donna,Dunbobbin,ddunbobbindz@ezinearticles.com,Non-binary,Nepal,1965/01/14
505,Reginald,Blenkinship,rblenkinshipe0@studiopress.com,Male,Peru,1998/05/19
506,Cleopatra,Linkleter,clinkletere1@time.com,Female,Peru,1956/07/02
507,Christoforo,Meagh,cmeaghe2@prlog.org,Male,Mozambique,1979/04/07
508,Judd,Bagehot,jbagehote3@blogtalkradio.com,Male,Guinea-Bissau,1961/01/11
509,Tybalt,Anker,tankere4@who.int,Male,Bhutan,1961/01/16
510,Englebert,Bergeau,ebergeaue5@cam.ac.uk,Male,Indonesia,1971/02/11
511,Rance,Pursey,rpurseye6@prweb.com,Male,Brazil,1956/06/18
512,Deny,Kleinbaum,dkleinbaume7@booking.com,Female,Indonesia,1983/01/24
513,Diannne,Jeratt,djeratte8@wisc.edu,Female,Madagascar,1976/02/21
514,Devon,Felmingham,dfelminghame9@google.com.hk,Female,Armenia,1959/12/30
515,Thaxter,Rawsthorne,trawsthorneea@csmonitor.com,Male,China,1997/06/16
516,Katharyn,Kear,kkeareb@ocn.ne.jp,Female,Thailand,1975/09/14
517,Jessamyn,Goodbar,jgoodbarec@squidoo.com,Female,Croatia,1979/03/05
518,Sherri,Mackett,smacketted@blogspot.com,Female,Mexico,1974/07/04
519,Letisha,Yoell,lyoellee@nhs.uk,Female,China,1952/03/27
520,Jourdan,Palphreyman,jpalphreymanef@techcrunch.com,Female,Spain,1997/04/01
521,Xever,Tomadoni,xtomadonieg@over-blog.com,Male,Albania,1985/10/11
522,Jay,Brister,jbristereh@flavors.me,Male,Ukraine,1976/10/14
523,Demetrius,Sainsberry,dsainsberryei@mysql.com,Male,Russia,1998/12/09
524,Teddie,Polini,tpoliniej@constantcontact.com,Male,Brazil,1996/08/14
525,Egan,Sleford,eslefordek@wordpress.org,Male,Thailand,1951/08/15
526,Lorianna,Stairs,lstairsel@netlog.com,Female,Indonesia,1954/07/02
527,Jennie,Oloshkin,joloshkinem@blinklist.com,Female,Madagascar,1983/12/02
528,Guido,Claybourne,gclaybourneen@businesswire.com,Male,Philippines,1953/08/05
529,Ephrem,Malshinger,emalshingereo@ning.com,Male,United States,1981/11/18
530,Zara,Fieldsend,zfieldsendep@instagram.com,Female,Colombia,1961/05/13
531,Raffarty,Saffrin,rsaffrineq@zdnet.com,Male,Croatia,1971/10/31
532,Frieda,Sidebotham,fsidebothamer@theguardian.com,Female,China,1973/04/24
533,Adriaens,Widmore,awidmorees@salon.com,Female,Chile,1952/03/26
534,Dionne,Hissie,dhissieet@jigsy.com,Female,Portugal,1967/08/28
535,Jacky,Peto,jpetoeu@un.org,Female,Denmark,1962/04/05
536,Mady,Alderwick,malderwickev@berkeley.edu,Genderqueer,Indonesia,1980/08/15
537,Terrye,Gwinnell,tgwinnellew@yolasite.com,Female,Egypt,1983/12/15
538,Averil,Illidge,aillidgeex@sogou.com,Male,Tanzania,1964/03/07
539,Gawain,Dingsdale,gdingsdaleey@cbsnews.com,Male,Cambodia,1997/10/15
540,Charil,Grunbaum,cgrunbaumez@studiopress.com,Female,Nicaragua,1969/11/23
541,Thacher,Tregunna,ttregunnaf0@moonfruit.com,Male,Bhutan,1962/06/10
542,Oswell,MacCallion,omaccallionf1@elpais.com,Male,Indonesia,1994/11/28
543,Leonanie,Faccini,lfaccinif2@wiley.com,Female,Sweden,1958/01/23
544,Woodman,Murch,wmurchf3@facebook.com,Male,Poland,1993/12/13
545,Hyatt,Ferrucci,hferruccif4@lulu.com,Male,Sweden,1973/07/04
546,Gilbertine,Chaperling,gchaperlingf5@cisco.com,Polygender,Guatemala,1967/01/16
547,Cthrine,Espinoza,cespinozaf6@goodreads.com,Polygender,Mexico,1964/10/16
548,Stanford,Killerby,skillerbyf7@eepurl.com,Male,China,1981/04/11
549,Abbe,Thoumas,athoumasf8@friendfeed.com,Female,Palestinian Territory,1982/01/21
550,Vassily,Geer,vgeerf9@ca.gov,Male,Russia,1964/01/18
551,Abey,Drawmer,adrawmerfa@china.com.cn,Genderfluid,China,1969/05/31
552,Vanda,Biffen,vbiffenfb@1und1.de,Female,Afghanistan,1961/02/06
553,Amabelle,Wimlet,awimletfc@hibu.com,Female,Brazil,1986/06/30
554,Reider,Hardacre,rhardacrefd@bing.com,Male,China,1990/07/17
555,Luelle,Adamoli,ladamolife@mysql.com,Female,Dominican Republic,1979/12/04
556,Mina,Sandwick,msandwickff@shareasale.com,Female,Vietnam,1995/04/22
557,Marcel,Glackin,mglackinfg@deliciousdays.com,Male,Mauritius,1982/02/18
558,Myrna,Rings,mringsfh@hexun.com,Female,United States,1999/10/25
559,Magda,Sicha,msichafi@lycos.com,Female,Indonesia,1965/02/17
560,Preston,Takis,ptakisfj@elegantthemes.com,Male,China,1981/01/30
561,Jud,Lorence,jlorencefk@blinklist.com,Male,Guatemala,1987/07/06
562,Clerc,Wasling,cwaslingfl@studiopress.com,Male,Brazil,1951/05/21
563,Lianne,Pipworth,lpipworthfm@opera.com,Female,Thailand,1961/08/05
564,Ossie,Reap,oreapfn@zimbio.com,Male,Argentina,2000/06/26
565,Angus,Knipe,aknipefo@apple.com,Male,China,1990/03/12
566,Mela,Holdey,mholdeyfp@friendfeed.com,Female,Comoros,1999/03/14
567,Pattie,Bowick,pbowickfq@microsoft.com,Male,Chile,1974/09/19
568,Pooh,Hairsine,phairsinefr@ucsd.edu,Genderfluid,Indonesia,1957/06/16
569,Evyn,Gradon,egradonfs@diigo.com,Male,Philippines,1973/10/15
570,Grantham,Benge,gbengeft@ehow.com,Male,Belarus,1976/07/10
571,Sheba,Linskey,slinskeyfu@smh.com.au,Female,Argentina,1972/06/09
572,Adrian,Dale,adalefv@webmd.com,Male,Peru,1997/07/16
573,Donny,Bedwell,dbedwellfw@nature.com,Male,China,1951/01/13
574,Sheri,Banton,sbantonfx@cdbaby.com,Female,Saudi Arabia,1998/06/27
575,Abbot,Buckell,abuckellfy@goo.gl,Male,Philippines,1965/09/23
576,Bank,MacCumeskey,bmaccumeskeyfz@cmu.edu,Male,Brazil,1980/05/24
577,Taite,Lyfield,tlyfieldg0@vinaora.com,Male,Czech Republic,1961/07/29
578,Eryn,Marzello,emarzellog1@sakura.ne.jp,Female,Honduras,1985/06/05
579,Foss,Dwane,fdwaneg2@washingtonpost.com,Male,Philippines,1997/05/14
580,Barbee,Andreev,bandreevg3@mlb.com,Female,China,1999/04/15
581,Luis,Labet,llabetg4@ning.com,Male,Honduras,1959/07/29
582,Doris,Garritley,dgarritleyg5@eepurl.com,Female,United Kingdom,1999/01/28
583,Aymer,Schwaiger,aschwaigerg6@admin.ch,Male,Kenya,1971/07/19
584,Dorothy,Durtnal,ddurtnalg7@theatlantic.com,Female,Indonesia,1990/07/07
585,Jimmy,Gaskins,jgaskinsg8@macromedia.com,Male,Morocco,1968/01/16
586,Locke,Dunkerley,ldunkerleyg9@ucoz.com,Male,Indonesia,1988/06/12
587,Farley,Michallat,fmichallatga@mlb.com,Bigender,Indonesia,1978/01/03
588,Pedro,Filipczynski,pfilipczynskigb@macromedia.com,Male,Indonesia,1979/07/04
589,Roosevelt,Haverty,rhavertygc@xrea.com,Male,Brazil,1993/08/05
590,Dougie,Hankinson,dhankinsongd@google.it,Non-binary,Luxembourg,1995/01/03
591,Ali,Arbon,aarbonge@sfgate.com,Male,China,1987/08/22
592,Tildy,Sunman,tsunmangf@mac.com,Female,China,1970/12/29
593,Lorelle,Charrett,lcharrettgg@webnode.com,Female,Nigeria,1965/03/28
594,Lea,Deegan,ldeegangh@edublogs.org,Female,Indonesia,1963/12/28
595,Vidovik,McGrill,vmcgrillgi@go.com,Male,Nigeria,1990/09/07
596,Giraud,Sekulla,gsekullagj@w3.org,Male,China,1966/06/23
597,Ambrosio,Redmond,aredmondgk@sakura.ne.jp,Male,Lebanon,1993/11/30
598,Conny,Royste,croystegl@mysql.com,Female,China,1993/02/11
599,Manya,Aslin,maslingm@macromedia.com,Female,Vietnam,2000/05/18
600,Timothea,Sturgis,tsturgisgn@soup.io,Female,Uzbekistan,1993/01/31
601,Cherida,Whibley,cwhibleygo@github.io,Genderqueer,China,1963/03/08
602,Noell,Zavittieri,nzavittierigp@goodreads.com,Female,Indonesia,1961/04/06
603,Madlin,Iacovozzo,miacovozzogq@bluehost.com,Female,Kyrgyzstan,1959/10/30
604,King,Oakenford,koakenfordgr@tripod.com,Bigender,Albania,1965/02/07
605,Theo,Ivanikhin,tivanikhings@parallels.com,Male,Colombia,1957/04/28
606,Stephen,Glaves,sglavesgt@va.gov,Male,Canada,1956/01/07
607,Laina,Fareweather,lfareweathergu@hc360.com,Female,China,1983/12/02
608,Guy,McRitchie,gmcritchiegv@walmart.com,Male,Portugal,1973/12/17
609,Katey,Ghidotti,kghidottigw@bbb.org,Bigender,Nigeria,1990/03/09
610,Eliot,Lilly,elillygx@wunderground.com,Male,Philippines,1976/05/08
611,Cybill,Josefson,cjosefsongy@purevolume.com,Female,Russia,1966/04/09
612,Griffy,Evins,gevinsgz@youtu.be,Male,Poland,1985/03/21
613,Purcell,Naerup,pnaeruph0@51.la,Male,China,1952/03/24
614,Man,Amberger,mambergerh1@cloudflare.com,Male,Ecuador,2000/06/05
615,Rusty,Medd,rmeddh2@buzzfeed.com,Male,Philippines,1969/09/21
616,Nonnah,Schruyers,nschruyersh3@github.com,Genderfluid,Panama,1969/09/12
617,Archambault,Burge,aburgeh4@github.io,Male,Yemen,1991/05/21
618,Natala,Lowrance,nlowranceh5@sfgate.com,Female,Syria,1991/11/09
619,Annora,Mathen,amathenh6@washingtonpost.com,Polygender,Russia,1976/09/27
620,Kirstin,Osgerby,kosgerbyh7@jigsy.com,Female,China,1975/02/08
621,Gavrielle,Corday,gcordayh8@squarespace.com,Female,China,1982/01/29
622,Rosamund,Gutowski,rgutowskih9@newsvine.com,Female,Cameroon,1950/11/06
623,Trenna,Starr,tstarrha@ebay.com,Female,Brazil,2000/03/11
624,Jecho,Clemintoni,jclemintonihb@howstuffworks.com,Male,Albania,1953/07/13
625,Stacee,Breming,sbreminghc@taobao.com,Male,China,1979/11/06
626,Rivy,McVie,rmcviehd@ning.com,Female,Philippines,1977/06/04
627,Florella,Beacom,fbeacomhe@gov.uk,Non-binary,Vietnam,1971/11/01
628,Lise,Wrench,lwrenchhf@jimdo.com,Female,Senegal,1954/07/22
629,Estel,Klinck,eklinckhg@theglobeandmail.com,Female,Slovenia,1994/02/14
630,Orson,Pennuzzi,opennuzzihh@typepad.com,Male,Philippines,1982/06/14
631,Charline,Aisman,caismanhi@nifty.com,Female,Hungary,1956/05/25
632,Lazar,Kloss,lklosshj@state.tx.us,Male,Chile,1993/04/04
633,Morris,Anning,manninghk@hibu.com,Male,China,1965/07/25
634,Lonni,Dominguez,ldominguezhl@state.gov,Female,China,1958/07/29
635,Vachel,Bissiker,vbissikerhm@umn.edu,Male,Indonesia,1977/01/14
636,Ester,Adolthine,eadolthinehn@webeden.co.uk,Female,Canada,1977/11/10
637,Bank,Coulston,bcoulstonho@fc2.com,Male,Philippines,1963/12/31
638,Morse,Jantzen,mjantzenhp@4shared.com,Genderqueer,Philippines,1967/10/28
639,Adeline,Stennings,astenningshq@marketwatch.com,Female,Sweden,1957/06/02
640,Whit,Flux,wfluxhr@multiply.com,Male,Russia,1992/04/16
641,Shea,Pantry,spantryhs@shutterfly.com,Female,China,1971/05/28
642,Ingar,Cardello,icardelloht@ifeng.com,Male,China,1966/05/15
643,Aubrey,Potbury,apotburyhu@google.de,Male,Jamaica,1992/11/26
644,Auguste,Doerrling,adoerrlinghv@narod.ru,Female,Cape Verde,1985/04/05
645,Rahal,Olyet,rolyethw@moonfruit.com,Non-binary,France,1987/06/23
646,Jorge,O'Dougherty,jodoughertyhx@cnbc.com,Male,Russia,1988/07/07
647,Tiff,Mundy,tmundyhy@shutterfly.com,Female,Finland,1950/12/22
648,Berty,Djuricic,bdjuricichz@ustream.tv,Female,Cuba,1971/05/19
649,Thibaud,Pagram,tpagrami0@twitter.com,Male,Brazil,1960/12/12
650,Melody,Gogay,mgogayi1@istockphoto.com,Female,China,1985/02/08
651,Aura,Aldred,aaldredi2@economist.com,Female,Argentina,1998/07/24
652,Bryon,Tallon,btalloni3@hatena.ne.jp,Male,South Africa,1959/05/25
653,Benjamen,Dilliston,bdillistoni4@weather.com,Male,Philippines,1964/01/06
654,Jeffry,Roback,jrobacki5@answers.com,Male,Norway,1994/12/01
655,Chrissie,Schenfisch,cschenfischi6@vimeo.com,Non-binary,Sweden,1998/05/03
656,Avis,Marian,amariani7@istockphoto.com,Female,Poland,1996/10/08
657,Elnar,Kernock,ekernocki8@shop-pro.jp,Agender,Ireland,1988/01/05
658,Cindi,Prantoni,cprantonii9@tripadvisor.com,Female,China,1991/04/02
659,Gaby,Ketchen,gketchenia@blogspot.com,Male,Czech Republic,1984/06/07
660,Hamilton,MacQueen,hmacqueenib@seesaa.net,Male,Afghanistan,1975/11/30
661,Hieronymus,Sacase,hsacaseic@deviantart.com,Male,Yemen,1976/01/13
662,Tedd,Frankcomb,tfrankcombid@cornell.edu,Male,Taiwan,1989/09/24
663,Masha,Drinkhall,mdrinkhallie@reddit.com,Female,Pakistan,1988/07/30
664,Carita,Tibbetts,ctibbettsif@blogtalkradio.com,Genderfluid,Chile,1988/07/05
665,Daven,Khrishtafovich,dkhrishtafovichig@example.com,Male,Uzbekistan,1996/06/02
666,Chester,Jakab,cjakabih@go.com,Male,Azerbaijan,1989/10/19
667,Bjorn,Gueste,bguesteii@cnet.com,Male,Tanzania,1955/08/14
668,Henry,Philler,hphillerij@soup.io,Male,Eritrea,1968/04/24
669,Walden,Nixon,wnixonik@ihg.com,Male,Poland,1960/08/16
670,Damita,Corneck,dcorneckil@qq.com,Female,Mexico,1994/12/18
671,Adolpho,Tyrer,atyrerim@people.com.cn,Male,Uzbekistan,1951/07/11
672,Consuela,Everleigh,ceverleighin@myspace.com,Female,China,1996/11/08
673,Casey,Camilleri,ccamilleriio@bbb.org,Male,Sweden,1953/12/02
674,Gerti,Abdy,gabdyip@pbs.org,Female,China,1960/12/22
675,Keen,Breagan,kbreaganiq@e-recht24.de,Male,Indonesia,1973/07/08
676,Benson,Kohrt,bkohrtir@si.edu,Male,Japan,1977/07/13
677,Keelia,Ganniclifft,kganniclifftis@sogou.com,Female,China,1977/03/09
678,Rebecka,Surgood,rsurgoodit@godaddy.com,Female,Indonesia,1963/05/01
679,Sapphire,Desorts,sdesortsiu@theatlantic.com,Female,Ukraine,1992/03/24
680,Toby,Extil,textiliv@weebly.com,Female,Poland,1984/08/15
681,Spence,Macura,smacuraiw@instagram.com,Male,Mongolia,1982/08/17
682,Dayna,Kinkade,dkinkadeix@apache.org,Bigender,Philippines,1976/11/20
683,Roberta,Tomaskunas,rtomaskunasiy@odnoklassniki.ru,Female,Spain,1977/02/19
684,Harcourt,Ferreli,hferreliiz@paginegialle.it,Male,Colombia,1995/02/18
685,Fawn,Galler,fgallerj0@so-net.ne.jp,Female,Venezuela,1968/04/26
686,Murial,Copcote,mcopcotej1@posterous.com,Female,Vietnam,2000/03/18
687,Marty,Tovey,mtoveyj2@mozilla.com,Male,Russia,1995/12/13
688,Andris,Handley,ahandleyj3@reference.com,Male,Indonesia,1974/05/05
689,Georg,Filde,gfildej4@elegantthemes.com,Male,China,1995/12/14
690,Lanie,Lunck,llunckj5@51.la,Female,China,1978/05/07
691,Kellina,Degoey,kdegoeyj6@webs.com,Female,Ireland,1981/10/04
692,Rita,Elcom,relcomj7@alexa.com,Female,Tanzania,1985/01/06
693,Lynda,Holwell,lholwellj8@abc.net.au,Female,Czech Republic,1959/03/18
694,Kizzee,Fiddiman,kfiddimanj9@reverbnation.com,Female,Greece,1965/11/07
695,Norina,Tevelov,ntevelovja@furl.net,Female,China,1969/05/14
696,Aurelie,Counter,acounterjb@ca.gov,Female,Czech Republic,1951/10/23
697,Pru,Fodden,pfoddenjc@nasa.gov,Agender,Ukraine,1956/10/14
698,Krista,Plews,kplewsjd@cdc.gov,Female,Indonesia,1985/12/14
699,Esra,Dalla,edallaje@uiuc.edu,Male,China,1972/06/18
700,Sherman,Yerborn,syerbornjf@prweb.com,Male,Philippines,1952/02/06
701,Enrica,Sproson,esprosonjg@4shared.com,Female,Ukraine,1998/03/12
702,Lynnea,Mennell,lmennelljh@unicef.org,Female,Norway,1997/08/15
703,Wilona,Tremblot,wtremblotji@businessinsider.com,Female,Peru,1986/11/04
704,Gwenora,Oliver-Paull,goliverpaulljj@ihg.com,Female,Serbia,1963/09/10
705,Ricky,Kinnett,rkinnettjk@wordpress.com,Male,China,1978/07/13
706,Glynda,Brenneke,gbrennekejl@flavors.me,Female,Russia,1981/02/11
707,Kacy,Randle,krandlejm@digg.com,Female,South Africa,1954/08/09
708,Orran,Vallis,ovallisjn@earthlink.net,Male,China,1984/04/30
709,Seka,De Metz,sdemetzjo@un.org,Female,China,1995/10/02
710,Donovan,VanBrugh,dvanbrughjp@diigo.com,Male,France,1974/10/06
711,Marne,Chapleo,mchapleojq@senate.gov,Female,Russia,1967/09/14
712,Sandra,Brushfield,sbrushfieldjr@ed.gov,Female,China,1962/04/04
713,Austen,Alcock,aalcockjs@upenn.edu,Polygender,Thailand,1981/07/18
714,Sloane,Leetham,sleethamjt@wunderground.com,Male,Sierra Leone,1976/10/10
715,Cornell,McIlriach,cmcilriachju@nature.com,Male,Paraguay,1977/05/23
716,Samson,Petru,spetrujv@weebly.com,Male,Mexico,1975/10/03
717,Blake,Taile,btailejw@earthlink.net,Male,Greece,1997/10/08
718,Selia,Coggan,scogganjx@twitpic.com,Female,Portugal,1984/10/04
719,Jarib,Hackworthy,jhackworthyjy@issuu.com,Male,Thailand,1966/10/09
720,Ber,McAreavey,bmcareaveyjz@un.org,Male,Costa Rica,1978/04/13
721,Lisette,Dobbison,ldobbisonk0@ameblo.jp,Female,China,1985/08/17
722,Harlan,Goudard,hgoudardk1@ucla.edu,Polygender,China,1955/10/07
723,Bell,Maine,bmainek2@cdc.gov,Female,Madagascar,1983/12/20
724,Demetris,Medcalfe,dmedcalfek3@vistaprint.com,Male,Greece,1970/12/27
725,Annabelle,De Cristoforo,adecristoforok4@theguardian.com,Female,Cuba,1952/01/04
726,Hobey,Nettle,hnettlek5@intel.com,Male,Greece,1964/12/11
727,Reuven,Proffitt,rproffittk6@unc.edu,Male,Indonesia,1988/05/07
728,Waring,Dunn,wdunnk7@infoseek.co.jp,Male,China,1977/01/21
729,Pamella,Sahlstrom,psahlstromk8@rakuten.co.jp,Female,Portugal,1986/07/04
730,Basilius,Nunan,bnunank9@usatoday.com,Male,Portugal,1976/10/08
731,Barris,Korneichik,bkorneichikka@eventbrite.com,Male,France,1957/05/15
732,Clarence,Mathon,cmathonkb@google.com.hk,Male,Greece,1995/04/01
733,Tandi,Finan,tfinankc@nationalgeographic.com,Female,Poland,1966/09/02
734,Wildon,Dow,wdowkd@twitpic.com,Male,Poland,1975/09/16
735,Bernhard,Meyer,bmeyerke@npr.org,Male,Philippines,1962/05/10
736,Gibbie,Tompsett,gtompsettkf@hhs.gov,Male,Bosnia and Herzegovina,1960/05/23
737,Lavinie,Coneybeer,lconeybeerkg@narod.ru,Polygender,Puerto Rico,1958/06/01
738,Tatiana,Leckenby,tleckenbykh@europa.eu,Genderfluid,Norway,1966/06/20
739,Giffie,Riveles,griveleski@free.fr,Male,Brazil,1953/10/20
740,Brooke,Fillimore,bfillimorekj@netlog.com,Polygender,Thailand,1990/10/11
741,Cesare,Roughley,croughleykk@dagondesign.com,Male,China,1958/03/31
742,Tobit,Bomb,tbombkl@parallels.com,Bigender,Philippines,1978/09/19
743,Leroy,Claasen,lclaasenkm@deliciousdays.com,Male,El Salvador,1974/01/31
744,Fifine,Leschelle,fleschellekn@wisc.edu,Bigender,Brazil,1985/11/20
745,Ashia,Andrysiak,aandrysiakko@columbia.edu,Female,Mexico,1983/09/08
746,Elisha,Whapples,ewhappleskp@alexa.com,Male,Slovenia,1962/12/08
747,Glad,Gabbitis,ggabbitiskq@tiny.cc,Female,Ukraine,1964/08/31
748,Montgomery,Nelhams,mnelhamskr@archive.org,Male,Colombia,1972/05/15
749,Rriocard,Rosenzveig,rrosenzveigks@economist.com,Male,France,1968/01/13
750,Godfrey,Jacmar,gjacmarkt@ucla.edu,Male,Morocco,1974/10/09
751,Yovonnda,O'Doohaine,yodoohaineku@youtu.be,Female,Portugal,1971/12/09
752,Merle,Klempke,mklempkekv@twitter.com,Female,Ireland,1987/04/07
753,Pavla,Linguard,plinguardkw@bloglovin.com,Female,Portugal,1952/05/16
754,Kessiah,Jancic,kjancickx@thetimes.co.uk,Female,Morocco,1981/05/20
755,Nealy,Buzzing,nbuzzingky@cnn.com,Male,Portugal,1954/08/10
756,Hewet,Bolletti,hbollettikz@macromedia.com,Male,Japan,1979/12/11
757,Christyna,Duley,cduleyl0@canalblog.com,Bigender,United States,1973/12/26
758,Allen,O'Flynn,aoflynnl1@arizona.edu,Male,Indonesia,1988/02/25
759,Marylee,Sharrock,msharrockl2@state.tx.us,Female,Iran,1972/11/09
760,Layton,Monget,lmongetl3@earthlink.net,Male,China,1959/03/07
761,Carissa,Summons,csummonsl4@slate.com,Female,Canada,1979/05/08
762,Jard,Jenckes,jjenckesl5@ebay.com,Male,China,1962/09/20
763,Hubie,Moggan,hmogganl6@geocities.com,Male,Egypt,1999/02/17
764,Gabriele,Pilcher,gpilcherl7@google.pl,Bigender,Peru,1984/11/27
765,Florida,Madison,fmadisonl8@desdev.cn,Female,Japan,1993/10/26
766,Haydon,Clopton,hcloptonl9@usa.gov,Male,China,1991/02/02
767,Mile,Mudd,mmuddla@psu.edu,Male,Ukraine,1967/03/31
768,Odelle,Gorrick,ogorricklb@weebly.com,Female,Indonesia,1973/09/24
769,Verne,Haggie,vhaggielc@sourceforge.net,Male,Denmark,1956/11/11
770,Madonna,Peres,mperesld@privacy.gov.au,Female,Indonesia,1951/02/20
771,Nicko,Whoston,nwhostonle@wsj.com,Male,Ethiopia,1999/05/12
772,Pascale,Tointon,ptointonlf@de.vu,Male,China,1980/01/13
773,Tomas,Freddi,tfreddilg@altervista.org,Male,Mexico,1962/07/30
774,Chlo,Myerscough,cmyerscoughlh@state.gov,Non-binary,Sweden,1997/11/05
775,Frank,Craythorne,fcraythorneli@sciencedaily.com,Male,Brazil,1959/01/19
776,Miner,Blaber,mblaberlj@ed.gov,Male,Russia,1996/04/06
777,Chancey,MacKintosh,cmackintoshlk@multiply.com,Male,China,1993/05/13
778,Dorena,Antalffy,dantalffyll@alibaba.com,Female,Brazil,1962/01/08
779,Michelle,Mc Curlye,mmccurlyelm@npr.org,Female,Finland,1974/10/12
780,Ethelred,Jakobssen,ejakobssenln@usgs.gov,Male,Argentina,1970/03/10
781,Domenico,Stark,dstarklo@vkontakte.ru,Male,Nigeria,1984/09/30
782,Aila,Gallamore,agallamorelp@spiegel.de,Female,Brazil,1965/08/27
783,William,Trouncer,wtrouncerlq@scientificamerican.com,Male,Indonesia,1966/05/05
784,Lainey,Nortunen,lnortunenlr@earthlink.net,Female,Czech Republic,1996/07/11
785,Stacia,Kunes,skunesls@shutterfly.com,Female,Russia,1966/06/16
786,Horst,Joontjes,hjoontjeslt@yellowpages.com,Male,Canada,1967/06/12
787,Beth,Collisson,bcollissonlu@tuttocitta.it,Female,Indonesia,1995/07/23
788,Hailey,Duddy,hduddylv@addthis.com,Male,Iran,1979/01/19
789,Wilow,Tallowin,wtallowinlw@clickbank.net,Agender,Indonesia,1960/11/10
790,Valene,Lawrie,vlawrielx@twitter.com,Female,Poland,1998/01/11
791,Barr,Beaushaw,bbeaushawly@scribd.com,Male,Croatia,1966/08/14
792,Bear,Fairnie,bfairnielz@home.pl,Male,Sweden,1958/08/03
793,Fredi,Jenny,fjennym0@hud.gov,Female,United States,1997/11/10
794,Theobald,De Brett,tdebrettm1@4shared.com,Male,Indonesia,1953/05/07
795,Zorah,Wherrit,zwherritm2@mac.com,Female,Mexico,1985/02/23
796,Gabriel,Knaggs,gknaggsm3@dion.ne.jp,Male,Syria,1955/03/25
797,Sharona,O'Brollachain,sobrollachainm4@answers.com,Female,Poland,1999/01/06
798,Ora,Elkington,oelkingtonm5@sogou.com,Female,Bosnia and Herzegovina,1957/08/08
799,Lauri,Tyne,ltynem6@amazonaws.com,Female,Indonesia,1970/09/26
800,Guy,Headford,gheadfordm7@ameblo.jp,Genderfluid,Netherlands,1957/08/31
801,Bessy,Titherington,btitheringtonm8@microsoft.com,Polygender,China,1997/08/18
802,Mannie,McEnteggart,mmcenteggartm9@reverbnation.com,Male,Ecuador,1953/11/17
803,Jillene,Arnaez,jarnaezma@bravesites.com,Female,Greece,1975/10/13
804,Kory,Rennix,krennixmb@altervista.org,Male,Poland,1965/03/18
805,Edi,Antosik,eantosikmc@behance.net,Female,Philippines,1983/08/25
806,Spenser,Jenyns,sjenynsmd@umich.edu,Male,North Korea,1991/06/27
807,Gwenette,Tight,gtightme@w3.org,Polygender,Ukraine,1997/01/03
808,Whitman,Gerriets,wgerrietsmf@noaa.gov,Male,Brazil,1992/05/03
809,Therine,Bigg,tbiggmg@telegraph.co.uk,Non-binary,Poland,1982/04/19
810,Kathy,Kebell,kkebellmh@loc.gov,Female,China,1991/04/05
811,Deeanne,Defont,ddefontmi@meetup.com,Female,Mexico,1959/04/23
812,Lucie,Wither,lwithermj@xrea.com,Female,Russia,1984/07/03
813,Brinna,Rembaud,brembaudmk@google.nl,Female,Nicaragua,1971/10/28
814,Judas,Dany,jdanyml@shop-pro.jp,Male,China,1990/02/14
815,Dania,Reyne,dreynemm@biblegateway.com,Female,Sri Lanka,1970/12/07
816,Selig,Kiljan,skiljanmn@liveinternet.ru,Male,Portugal,1970/04/10
817,Sean,Burlay,sburlaymo@independent.co.uk,Male,Portugal,1969/12/25
818,Devin,Wickman,dwickmanmp@desdev.cn,Female,Chile,1953/10/18
819,Elyse,Belvin,ebelvinmq@ovh.net,Female,Sweden,1989/06/11
820,Tye,Coulton,tcoultonmr@vistaprint.com,Male,China,1993/01/15
821,Shelley,Rowena,srowenams@usatoday.com,Male,Samoa,1960/04/04
822,Myranda,Sheach,msheachmt@ucoz.com,Female,China,1963/03/23
823,Christabella,Devil,cdevilmu@nyu.edu,Genderfluid,Peru,1954/05/09
824,Leticia,Griffoen,lgriffoenmv@1688.com,Female,Sweden,1963/05/06
825,Horatia,Du Plantier,hduplantiermw@reuters.com,Female,Philippines,1962/08/21
826,Honoria,Pechold,hpecholdmx@ihg.com,Female,China,1969/11/04
827,Cami,Hammerson,chammersonmy@weebly.com,Female,Vietnam,1995/01/31
828,Anica,Petrushkevich,apetrushkevichmz@umn.edu,Female,Kosovo,1953/07/03
829,Lilli,Lidbetter,llidbettern0@webeden.co.uk,Female,Russia,1958/09/06
830,Tierney,Bartoloma,tbartoloman1@symantec.com,Female,Philippines,1987/06/19
831,Bastian,Silverwood,bsilverwoodn2@yellowpages.com,Male,Indonesia,1991/10/09
832,Pru,Silbersak,psilbersakn3@youtube.com,Female,Benin,1951/12/29
833,Ches,Durdle,cdurdlen4@admin.ch,Male,Indonesia,1951/04/11
834,Willie,Korlat,wkorlatn5@dell.com,Male,China,1979/11/04
835,Sherilyn,Youngs,syoungsn6@discovery.com,Female,United States,1968/08/26
836,Sharity,Barrott,sbarrottn7@ebay.com,Female,Indonesia,1967/09/24
837,Bibbye,Dopson,bdopsonn8@un.org,Female,Indonesia,1985/05/08
838,Jorge,Stennine,jstenninen9@angelfire.com,Male,China,1957/07/27
839,Aggi,Overell,aoverellna@godaddy.com,Female,Vietnam,1971/04/06
840,Desiree,Mibourne,dmibournenb@so-net.ne.jp,Female,China,1992/09/19
841,Antonino,O'Leahy,aoleahync@drupal.org,Male,Peru,1984/01/02
842,Gunter,Conti,gcontind@discuz.net,Male,Madagascar,1997/12/29
843,Michell,Luttgert,mluttgertne@de.vu,Female,China,1969/02/08
844,Cathi,Welldrake,cwelldrakenf@latimes.com,Genderqueer,Russia,1956/07/22
845,Clementine,Richardes,crichardesng@tuttocitta.it,Non-binary,Saudi Arabia,1966/02/05
846,Henri,Brandassi,hbrandassinh@cam.ac.uk,Male,Philippines,1981/11/29
847,Delmore,Cranstone,dcranstoneni@sohu.com,Male,Portugal,1968/05/23
848,Valma,Tilsley,vtilsleynj@slashdot.org,Female,Armenia,1979/10/02
849,Mar,Coggins,mcogginsnk@shutterfly.com,Male,Philippines,1954/10/12
850,Magdalen,Washtell,mwashtellnl@nymag.com,Female,Cameroon,1978/05/10
851,Christine,Lionel,clionelnm@harvard.edu,Female,China,1957/11/30
852,Maryellen,Eusden,meusdennn@timesonline.co.uk,Agender,Portugal,1992/05/29
853,Findley,Prentice,fprenticeno@prnewswire.com,Male,Colombia,1996/04/25
854,Sammy,Gannaway,sgannawaynp@princeton.edu,Male,Greenland,1958/01/22
855,Trixi,Swan,tswannq@yale.edu,Female,Indonesia,1963/05/29
856,Alexina,Kensington,akensingtonnr@hc360.com,Female,Peru,1986/04/27
857,Didi,Glynn,dglynnns@themeforest.net,Female,United States,1959/09/13
858,Charline,Raveau,craveaunt@biblegateway.com,Female,China,1991/09/20
859,Valerye,Beange,vbeangenu@dailymotion.com,Female,Ukraine,1980/11/28
860,Jemima,Hinckes,jhinckesnv@simplemachines.org,Female,France,1959/06/22
861,Lanae,Kamienski,lkamienskinw@nsw.gov.au,Female,China,1964/10/28
862,Georgie,Gilbard,ggilbardnx@yolasite.com,Male,France,1976/12/31
863,Aleece,Ennals,aennalsny@aol.com,Female,Russia,1994/07/24
864,Ahmed,Methuen,amethuennz@bing.com,Male,Portugal,1953/09/14
865,Amandie,Burdge,aburdgeo0@issuu.com,Female,China,1956/12/17
866,Marlyn,Toghill,mtoghillo1@wp.com,Female,Jordan,1975/10/14
867,Tim,Zellmer,tzellmero2@dailymotion.com,Non-binary,Indonesia,1986/03/17
868,Greggory,Dancey,gdanceyo3@hubpages.com,Male,Portugal,1953/06/20
869,Tremayne,Youthed,tyouthedo4@prlog.org,Male,French Polynesia,1960/02/28
870,Britney,Flattman,bflattmano5@about.me,Female,Brazil,1995/04/06
871,Cristian,Tindley,ctindleyo6@ycombinator.com,Male,Czech Republic,1990/07/24
872,Dorella,Ivanchenkov,divanchenkovo7@macromedia.com,Female,Bulgaria,1989/12/12
873,Melita,Bachanski,mbachanskio8@youku.com,Female,China,1959/05/14
874,Mira,Primo,mprimoo9@ycombinator.com,Female,China,1996/06/05
875,Gualterio,Hewell,ghewelloa@tuttocitta.it,Male,Russia,1961/08/21
876,Amelita,Yarnton,ayarntonob@alibaba.com,Female,Indonesia,1981/01/11
877,Cariotta,Shama,cshamaoc@privacy.gov.au,Female,China,1994/08/11
878,Tremaine,Wayon,twayonod@yelp.com,Male,China,2000/08/22
879,Jimmie,Iczokvitz,jiczokvitzoe@phoca.cz,Male,China,1998/01/10
880,Genny,Stiff,gstiffof@independent.co.uk,Female,Benin,1989/12/24
881,Rice,Elwyn,relwynog@123-reg.co.uk,Bigender,Albania,1989/08/04
882,Sapphira,Enric,senricoh@smh.com.au,Female,China,1989/03/26
883,Rockey,Antonijevic,rantonijevicoi@deviantart.com,Male,Brazil,1965/10/04
884,Arlyne,Blazewicz,ablazewiczoj@hc360.com,Female,Russia,1964/09/04
885,Corene,Capinetti,ccapinettiok@macromedia.com,Female,China,1973/09/19
886,Cordie,Cordon,ccordonol@time.com,Male,United States,1972/01/28
887,Artemis,Emmot,aemmotom@booking.com,Male,China,1977/02/02
888,Emmey,Knee,ekneeon@slideshare.net,Female,Indonesia,1984/06/03
889,Lemuel,Dougher,ldougheroo@smh.com.au,Male,Indonesia,1991/11/24
890,Ilsa,Smedmoor,ismedmoorop@google.cn,Female,Colombia,1964/01/18
891,Carma,Iannelli,ciannellioq@google.com,Female,Russia,1994/09/21
892,Tommy,Minchell,tminchellor@desdev.cn,Male,Brazil,1971/11/02
893,Pete,Keenlayside,pkeenlaysideos@netlog.com,Bigender,China,1984/09/24
894,Adoree,Silcock,asilcockot@unc.edu,Female,China,1995/04/14
895,Bartholemy,Cudiff,bcudiffou@chron.com,Bigender,Argentina,1991/07/23
896,Danie,Bridgwater,dbridgwaterov@ucoz.com,Male,Indonesia,1997/04/24
897,Garnette,Stickells,gstickellsow@cornell.edu,Female,France,1981/08/04
898,Bridgette,Kilroy,bkilroyox@columbia.edu,Female,Brazil,1971/04/17
899,Ernest,Dean,edeanoy@twitpic.com,Male,Australia,1970/02/19
900,Helga,Fisby,hfisbyoz@unblog.fr,Female,Guyana,1964/08/26
901,Lazar,Finlator,lfinlatorp0@vk.com,Male,China,1978/09/26
902,Boyce,Kohnemann,bkohnemannp1@rediff.com,Male,Russia,1996/11/21
903,Meriel,Borgne,mborgnep2@yellowbook.com,Female,China,1990/05/01
904,Elfie,Whatford,ewhatfordp3@opera.com,Female,Portugal,1998/04/20
905,Batholomew,Blaik,bblaikp4@microsoft.com,Male,Hungary,1953/10/17
906,Nyssa,Joul,njoulp5@archive.org,Female,Luxembourg,1950/12/25
907,Wood,Toffanelli,wtoffanellip6@furl.net,Male,Zambia,1972/11/07
908,Halette,Pauletti,hpaulettip7@usa.gov,Female,Norway,1971/06/29
909,Tawsha,Spritt,tsprittp8@pcworld.com,Female,Canada,1985/04/25
910,Dannye,Gravenell,dgravenellp9@techcrunch.com,Female,Honduras,1952/02/24
911,Ayn,Drummer,adrummerpa@cargocollective.com,Female,Russia,1993/04/12
912,Alva,Gillease,agilleasepb@businesswire.com,Male,France,1968/06/18
913,Yorgos,Huikerby,yhuikerbypc@xrea.com,Male,France,1957/07/25
914,Joachim,Dane,jdanepd@businesswire.com,Male,Indonesia,1970/12/27
915,Man,Biagioni,mbiagionipe@china.com.cn,Male,Sri Lanka,1979/11/12
916,Sergio,Hubber,shubberpf@xing.com,Male,Philippines,1964/03/20
917,Gerard,Digwood,gdigwoodpg@ihg.com,Male,Czech Republic,1960/07/26
918,Arv,Crosswaite,acrosswaiteph@digg.com,Male,Azerbaijan,1964/03/19
919,Horten,Stoving,hstovingpi@google.com.au,Male,China,1972/10/29
920,Pammi,Heber,pheberpj@clickbank.net,Non-binary,Albania,1972/04/14
921,Melisande,Fake,mfakepk@toplist.cz,Female,Slovenia,1982/04/10
922,Guntar,Sheering,gsheeringpl@harvard.edu,Male,Russia,1974/07/24
923,Joyann,Calterone,jcalteronepm@yahoo.com,Female,Brazil,1980/04/23
924,Verney,Dottrell,vdottrellpn@wix.com,Male,Colombia,1958/04/05
925,Lottie,Dionisii,ldionisiipo@taobao.com,Female,Thailand,1953/05/15
926,Raynor,Autie,rautiepp@spotify.com,Male,Indonesia,1986/07/17
927,Hector,Cuer,hcuerpq@163.com,Male,Sweden,1954/08/14
928,Aurora,Drage,adragepr@cyberchimps.com,Female,Brazil,1981/01/01
929,Bengt,Dewan,bdewanps@storify.com,Male,United States,1980/10/10
930,Heinrik,Heelis,hheelispt@woothemes.com,Male,Libya,1953/01/03
931,Lemar,MacRury,lmacrurypu@census.gov,Male,Colombia,1952/09/29
932,Fancie,Furmenger,ffurmengerpv@wordpress.org,Female,Angola,1956/02/20
933,Brandon,McNeilley,bmcneilleypw@bbb.org,Male,Indonesia,1987/06/16
934,Emanuele,Youhill,eyouhillpx@un.org,Male,Sierra Leone,1962/08/28
935,Bobby,Top,btoppy@nature.com,Female,Nigeria,1980/10/24
936,Steve,Salway,ssalwaypz@google.es,Male,China,1975/06/26
937,Ermentrude,Humphrys,ehumphrysq0@goo.ne.jp,Female,Brazil,1991/04/08
938,Keefe,Dikles,kdiklesq1@cargocollective.com,Male,Poland,1955/12/06
939,Lambert,Widdecombe,lwiddecombeq2@dailymail.co.uk,Male,Samoa,1959/09/26
940,Max,Dreigher,mdreigherq3@icq.com,Female,Brazil,1972/02/20
941,Sybila,Buzzing,sbuzzingq4@angelfire.com,Female,China,1953/03/19
942,Danny,Schwanden,dschwandenq5@csmonitor.com,Male,China,1982/09/27
943,Malina,Pregel,mpregelq6@npr.org,Female,Japan,1965/06/25
944,Jo,Piggins,jpigginsq7@smh.com.au,Female,Swaziland,1962/04/13
945,Ernaline,Andrick,eandrickq8@seattletimes.com,Female,Portugal,1974/07/03
946,Augustina,Henkens,ahenkensq9@discuz.net,Female,Philippines,1992/03/05
947,Mellisent,Foston,mfostonqa@china.com.cn,Female,Philippines,1991/07/19
948,Rhodia,Quincey,rquinceyqb@theatlantic.com,Female,Indonesia,1951/12/15
949,Riobard,Kabos,rkabosqc@usa.gov,Male,Ecuador,1981/12/24
950,Lorne,Glaysher,lglaysherqd@cam.ac.uk,Male,Syria,1977/03/26
951,Olympie,Wickenden,owickendenqe@hhs.gov,Female,China,1960/11/06
952,Noami,Fleury,nfleuryqf@yale.edu,Female,Poland,1954/07/29
953,Ines,Bodemeaid,ibodemeaidqg@vkontakte.ru,Female,Canada,1990/08/28
954,Kleon,Shoppee,kshoppeeqh@apple.com,Male,China,1958/08/12
955,Josy,Mackriell,jmackriellqi@ocn.ne.jp,Female,Ireland,1959/10/09
956,Candace,Roussel,crousselqj@pbs.org,Female,China,1963/02/09
957,Lexy,Wetherhead,lwetherheadqk@gnu.org,Female,China,1989/12/28
958,Cori,Nethercott,cnethercottql@aol.com,Male,Azerbaijan,1986/04/30
959,Rainer,Cassimer,rcassimerqm@census.gov,Genderqueer,Indonesia,1969/03/26
960,Dewie,McGiffin,dmcgiffinqn@w3.org,Male,Kazakhstan,1978/04/15
961,Merola,Brownsill,mbrownsillqo@histats.com,Female,China,1964/10/01
962,Sollie,Glasard,sglasardqp@amazon.co.uk,Male,France,1973/12/18
963,Karlis,Snoad,ksnoadqq@delicious.com,Male,China,1997/04/09
964,Hadleigh,Bangley,hbangleyqr@cbc.ca,Male,Indonesia,1965/03/25
965,Sharona,Randal,srandalqs@rediff.com,Female,Japan,1973/03/03
966,Xever,Sadler,xsadlerqt@booking.com,Male,China,1962/02/21
967,Samaria,Hupka,shupkaqu@redcross.org,Female,Poland,1985/12/22
968,Gideon,Adkins,gadkinsqv@microsoft.com,Male,Iran,1963/01/16
969,Cletis,Isaksson,cisakssonqw@ibm.com,Male,Indonesia,1980/03/05
970,Ezekiel,Matonin,ematoninqx@booking.com,Male,France,1999/01/28
971,Carolyne,Axleby,caxlebyqy@dot.gov,Female,United States,1998/10/15
972,Stearn,Desmond,sdesmondqz@clickbank.net,Male,Indonesia,1981/04/13
973,Arne,Connechie,aconnechier0@alexa.com,Male,Russia,1991/03/23
974,Chandler,Kalinsky,ckalinskyr1@jugem.jp,Male,Philippines,1980/12/20
975,Adriane,Ralph,aralphr2@prlog.org,Female,Portugal,1976/08/24
976,Carlo,Pinhorn,cpinhornr3@columbia.edu,Male,Russia,1986/07/04
977,Jaye,Rockliffe,jrockliffer4@sourceforge.net,Male,Philippines,1977/01/11
978,Laure,Dykins,ldykinsr5@si.edu,Female,China,1978/04/01
979,Adoree,Dudman,adudmanr6@tuttocitta.it,Female,Russia,1955/10/24
980,Alanah,Basford,abasfordr7@xing.com,Female,Indonesia,1964/09/30
981,Glen,Laverock,glaverockr8@vimeo.com,Female,Brazil,1962/04/11
982,Alfred,Longhi,alonghir9@tumblr.com,Genderqueer,Madagascar,1952/12/14
983,Egbert,Siaspinski,esiaspinskira@vinaora.com,Male,Serbia,1976/05/09
984,Griz,Andrzejczak,gandrzejczakrb@tmall.com,Male,Laos,1966/06/28
985,Sal,Lomasny,slomasnyrc@timesonline.co.uk,Male,Sweden,1974/06/17
986,Emilio,Durand,edurandrd@phoca.cz,Male,Russia,1984/10/14
987,Kalindi,Freshwater,kfreshwaterre@umn.edu,Female,China,1955/05/08
988,Paxton,Winckworth,pwinckworthrf@barnesandnoble.com,Male,Mexico,1983/09/03
989,Bruno,Frankland,bfranklandrg@sakura.ne.jp,Male,Philippines,1963/08/14
990,Hester,Malec,hmalecrh@canalblog.com,Female,Russia,1964/09/02
991,Kandace,Bispham,kbisphamri@digg.com,Female,United Arab Emirates,1961/12/25
992,Mendel,Withrington,mwithringtonrj@dell.com,Male,Greece,1987/10/05
993,Carita,Braganca,cbragancark@weibo.com,Female,Ivory Coast,1998/08/17
994,Trip,Sleney,tsleneyrl@va.gov,Agender,Poland,1955/03/27
995,Nester,Peter,npeterrm@businessinsider.com,Male,Bangladesh,1977/07/20
996,Justis,Redsull,jredsullrn@trellian.com,Male,Ecuador,1952/05/10
997,Ellyn,Arenson,earensonro@exblog.jp,Female,France,1998/05/31
998,Rudyard,Lundy,rlundyrp@sbwire.com,Male,China,1965/08/28
999,Rudolfo,Harbidge,rharbidgerq@ning.com,Male,Yemen,1955/10/23
1000,Bendix,Bloomer,bbloomerrr@springer.com,Male,Portugal,1986/09/25
