id,first_name,last_name,email,gender,country,birthday
1,Cirillo,Primarolo,cprimarolo0@pen.io,Male,Morocco,1975/07/25
2,Danni,Rait,drait1@linkedin.com,Female,Philippines,1976/09/26
3,Rivy,Thame,rthame2@qq.com,Female,Sweden,1970/11/08
4,Lew,Knott,lknott3@wikispaces.com,Male,Philippines,1953/12/28
5,Gayla,MacIlriach,gmacilriach4@linkedin.com,Female,France,1971/10/29
6,Joel,Gowers,jgowers5@stumbleupon.com,Male,Philippines,1975/11/24
7,Rowland,Desforges,rdesforges6@example.com,Male,China,1992/03/08
8,Cristian,Manvell,cmanvell7@1und1.de,Male,Afghanistan,1957/10/10
9,Hyacinthia,Soares,hsoares8@ucsd.edu,Female,Ukraine,1969/05/14
10,Morris,Copestick,mcopestick9@businessweek.com,Male,United States,1973/02/23
11,Gabriel,Copsey,gcopseya@kickstarter.com,Male,Indonesia,1996/06/17
12,Ladonna,Pawson,lpawsonb@instagram.com,Female,Honduras,1999/03/21
13,Donnie,Pouck,dpouckc@blogspot.com,Male,Portugal,1970/10/13
14,Ealasaid,Benedek,ebenedekd@sciencedaily.com,Non-binary,Iran,1960/09/22
15,Petey,Kermannes,pkermannese@multiply.com,Male,China,1985/07/21
16,Bruno,Hirtzmann,bhirtzmannf@sciencedirect.com,Male,South Africa,1981/09/06
17,Isac,Bootell,ibootellg@livejournal.com,Male,China,1994/05/01
18,Sigmund,Heys,sheysh@howstuffworks.com,Male,Brazil,1961/05/03
19,Allister,Merioth,ameriothi@abc.net.au,Male,China,1964/11/24
20,Angelo,Rilings,arilingsj@geocities.jp,Male,Brazil,1984/09/28
21,Celene,Alldre,calldrek@ox.ac.uk,Female,Norway,1955/04/18
22,Ashlee,Olden,aoldenl@wikimedia.org,Female,Serbia,1959/04/08
23,Marius,Light,mlightm@newsvine.com,Male,Philippines,2000/03/14
24,Gloriane,Bonicelli,gbonicellin@twitter.com,Bigender,Uruguay,1979/06/03
25,Arlen,Bartalini,abartalinio@ocn.ne.jp,Male,Brazil,1981/04/06
26,Lilas,Whal,lwhalp@wufoo.com,Female,Peru,1980/10/08
27,Ced,Beers,cbeersq@devhub.com,Male,Portugal,1992/11/17
28,Tuckie,Goodship,tgoodshipr@mail.ru,Genderqueer,Japan,1961/06/30
29,Rhett,Malpas,rmalpass@ca.gov,Male,Brazil,1963/12/29
30,Billie,Mateus,bmateust@elegantthemes.com,Genderqueer,Sweden,1962/02/24
31,Hanna,Hetterich,hhetterichu@tuttocitta.it,Female,Serbia,1999/02/25
32,Renaud,Monkley,rmonkleyv@sourceforge.net,Male,Argentina,1956/09/02
33,Lucky,Bedborough,lbedboroughw@csmonitor.com,Female,Venezuela,1992/04/24
34,Barclay,McLelland,bmclellandx@networkadvertising.org,Male,Saudi Arabia,1981/07/07
35,Cherilyn,Borne,cborney@usatoday.com,Polygender,Argentina,1951/12/17
36,Iggie,Casina,icasinaz@smh.com.au,Male,China,1984/08/28
37,Cobb,Fassam,cfassam10@amazon.de,Male,Cyprus,1968/05/23
38,Sydney,Shenfisch,sshenfisch11@eventbrite.com,Female,Indonesia,1979/08/06
39,Xylia,De Cleen,xdecleen12@mac.com,Female,Indonesia,1955/01/12
40,Cymbre,Adrain,cadrain13@example.com,Genderqueer,China,1974/03/22
41,Tabbie,Paulazzi,tpaulazzi14@digg.com,Male,Belarus,1991/05/10
42,Devi,Trahearn,dtrahearn15@jiathis.com,Female,Japan,1974/01/25
43,Adina,Pyer,apyer16@google.com.au,Genderfluid,Philippines,1955/07/09
44,Jacqueline,Nazaret,jnazaret17@skype.com,Female,China,1952/10/11
45,Datha,Kelshaw,dkelshaw18@webeden.co.uk,Female,Poland,1979/05/15
46,Sheila-kathryn,Labitt,slabitt19@usgs.gov,Female,Lithuania,1960/09/27
47,Maude,Whodcoat,mwhodcoat1a@purevolume.com,Polygender,Philippines,1964/11/09
48,Cornelius,Fildes,cfildes1b@wikimedia.org,Male,Portugal,1988/02/11
49,Nadya,Daveridge,ndaveridge1c@salon.com,Female,Philippines,1980/03/12
50,Cristy,Pullinger,cpullinger1d@disqus.com,Female,Czech Republic,1991/05/16
51,Tressa,Wiggin,twiggin1e@dyndns.org,Female,Vietnam,1977/08/28
52,Al,Mepham,amepham1f@examiner.com,Male,Ethiopia,1991/07/01
53,Marquita,Frantsev,mfrantsev1g@aboutads.info,Female,China,1962/08/26
54,Danya,Scane,dscane1h@chronoengine.com,Female,Switzerland,1978/05/24
55,Ofilia,Walduck,owalduck1i@craigslist.org,Female,China,1951/01/04
56,Johnnie,Rolingson,jrolingson1j@yolasite.com,Male,France,1954/11/09
57,Dehlia,Bootell,dbootell1k@youtube.com,Female,China,1975/04/07
58,Richmound,Carrel,rcarrel1l@patch.com,Male,France,1997/07/12
59,Mark,Sparshott,msparshott1m@blinklist.com,Agender,Philippines,1980/07/09
60,Velma,Roland,vroland1n@go.com,Female,France,1990/07/30
61,Brig,Blanko,bblanko1o@deliciousdays.com,Agender,Russia,1995/08/02
62,Beverlie,Jansik,bjansik1p@fema.gov,Female,Portugal,1955/08/23
63,Lizzie,Ginger,lginger1q@nature.com,Female,Bolivia,1952/01/11
64,Debbie,Sheraton,dsheraton1r@mysql.com,Female,Cuba,1953/12/29
65,Lisbeth,Clapson,lclapson1s@wix.com,Female,China,1985/01/13
66,Mikael,Maryan,mmaryan1t@symantec.com,Male,French Polynesia,1972/11/03
67,Madelene,Moehle,mmoehle1u@newsvine.com,Female,Indonesia,1953/08/05
68,Tymothy,Burfitt,tburfitt1v@smugmug.com,Genderqueer,Norway,1969/10/12
69,Rhody,Palay,rpalay1w@sogou.com,Female,Indonesia,1963/07/02
70,Clive,Carpe,ccarpe1x@usda.gov,Male,Brazil,1974/10/03
71,Mason,Raithbie,mraithbie1y@slate.com,Male,Thailand,1962/03/16
72,Jesse,Clemendot,jclemendot1z@earthlink.net,Male,Philippines,1986/02/03
73,Happy,Frayn,hfrayn20@huffingtonpost.com,Female,Russia,1951/05/27
74,Eberto,Sloan,esloan21@cnet.com,Male,Poland,1955/11/13
75,John,Boundey,jboundey22@dion.ne.jp,Male,China,1964/07/18
76,Rutter,Henzley,rhenzley23@blogs.com,Male,Czech Republic,1973/04/03
77,Kliment,Fuster,kfuster24@clickbank.net,Male,Colombia,1997/01/13
78,Bryanty,Landal,blandal25@hao123.com,Male,China,1982/07/07
79,Colly,Hallen,challen26@eventbrite.com,Female,Mongolia,1962/12/24
80,Velvet,Giacovetti,vgiacovetti27@rediff.com,Female,Palestinian Territory,1997/10/12
81,Vale,Hunnaball,vhunnaball28@opera.com,Male,Canada,1970/05/11
82,Jeana,Kirwood,jkirwood29@hibu.com,Non-binary,Anguilla,1956/11/04
83,Marnia,Skilton,mskilton2a@networkadvertising.org,Female,Italy,1965/01/28
84,Tasha,Myrie,tmyrie2b@xrea.com,Female,China,1990/11/14
85,Kara,Janeway,kjaneway2c@who.int,Genderfluid,Macedonia,1990/08/01
86,Sadella,Sclanders,ssclanders2d@barnesandnoble.com,Female,United States,1993/01/26
87,Debera,Feldberg,dfeldberg2e@biglobe.ne.jp,Female,Russia,1982/05/15
88,Jayme,Pittford,jpittford2f@rediff.com,Male,Argentina,1995/09/06
89,Les,Larrat,llarrat2g@sourceforge.net,Male,Indonesia,1976/02/27
90,Karon,Whebell,kwhebell2h@apple.com,Female,Paraguay,1960/06/23
91,Marsiella,Drew-Clifton,mdrewclifton2i@newyorker.com,Female,Canada,1994/06/07
92,Merle,Goncalo,mgoncalo2j@apple.com,Male,Poland,1953/06/29
93,Chaunce,Fireman,cfireman2k@hostgator.com,Male,Lebanon,1960/01/19
94,Brandtr,Dawton,bdawton2l@icio.us,Male,Sweden,1955/08/12
95,Roberto,Steinham,rsteinham2m@spotify.com,Male,Indonesia,1972/02/21
96,Tracie,Grigolashvill,tgrigolashvill2n@w3.org,Female,Switzerland,1991/07/15
97,Adriane,Lehr,alehr2o@businesswire.com,Female,Indonesia,1964/09/06
98,Leicester,Morriarty,lmorriarty2p@purevolume.com,Male,Indonesia,1971/08/28
99,Allis,Luckham,aluckham2q@hp.com,Female,Colombia,1970/06/09
100,Ella,De la Yglesia,edelayglesia2r@parallels.com,Genderqueer,China,1994/11/14
101,Cassaundra,Bumpus,cbumpus2s@mac.com,Female,Thailand,1957/12/05
102,Maria,McLleese,mmclleese2t@vimeo.com,Genderqueer,Mongolia,1970/01/23
103,Teresita,Walklate,twalklate2u@merriam-webster.com,Female,Greece,1982/08/01
104,Inessa,Spriggin,ispriggin2v@squidoo.com,Female,Malaysia,1983/10/20
105,Reid,Shalloe,rshalloe2w@boston.com,Male,China,1997/05/11
106,Garrett,Cadell,gcadell2x@redcross.org,Male,Indonesia,1980/09/28
107,Hiram,Kemwal,hkemwal2y@si.edu,Male,Mexico,1987/10/20
108,Kath,Cowitz,kcowitz2z@miitbeian.gov.cn,Female,China,1966/03/31
109,Spense,Hayden,shayden30@dyndns.org,Male,China,1953/01/22
110,Hetty,O'Lagene,holagene31@csmonitor.com,Female,China,1951/03/01
111,Sapphira,McAster,smcaster32@ucoz.ru,Female,Greece,1983/03/21
112,Eugen,Levy,elevy33@com.com,Male,Brazil,1967/02/05
113,Emery,Antognazzi,eantognazzi34@nps.gov,Male,Madagascar,1983/05/03
114,Annette,Paul,apaul35@360.cn,Female,Ukraine,1974/03/06
115,Henrie,Lambswood,hlambswood36@unblog.fr,Bigender,Canada,1994/10/07
116,Alfi,Tongue,atongue37@acquirethisname.com,Female,Poland,1952/02/22
117,Kylila,Palfreman,kpalfreman38@china.com.cn,Female,Peru,1979/06/18
118,Emmanuel,Jewers,ejewers39@salon.com,Male,Colombia,1961/09/12
119,Dyna,Duffett,dduffett3a@istockphoto.com,Female,China,1960/02/23
120,Antonia,Woodruff,awoodruff3b@a8.net,Polygender,Brazil,2000/03/31
121,Lian,Reams,lreams3c@goo.gl,Female,France,1989/11/19
122,Corette,Kmietsch,ckmietsch3d@gov.uk,Female,Lebanon,1951/05/31
123,Elwood,Iacopetti,eiacopetti3e@yahoo.co.jp,Male,Indonesia,1980/03/26
124,Wilow,Burroughes,wburroughes3f@vkontakte.ru,Female,Poland,1961/04/08
125,Anneliese,Bednall,abednall3g@feedburner.com,Female,Brazil,1991/06/13
126,Yanaton,Cuningham,ycuningham3h@patch.com,Male,China,1995/11/03
127,Minni,Craufurd,mcraufurd3i@si.edu,Female,Poland,1951/08/22
128,Evanne,Lippi,elippi3j@technorati.com,Female,Indonesia,1955/12/11
129,Kiah,Penas,kpenas3k@theguardian.com,Female,China,1986/11/19
130,Belvia,Lazell,blazell3l@nydailynews.com,Female,Philippines,1958/04/26
131,Cissiee,Muzzollo,cmuzzollo3m@marriott.com,Female,Brazil,1985/08/19
132,Michael,Secombe,msecombe3n@scribd.com,Male,Costa Rica,1989/02/24
133,Ludwig,Bennen,lbennen3o@toplist.cz,Male,Croatia,1986/02/28
134,Hadley,Goodliffe,hgoodliffe3p@msn.com,Male,Finland,1998/10/20
135,Karel,Eddow,keddow3q@typepad.com,Male,Chile,1986/10/07
136,Salome,Garmanson,sgarmanson3r@illinois.edu,Female,Thailand,1970/01/05
137,Wilbur,Heffron,wheffron3s@a8.net,Male,Portugal,1960/09/21
138,Welbie,MacArdle,wmacardle3t@blogtalkradio.com,Male,United States,1991/01/02
139,Ezmeralda,Starte,estarte3u@livejournal.com,Female,Indonesia,1955/04/16
140,Hanan,Wolfindale,hwolfindale3v@fc2.com,Male,Tunisia,1997/03/15
141,Terra,Loughren,tloughren3w@eepurl.com,Female,Philippines,1992/04/18
142,Karney,Cheavin,kcheavin3x@godaddy.com,Male,Bangladesh,1979/05/31
143,Hadleigh,Insall,hinsall3y@google.co.uk,Male,Portugal,1980/09/03
144,Leroi,Carratt,lcarratt3z@geocities.com,Male,Russia,1975/01/28
145,Harlene,Farquharson,hfarquharson40@sciencedirect.com,Genderfluid,Philippines,1993/02/27
146,Shae,McLice,smclice41@answers.com,Female,Poland,1957/06/07
147,Lisabeth,Van Saltsberg,lvansaltsberg42@facebook.com,Female,Finland,1999/09/26
148,Annabal,Izkovici,aizkovici43@csmonitor.com,Female,Sweden,1991/01/05
149,Carol-jean,Hayen,chayen44@webeden.co.uk,Female,China,1964/06/21
150,Justus,Faustian,jfaustian45@paypal.com,Male,United States,1964/08/29
151,Rab,Plews,rplews46@example.com,Male,Slovenia,1984/03/09
152,Corine,Richel,crichel47@discuz.net,Female,Russia,1962/03/14
153,Scotti,Shillabeare,sshillabeare48@oracle.com,Male,China,1975/04/28
154,Lauree,Joincey,ljoincey49@hatena.ne.jp,Female,China,1971/11/20
155,Vidovic,Taffley,vtaffley4a@aol.com,Male,China,1962/04/30
156,Lauralee,Snazle,lsnazle4b@51.la,Female,Philippines,1951/05/13
157,Gradey,Roydon,groydon4c@newsvine.com,Male,Philippines,1953/08/12
158,Melli,Drawmer,mdrawmer4d@princeton.edu,Female,Nigeria,1980/08/16
159,Iris,Huddart,ihuddart4e@wp.com,Female,Dominican Republic,1991/09/30
160,Rosco,Eary,reary4f@woothemes.com,Male,Czech Republic,1956/03/27
161,Noel,Longhorne,nlonghorne4g@paypal.com,Female,South Africa,1983/03/15
162,Cozmo,Mordanti,cmordanti4h@marriott.com,Male,Ukraine,1957/08/27
163,Michail,Kibbye,mkibbye4i@1und1.de,Male,France,1998/01/19
164,Jerri,Foot,jfoot4j@ovh.net,Male,Germany,1974/04/25
165,Anastasia,McKeevers,amckeevers4k@harvard.edu,Female,France,1989/06/13
166,Sterling,Headrick,sheadrick4l@bbc.co.uk,Male,Philippines,1961/09/12
167,Oswell,Gauche,ogauche4m@joomla.org,Male,Indonesia,1969/03/08
168,Rosanne,Cotgrove,rcotgrove4n@sun.com,Bigender,Poland,1962/11/08
169,Dex,Spellacey,dspellacey4o@forbes.com,Male,Mauritius,1970/01/08
170,Marnie,Winsley,mwinsley4p@photobucket.com,Female,China,1997/10/22
171,Jourdain,McGibbon,jmcgibbon4q@google.ru,Bigender,Portugal,1979/10/25
172,Rene,Jeannequin,rjeannequin4r@stanford.edu,Male,Vietnam,1989/08/19
173,Tammie,Cordeix,tcordeix4s@europa.eu,Female,China,1996/02/25
174,Britteny,Garrish,bgarrish4t@ovh.net,Female,Indonesia,1976/05/01
175,Gilli,Tourville,gtourville4u@infoseek.co.jp,Female,Syria,1989/08/02
176,Giralda,Juhruke,gjuhruke4v@timesonline.co.uk,Female,United States,1971/08/12
177,Rice,de Banke,rdebanke4w@seattletimes.com,Male,China,1985/12/23
178,Binnie,Heilds,bheilds4x@ask.com,Female,Philippines,1968/04/29
179,Kitty,Radbourne,kradbourne4y@marketwatch.com,Female,Portugal,1965/12/27
180,Jamima,Realff,jrealff4z@upenn.edu,Female,Netherlands,1972/08/16
181,Regine,Salter,rsalter50@ask.com,Female,Colombia,1970/09/16
182,Lonni,Olligan,lolligan51@hexun.com,Female,China,1956/12/31
183,Diann,Conradsen,dconradsen52@google.cn,Female,China,1961/01/30
184,Carce,Leavy,cleavy53@house.gov,Male,Georgia,1982/11/27
185,Ellie,Braidman,ebraidman54@usatoday.com,Female,China,1968/01/18
186,Leonard,Kerbler,lkerbler55@usa.gov,Male,Jamaica,1962/04/17
187,Jaimie,Paolotto,jpaolotto56@ftc.gov,Female,Ukraine,1984/07/09
188,Garold,Melarkey,gmelarkey57@livejournal.com,Male,Peru,1989/06/27
189,Adelbert,Tatterton,atatterton58@home.pl,Non-binary,China,1976/09/25
190,Ernesto,Abbys,eabbys59@hugedomains.com,Male,China,1970/04/04
191,Lancelot,Thaw,lthaw5a@theglobeandmail.com,Male,Ukraine,1994/06/23
192,Charissa,Macbeth,cmacbeth5b@nydailynews.com,Agender,Dominican Republic,1967/10/20
193,Lucilia,Picopp,lpicopp5c@dell.com,Female,Portugal,1963/12/04
194,Shana,Isard,sisard5d@flavors.me,Female,Croatia,1992/06/26
195,Page,Leyden,pleyden5e@uiuc.edu,Male,Indonesia,1975/01/01
196,Giulio,Suett,gsuett5f@prnewswire.com,Male,Portugal,1963/05/09
197,Aprilette,Seine,aseine5g@blogs.com,Female,China,1983/07/04
198,Peggi,Knight,pknight5h@tamu.edu,Female,France,1973/10/20
199,Robenia,Edmott,redmott5i@cocolog-nifty.com,Female,South Africa,2000/04/21
200,Dotty,Heild,dheild5j@marriott.com,Female,Thailand,1964/10/24
201,Winnie,Yurenev,wyurenev5k@surveymonkey.com,Female,Russia,1959/04/19
202,Ab,Glencorse,aglencorse5l@boston.com,Male,Brazil,1968/11/11
203,Bronnie,Phoebe,bphoebe5m@smugmug.com,Male,Mongolia,1971/01/18
204,Gennie,Oakenford,goakenford5n@unblog.fr,Female,Brazil,1993/07/24
205,Irwinn,Eldershaw,ieldershaw5o@latimes.com,Genderqueer,Brazil,1972/04/29
206,Felice,Ivakhnov,fivakhnov5p@privacy.gov.au,Female,Niger,1959/03/10
207,Immanuel,Osmant,iosmant5q@reverbnation.com,Male,United States,1988/02/19
208,Tatiana,Pickles,tpickles5r@prweb.com,Female,Ireland,1953/05/04
209,Maxy,Bartocci,mbartocci5s@sakura.ne.jp,Male,Peru,1968/02/26
210,Ulysses,Comar,ucomar5t@360.cn,Male,Norway,1954/08/15
211,Selena,Bewley,sbewley5u@linkedin.com,Female,Mexico,1991/05/07
212,Delmer,Luis,dluis5v@utexas.edu,Male,Poland,1963/05/18
213,Isobel,Bradmore,ibradmore5w@slashdot.org,Female,Azerbaijan,1962/08/15
214,Harrie,Shilito,hshilito5x@ucoz.com,Female,Argentina,1973/01/29
215,Findley,Kinnar,fkinnar5y@about.com,Male,Nigeria,1979/02/20
216,Jeannine,Horley,jhorley5z@msu.edu,Female,Sweden,1958/04/02
217,Stern,Whitton,swhitton60@mozilla.com,Male,France,1953/11/15
218,Micaela,Bliven,mbliven61@symantec.com,Female,Peru,1958/08/16
219,Gerhardt,Gaitskill,ggaitskill62@theglobeandmail.com,Male,Philippines,1994/01/30
220,Yancey,Boddy,yboddy63@mayoclinic.com,Male,Brazil,1991/05/29
221,Kerry,Du Plantier,kduplantier64@surveymonkey.com,Male,Indonesia,1956/09/23
222,Leroy,Maddra,lmaddra65@illinois.edu,Male,China,1965/05/10
223,Michael,Studdeard,mstuddeard66@imdb.com,Male,Spain,1965/01/06
224,Augie,Serjent,aserjent67@msu.edu,Male,Argentina,1957/02/12
225,Morty,Downing,mdowning68@sina.com.cn,Male,Brazil,1955/01/12
226,Teddi,Godfrey,tgodfrey69@bluehost.com,Female,France,1994/05/20
227,Issie,Crawshay,icrawshay6a@stanford.edu,Female,Isle of Man,1963/09/13
228,Sheilakathryn,Treadaway,streadaway6b@google.fr,Female,Burundi,1997/07/13
229,Shay,Compson,scompson6c@blogspot.com,Female,Philippines,1985/07/10
230,Melva,Hazeup,mhazeup6d@usgs.gov,Female,Canada,1950/12/04
231,Ingrid,Abadam,iabadam6e@whitehouse.gov,Female,Mexico,1984/10/31
232,Boothe,MacVean,bmacvean6f@nature.com,Male,Brazil,1981/11/25
233,Benyamin,Paullin,bpaullin6g@people.com.cn,Male,Indonesia,1996/01/28
234,Wilton,Amort,wamort6h@ucoz.ru,Male,Indonesia,1984/04/21
235,Preston,Sherbourne,psherbourne6i@howstuffworks.com,Male,China,1974/07/24
236,Tobe,Hinners,thinners6j@paypal.com,Male,China,1959/10/01
237,Ole,Bamb,obamb6k@prweb.com,Male,Brazil,1980/07/30
238,Konstanze,Duckerin,kduckerin6l@tumblr.com,Female,Chile,1962/04/26
239,Glyn,Colthard,gcolthard6m@uiuc.edu,Female,Cuba,1953/03/28
240,Sherman,Tabram,stabram6n@wunderground.com,Male,Czech Republic,1974/09/02
241,Britni,Costello,bcostello6o@intel.com,Female,Indonesia,1980/09/21
242,Jonell,Denley,jdenley6p@telegraph.co.uk,Genderfluid,United States,1969/05/30
243,Eva,Vitall,evitall6q@omniture.com,Female,Canada,1990/02/13
244,Patton,Allwood,pallwood6r@webeden.co.uk,Male,Malaysia,1979/07/21
245,Mufinella,Matskiv,mmatskiv6s@weather.com,Female,Indonesia,1994/08/07
246,Robbi,Duggan,rduggan6t@ovh.net,Female,Thailand,1968/11/10
247,Rik,Stuckley,rstuckley6u@ucoz.ru,Male,Sierra Leone,1961/11/06
248,Pen,Leate,pleate6v@soup.io,Male,Lithuania,1960/11/21
249,Jessie,Germain,jgermain6w@addtoany.com,Male,China,1954/10/28
250,Langston,Popworth,lpopworth6x@whitehouse.gov,Male,China,1961/10/26
251,Lanie,Streeten,lstreeten6y@bluehost.com,Female,China,1990/03/02
252,Gottfried,Cure,gcure6z@deviantart.com,Male,China,1996/10/26
253,Gavra,Veare,gveare70@time.com,Female,France,1955/06/15
254,Rennie,Isley,risley71@mlb.com,Female,Philippines,1966/06/13
255,Lou,Helm,lhelm72@pbs.org,Female,Philippines,1979/11/16
256,Stepha,Fitzroy,sfitzroy73@w3.org,Female,Brazil,1977/11/16
257,Renata,Govan,rgovan74@discovery.com,Female,Uzbekistan,1988/12/22
258,Holt,Corbould,hcorbould75@vkontakte.ru,Male,Ireland,1977/09/05
259,Hube,Desvignes,hdesvignes76@wikispaces.com,Bigender,Philippines,1991/02/05
260,Penny,Bollom,pbollom77@va.gov,Male,Czech Republic,1991/07/20
261,Beret,Benallack,bbenallack78@usgs.gov,Female,Colombia,1972/04/22
262,Bryant,Doret,bdoret79@globo.com,Male,Brazil,1957/06/24
263,Justino,Pedron,jpedron7a@com.com,Male,United States,1956/05/05
264,Stavros,Kalinsky,skalinsky7b@mac.com,Male,Ukraine,1995/06/28
265,Hestia,Makin,hmakin7c@yellowpages.com,Female,Ireland,1952/06/09
266,Gaelan,Maykin,gmaykin7d@hud.gov,Male,Argentina,1986/09/24
267,Alleen,Plowell,aplowell7e@hc360.com,Female,Swaziland,1953/03/26
268,Constance,Chadwick,cchadwick7f@marketwatch.com,Female,Indonesia,1959/10/27
269,Donnie,Oxshott,doxshott7g@ucsd.edu,Female,Colombia,1960/03/18
270,Arnie,Borkin,aborkin7h@sitemeter.com,Male,Mexico,1978/02/10
271,Toddie,Mowles,tmowles7i@dmoz.org,Genderqueer,Nigeria,1985/02/16
272,Natal,Sebley,nsebley7j@npr.org,Male,China,1984/03/30
273,Boy,Sprakes,bsprakes7k@livejournal.com,Male,Indonesia,1962/07/01
274,Clemmie,Haggerwood,chaggerwood7l@mtv.com,Female,Indonesia,1958/04/09
275,Josselyn,Campkin,jcampkin7m@diigo.com,Female,China,1996/08/05
276,Iorgos,Grealey,igrealey7n@hibu.com,Male,China,1966/11/21
277,Griffy,Longden,glongden7o@themeforest.net,Male,Belarus,1968/08/06
278,Walker,Hulance,whulance7p@salon.com,Male,Thailand,1983/01/22
279,Humphrey,Beesey,hbeesey7q@prlog.org,Male,China,1956/06/10
280,Obie,Hobson,ohobson7r@homestead.com,Male,Dominican Republic,1980/12/08
281,Zaneta,Bessey,zbessey7s@unblog.fr,Female,Syria,1981/04/13
282,Zandra,Sanper,zsanper7t@home.pl,Female,Indonesia,1998/08/26
283,Ailey,Manklow,amanklow7u@tinyurl.com,Female,Philippines,1981/08/31
284,Warden,Filasov,wfilasov7v@edublogs.org,Male,Gambia,1955/11/29
285,Merell,Grocock,mgrocock7w@netscape.com,Male,China,1992/01/11
286,Allina,Rambadt,arambadt7x@adobe.com,Female,Gambia,1958/07/23
287,Maia,Fedorchenko,mfedorchenko7y@who.int,Female,Thailand,1958/10/07
288,Mathew,Skryne,mskryne7z@elegantthemes.com,Genderqueer,Sweden,1959/05/13
289,Sybila,Skeldinge,sskeldinge80@canalblog.com,Bigender,El Salvador,1969/05/14
290,Ema,Benmore,ebenmore81@jigsy.com,Female,Russia,1957/08/21
291,Jessi,Kinnett,jkinnett82@tmall.com,Female,France,1952/10/14
292,Bride,Lock,block83@ehow.com,Female,China,1967/01/18
293,Jordanna,Lathan,jlathan84@spiegel.de,Female,Iran,1980/08/21
294,Karisa,Assad,kassad85@desdev.cn,Female,France,1958/01/16
295,Cody,Mc Gaughey,cmcgaughey86@usatoday.com,Female,Iceland,1950/11/02
296,Merridie,Bolwell,mbolwell87@51.la,Female,Philippines,1999/10/07
297,Iolande,Rydings,irydings88@cnbc.com,Female,Yemen,1953/01/31
298,Isaiah,Tooby,itooby89@house.gov,Male,Czech Republic,1978/01/05
299,Elysia,Rowlstone,erowlstone8a@wiley.com,Female,China,1957/08/30
300,Marven,Cockett,mcockett8b@ebay.com,Polygender,Philippines,1961/05/30
301,Tedmund,Reape,treape8c@networkadvertising.org,Male,Indonesia,1958/11/15
302,Clarke,Gilfoyle,cgilfoyle8d@godaddy.com,Male,China,1965/10/24
303,Oby,Jecock,ojecock8e@mediafire.com,Male,Colombia,1968/12/12
304,Aldin,Waltering,awaltering8f@soup.io,Male,Malaysia,1975/04/29
305,Hallie,Kimbling,hkimbling8g@discovery.com,Genderqueer,Spain,1962/10/30
306,Evelin,Furzey,efurzey8h@typepad.com,Male,Croatia,1953/07/22
307,Shurlock,Southby,ssouthby8i@youtu.be,Male,Philippines,1991/09/28
308,Carson,Lorkins,clorkins8j@usda.gov,Male,Portugal,1990/12/24
309,Mari,Bhar,mbhar8k@samsung.com,Female,Portugal,1993/11/05
310,Cass,Wilden,cwilden8l@admin.ch,Female,Portugal,1992/06/06
311,Sheeree,Challoner,schalloner8m@businesswire.com,Female,Indonesia,1958/06/27
312,Kyrstin,Blasing,kblasing8n@ebay.com,Female,Tanzania,1977/01/18
313,Tomkin,Flattman,tflattman8o@smh.com.au,Male,Finland,1980/04/22
314,Andre,Silliman,asilliman8p@edublogs.org,Male,United States,2000/01/12
315,Rocky,Gamett,rgamett8q@huffingtonpost.com,Male,Guatemala,1965/04/14
316,Roxi,Snalum,rsnalum8r@com.com,Female,Indonesia,1993/03/24
317,Perl,Rolse,prolse8s@cpanel.net,Female,Indonesia,1965/02/14
318,Athene,Bentote,abentote8t@patch.com,Female,Pakistan,1998/04/30
319,Cirstoforo,Edgington,cedgington8u@linkedin.com,Male,Colombia,1973/06/09
320,Wallas,Chene,wchene8v@squarespace.com,Male,Malaysia,1981/04/28
321,Fowler,Pauling,fpauling8w@freewebs.com,Non-binary,China,1999/07/08
322,Rica,Itzhaiek,ritzhaiek8x@facebook.com,Female,Indonesia,1985/05/19
323,Woodrow,Lisimore,wlisimore8y@latimes.com,Male,France,1989/03/16
324,Ediva,Drable,edrable8z@usnews.com,Female,Russia,1974/07/03
325,Gayle,Gulston,ggulston90@simplemachines.org,Genderfluid,China,1960/10/06
326,Misha,Mechan,mmechan91@kickstarter.com,Female,United Kingdom,1985/10/02
327,Cris,Rothchild,crothchild92@usda.gov,Male,Belarus,1980/11/20
328,Yoko,Poone,ypoone93@shutterfly.com,Female,Netherlands,1965/03/04
329,Dorothea,Szymanek,dszymanek94@goo.ne.jp,Female,China,1984/11/20
330,Ferdie,Grigolon,fgrigolon95@github.io,Male,China,1977/04/27
331,Vivyanne,Vannuchi,vvannuchi96@slashdot.org,Female,China,1992/03/08
332,Marni,Elegood,melegood97@t-online.de,Female,Russia,1963/04/24
333,Xever,Lawton,xlawton98@marriott.com,Genderfluid,Japan,1953/10/19
334,Fabe,Francesch,ffrancesch99@multiply.com,Bigender,Brazil,1998/08/12
335,Winnie,McGivena,wmcgivena9a@bbc.co.uk,Female,France,1969/05/16
336,Bran,Mafham,bmafham9b@examiner.com,Male,Indonesia,1963/03/03
337,Guntar,Flack,gflack9c@economist.com,Male,United States,1980/02/29
338,Erl,Shotboult,eshotboult9d@imgur.com,Male,Indonesia,1950/12/15
339,Molli,Grazier,mgrazier9e@php.net,Female,China,1963/05/11
340,Quentin,Clell,qclell9f@unc.edu,Male,China,1975/03/24
341,Carita,Cicetti,ccicetti9g@adobe.com,Female,Indonesia,1998/01/03
342,Egbert,Malatalant,emalatalant9h@etsy.com,Male,Russia,1994/07/02
343,Lilas,Oosthout de Vree,loosthoutdevree9i@last.fm,Female,Poland,1983/06/19
344,Editha,Ticic,eticic9j@google.co.jp,Female,Russia,1964/09/17
345,Chico,Matyushenko,cmatyushenko9k@flavors.me,Male,Brazil,1981/02/26
346,Marcia,Glading,mglading9l@techcrunch.com,Bigender,Poland,1966/01/29
347,Gilli,Ismay,gismay9m@miibeian.gov.cn,Female,Ukraine,1973/11/14
348,Cher,McPike,cmcpike9n@google.co.jp,Female,Philippines,1962/12/04
349,Shawnee,Devereu,sdevereu9o@clickbank.net,Female,Sweden,1956/02/19
350,Peg,Townsend,ptownsend9p@ucla.edu,Female,Indonesia,1962/11/05
351,Sherilyn,Beetlestone,sbeetlestone9q@hexun.com,Female,Ukraine,1980/04/08
352,Shina,Kruschov,skruschov9r@a8.net,Female,Indonesia,1975/04/14
353,Ferris,Meaton,fmeaton9s@blogspot.com,Male,Poland,1971/01/26
354,Packston,McClaurie,pmcclaurie9t@gmpg.org,Male,Dominican Republic,1996/05/20
355,Diana,Ragg,dragg9u@blinklist.com,Female,China,1964/08/29
356,Yves,Elgram,yelgram9v@ustream.tv,Male,Kenya,1990/09/30
357,Horatio,Alty,halty9w@barnesandnoble.com,Male,Indonesia,1973/12/01
358,Sheilah,Riggert,sriggert9x@multiply.com,Female,Thailand,1975/09/04
359,Les,Wallentin,lwallentin9y@list-manage.com,Male,Brazil,1954/09/28
360,Brant,Mattiuzzi,bmattiuzzi9z@house.gov,Male,China,1978/09/14
361,Trixy,Neenan,tneenana0@yellowbook.com,Female,Indonesia,1958/04/07
362,Pat,Greedy,pgreedya1@bloomberg.com,Female,Russia,1985/12/10
363,Hogan,Longson,hlongsona2@google.co.uk,Male,China,1974/10/07
364,Dennet,Crack,dcracka3@tinypic.com,Bigender,Peru,1986/09/21
365,Abe,Kilfoyle,akilfoylea4@usda.gov,Male,Colombia,1981/02/16
366,Nonah,Barnewille,nbarnewillea5@loc.gov,Female,Philippines,1986/01/11
367,Arleyne,Betteney,abetteneya6@cam.ac.uk,Female,Russia,1992/11/22
368,Barbabra,Fawson,bfawsona7@ibm.com,Female,Colombia,1991/01/05
369,Barnard,Marval,bmarvala8@cpanel.net,Male,China,1960/10/24
370,Ilise,Dominique,idominiquea9@networksolutions.com,Female,Andorra,1966/03/24
371,Myrvyn,Hethron,mhethronaa@ovh.net,Male,China,1957/05/08
372,Kessia,Dowsett,kdowsettab@webs.com,Agender,Thailand,2000/03/17
373,Welby,Angove,wangoveac@kickstarter.com,Male,Indonesia,1953/07/02
374,Caty,Winyard,cwinyardad@statcounter.com,Female,Czech Republic,1965/02/21
375,Ellerey,Kendrick,ekendrickae@google.com.au,Male,Philippines,1980/07/14
376,Jodi,Lief,jliefaf@spotify.com,Male,Cuba,1980/07/22
377,Eadmund,Domelaw,edomelawag@zdnet.com,Male,Indonesia,1971/06/11
378,Ronald,Romeuf,rromeufah@lulu.com,Male,Pakistan,1966/04/13
379,Andris,Turneux,aturneuxai@imageshack.us,Male,China,1952/05/10
380,Fidole,Phethean,fphetheanaj@intel.com,Male,Colombia,2000/06/16
381,Morly,Fildery,mfilderyak@unc.edu,Male,Albania,1994/07/05
382,Melodee,Espina,mespinaal@deliciousdays.com,Female,Saint Helena,1961/12/28
383,Alessandra,Tailour,atailouram@wordpress.org,Female,Ireland,1977/12/08
384,Rupert,Sherreard,rsherreardan@pbs.org,Male,Argentina,1981/01/20
385,Nolly,Stride,nstrideao@bbb.org,Male,Russia,1984/01/13
386,Putnam,Grunwald,pgrunwaldap@mayoclinic.com,Male,United States,1956/05/20
387,Sutton,Tullett,stullettaq@netlog.com,Male,China,1962/02/02
388,Lorant,Schuelcke,lschuelckear@livejournal.com,Male,Tajikistan,1982/08/29
389,Lorant,Trimbey,ltrimbeyas@msu.edu,Male,Kazakhstan,1998/09/10
390,Bernarr,Carville,bcarvilleat@facebook.com,Male,China,1997/02/16
391,Anson,Inns,ainnsau@techcrunch.com,Male,Portugal,1993/05/04
392,Cullan,Fenkel,cfenkelav@sourceforge.net,Male,China,1985/06/06
393,Kitti,Durker,kdurkeraw@latimes.com,Female,Sweden,1954/05/12
394,Doy,Wallace,dwallaceax@lulu.com,Male,Indonesia,1958/12/21
395,Corri,Allain,callainay@pinterest.com,Female,Costa Rica,1989/01/26
396,Arvy,Wakeling,awakelingaz@so-net.ne.jp,Male,Armenia,1966/06/12
397,Julia,McAneny,jmcanenyb0@canalblog.com,Female,Indonesia,1979/04/17
398,Perry,Egell,pegellb1@smugmug.com,Male,France,2000/02/15
399,Hedvig,McKennan,hmckennanb2@buzzfeed.com,Female,China,1976/01/31
400,Othelia,Blake,oblakeb3@pen.io,Female,Colombia,1976/02/12
401,Lenora,Ness,lnessb4@skyrock.com,Female,Poland,1974/02/27
402,Jeddy,Jannaway,jjannawayb5@yahoo.co.jp,Male,Czech Republic,1988/01/18
403,Fred,Poleye,fpoleyeb6@booking.com,Male,Brazil,2000/04/12
404,Nikolaus,Roostan,nroostanb7@networksolutions.com,Male,Argentina,1978/06/25
405,Jaclin,Vasenkov,jvasenkovb8@meetup.com,Agender,France,1960/03/06
406,Loy,Trivett,ltrivettb9@wisc.edu,Male,Russia,1967/02/19
407,Mary,Atty,mattyba@foxnews.com,Female,Cuba,1972/03/31
408,Emmi,Mahomet,emahometbb@domainmarket.com,Female,China,1999/08/04
409,Nerte,Heathcoat,nheathcoatbc@merriam-webster.com,Female,Brazil,1994/05/29
410,Desiree,Duesbury,dduesburybd@jimdo.com,Female,Portugal,1986/06/13
411,Man,De Roberto,mderobertobe@ted.com,Male,China,1985/06/10
412,Jamal,Branton,jbrantonbf@bizjournals.com,Male,Russia,1960/12/14
413,Emiline,Voas,evoasbg@photobucket.com,Female,China,1974/02/24
414,Enriqueta,Wapple,ewapplebh@mozilla.org,Female,Netherlands,1999/02/03
415,Jamie,Tellesson,jtellessonbi@edublogs.org,Female,China,1959/03/12
416,Ludovico,Woolager,lwoolagerbj@narod.ru,Male,France,1982/10/19
417,Carole,Duckinfield,cduckinfieldbk@netscape.com,Female,Brazil,1953/02/10
418,Artair,Lygo,alygobl@bing.com,Male,Indonesia,1970/11/02
419,Vick,Haylett,vhaylettbm@japanpost.jp,Male,Ireland,1961/03/07
420,Yuri,Sumner,ysumnerbn@zdnet.com,Male,Bosnia and Herzegovina,1959/01/18
421,Andreana,Pagin,apaginbo@drupal.org,Female,China,1983/05/18
422,Isidro,Mahony,imahonybp@nature.com,Male,Brazil,1961/01/26
423,Molli,Pesek,mpesekbq@mashable.com,Female,France,1960/10/28
424,Jany,Pennycuick,jpennycuickbr@elpais.com,Female,El Salvador,1979/04/10
425,Clerkclaude,Astupenas,castupenasbs@issuu.com,Male,Slovenia,1991/11/17
426,Ivette,Becarra,ibecarrabt@google.co.jp,Female,China,1974/01/12
427,Lewes,Abramowitch,labramowitchbu@cnn.com,Male,Greece,1966/02/10
428,Emilee,Doggart,edoggartbv@utexas.edu,Female,Finland,1955/12/15
429,Bernardina,Petrazzi,bpetrazzibw@wiley.com,Female,France,1985/02/16
430,Irma,Rapley,irapleybx@dmoz.org,Female,Jamaica,1983/05/14
431,Emily,Lawrinson,elawrinsonby@sourceforge.net,Female,Haiti,1983/10/08
432,Stanton,Wing,swingbz@miibeian.gov.cn,Male,Iran,1969/04/17
433,Natty,Sahlstrom,nsahlstromc0@harvard.edu,Male,China,1994/03/30
434,Standford,Mityushin,smityushinc1@flickr.com,Male,Poland,1978/11/07
435,Michel,Lemmon,mlemmonc2@state.tx.us,Female,Indonesia,1997/01/14
436,Quillan,Milnthorpe,qmilnthorpec3@posterous.com,Male,Russia,1999/09/17
437,Reeta,Kerne,rkernec4@people.com.cn,Female,Morocco,1956/02/23
438,Fidelity,Carleton,fcarletonc5@thetimes.co.uk,Female,China,1961/10/28
439,Ynez,Desseine,ydesseinec6@samsung.com,Genderqueer,Brazil,1968/01/06
440,Toddie,Lapworth,tlapworthc7@storify.com,Male,Poland,1990/06/06
441,Kath,Robers,krobersc8@hud.gov,Female,Spain,1980/02/23
442,Elie,Chretien,echretienc9@lycos.com,Female,Russia,1969/09/10
443,Kahaleel,Garaghan,kgaraghanca@parallels.com,Male,Philippines,1977/08/24
444,Jacinda,Read,jreadcb@1688.com,Female,Greece,1991/04/25
445,Lianna,Foakes,lfoakescc@netlog.com,Genderqueer,China,1980/06/03
446,Uriel,Bean,ubeancd@cmu.edu,Male,South Korea,2000/04/23
447,Finlay,McCrillis,fmccrillisce@earthlink.net,Male,Indonesia,1965/05/19
448,Murdock,Trewhela,mtrewhelacf@pcworld.com,Male,Venezuela,1969/08/23
449,Keriann,Kneale,kknealecg@smh.com.au,Female,Portugal,1999/10/30
450,Maryrose,Mulleary,mmullearych@gnu.org,Bigender,Indonesia,1980/09/18
451,Jaynell,Ondrousek,jondrousekci@live.com,Female,Taiwan,1997/08/20
452,Booth,Mitchelmore,bmitchelmorecj@nydailynews.com,Male,United States,1966/07/07
453,Estrella,Matusovsky,ematusovskyck@blogger.com,Female,United States,1968/01/21
454,Dulcea,Geggie,dgeggiecl@51.la,Female,China,1968/01/16
455,Marcelia,Manueau,mmanueaucm@ustream.tv,Female,Iran,1965/01/27
456,Janeta,Queripel,jqueripelcn@bloglovin.com,Female,Antigua and Barbuda,1999/12/01
457,Christian,Hollingsbee,chollingsbeeco@squarespace.com,Male,Bolivia,1991/11/17
458,Benjamin,Cannicott,bcannicottcp@forbes.com,Male,Indonesia,1970/01/02
459,Zachariah,McWhirter,zmcwhirtercq@geocities.jp,Male,China,1960/03/05
460,Benoit,Mc Combe,bmccombecr@surveymonkey.com,Male,Brazil,1957/04/23
461,Harlan,Lalor,hlalorcs@symantec.com,Male,Indonesia,1968/09/12
462,Timmy,Lampe,tlampect@harvard.edu,Male,Honduras,1958/04/10
463,Mayne,Polson,mpolsoncu@typepad.com,Male,Mexico,1996/12/16
464,Mala,Lydford,mlydfordcv@army.mil,Female,China,1980/04/07
465,Lynett,Cresser,lcressercw@soup.io,Female,Russia,1970/12/31
466,Regina,Goroni,rgoronicx@independent.co.uk,Female,Nigeria,1987/11/20
467,Onfroi,Sinkins,osinkinscy@mayoclinic.com,Male,Nepal,1957/12/19
468,Faulkner,Brittin,fbrittincz@usa.gov,Male,Philippines,1955/07/21
469,Imogen,Sirman,isirmand0@guardian.co.uk,Female,Peru,1988/05/06
470,Samaria,Szwarc,sszwarcd1@is.gd,Female,Tunisia,1973/10/29
471,Aldis,Bromwich,abromwichd2@vkontakte.ru,Male,Brazil,1965/11/02
472,Barbara-anne,Hickisson,bhickissond3@sourceforge.net,Female,Philippines,1970/04/18
473,Atlante,Isaksen,aisaksend4@nsw.gov.au,Female,Indonesia,1995/11/05
474,Garner,Beneze,gbenezed5@bbc.co.uk,Genderfluid,Russia,1953/10/18
475,Thacher,Beresford,tberesfordd6@goodreads.com,Male,Brazil,1994/08/18
476,Ezmeralda,Bulford,ebulfordd7@elegantthemes.com,Female,Sweden,1973/02/22
477,Hilliard,Wisson,hwissond8@geocities.com,Male,Thailand,1979/09/12
478,Noelani,Patley,npatleyd9@wikia.com,Female,Yemen,1972/12/14
479,Karolina,Giacomoni,kgiacomonida@vkontakte.ru,Female,Portugal,1977/10/10
480,Dmitri,Peacey,dpeaceydb@slate.com,Male,Mexico,1983/03/20
481,Algernon,Nicolls,anicollsdc@yahoo.com,Male,Russia,1978/04/17
482,Deedee,Clempton,dclemptondd@ted.com,Female,Japan,1967/11/27
483,Cyndi,Gligorijevic,cgligorijevicde@unc.edu,Female,Sweden,1962/03/25
484,Owen,Tidman,otidmandf@pinterest.com,Male,Philippines,1984/08/09
485,Morley,Baudin,mbaudindg@g.co,Male,Netherlands,1996/09/20
486,Butch,Wallbutton,bwallbuttondh@japanpost.jp,Male,China,1956/06/19
487,Noach,Stait,nstaitdi@google.com,Male,China,1993/04/25
488,Whitby,Rival,wrivaldj@webmd.com,Male,Ivory Coast,1953/11/04
489,Irma,Edginton,iedgintondk@github.io,Female,Philippines,1969/08/04
490,Adolph,Fitzsimon,afitzsimondl@mtv.com,Male,France,1970/03/03
491,Vic,Hammor,vhammordm@lulu.com,Male,Ireland,1997/05/05
492,Baron,Mulgrew,bmulgrewdn@virginia.edu,Male,Ireland,1997/12/18
493,Ginnifer,Benzie,gbenziedo@nymag.com,Female,Czech Republic,1965/08/04
494,Christyna,Gillan,cgillandp@creativecommons.org,Female,China,1997/11/21
495,Cordey,Klaffs,cklaffsdq@soup.io,Female,Brazil,1972/01/02
496,Cherilynn,Ormesher,cormesherdr@berkeley.edu,Female,United States,1954/08/19
497,Marthena,Skellon,mskellonds@msu.edu,Female,China,1974/01/04
498,Margarete,Waycott,mwaycottdt@digg.com,Female,China,1954/12/06
499,Jere,Oiller,joillerdu@scientificamerican.com,Female,China,1955/10/29
500,Jonie,Bryer,jbryerdv@slideshare.net,Female,Macedonia,1988/09/13
501,Adolph,Braizier,abraizierdw@addtoany.com,Male,China,1987/09/30
502,Carolin,Brunetti,cbrunettidx@house.gov,Female,Sweden,1952/12/30
503,Nolly,Axleby,naxlebydy@imageshack.us,Male,Zambia,1994/11/21
504,Demott,Renshell,drenshelldz@exblog.jp,Male,Peru,1960/12/25
505,Slade,Snap,ssnape0@networksolutions.com,Male,Argentina,1974/01/08
506,Sibyl,Joel,sjoele1@thetimes.co.uk,Male,Philippines,1955/11/24
507,Matthew,Pardoe,mpardoee2@weibo.com,Male,Nicaragua,1953/01/14
508,Lorraine,Haborn,lhaborne3@list-manage.com,Female,United States,1953/05/11
509,Minna,Lugden,mlugdene4@vk.com,Female,Curacao,1969/05/04
510,Reina,Kilgour,rkilgoure5@samsung.com,Female,Hungary,1990/01/04
511,Abraham,Durnan,adurnane6@si.edu,Male,China,1985/01/28
512,Paola,Battista,pbattistae7@bbb.org,Non-binary,Indonesia,1984/06/11
513,Orrin,Hamlyn,ohamlyne8@unesco.org,Male,France,1978/08/31
514,Ania,Yakushkev,ayakushkeve9@linkedin.com,Female,Portugal,1999/11/10
515,Paola,Seekings,pseekingsea@naver.com,Female,Poland,1950/11/10
516,Fanchon,Rickaert,frickaerteb@yelp.com,Genderfluid,Colombia,1995/01/26
517,Consolata,Renac,crenacec@nytimes.com,Female,Portugal,1972/12/13
518,Baillie,Rudolph,brudolphed@usnews.com,Male,United States,1982/04/05
519,Rudolfo,Pichmann,rpichmannee@reference.com,Male,China,1952/08/01
520,Margit,Brandolini,mbrandolinief@360.cn,Female,Sweden,1990/10/19
521,Godiva,Vasilyev,gvasilyeveg@china.com.cn,Female,Bulgaria,1990/11/10
522,Giustino,Stepney,gstepneyeh@t-online.de,Male,France,1985/07/15
523,Berne,Axtell,baxtellei@gov.uk,Male,Panama,1983/06/19
524,Saul,Manketell,smanketellej@eepurl.com,Male,Indonesia,1996/11/16
525,Margaret,MacAlpyne,mmacalpyneek@businesswire.com,Female,Philippines,1976/02/26
526,Ellswerth,Skeene,eskeeneel@myspace.com,Male,China,1993/07/27
527,Guilbert,Jopling,gjoplingem@networksolutions.com,Male,Nicaragua,1957/01/17
528,Dottie,Puig,dpuigen@paypal.com,Female,Estonia,1982/06/24
529,Jermain,Lampbrecht,jlampbrechteo@usa.gov,Male,Argentina,1966/11/02
530,Robinson,Beincken,rbeinckenep@creativecommons.org,Male,China,1956/09/28
531,Ingunna,Noore,inooreeq@angelfire.com,Female,China,1958/02/23
532,Royall,Gavrielli,rgavriellier@digg.com,Male,Japan,1999/03/12
533,Moritz,Riddel,mriddeles@51.la,Male,China,1978/12/13
534,Maurie,Isaac,misaacet@sohu.com,Male,Portugal,1967/11/18
535,Jefferey,Frail,jfraileu@ed.gov,Male,Philippines,1983/09/18
536,Bliss,Puttick,bputtickev@cnet.com,Female,China,1958/09/30
537,Urson,Praundlin,upraundlinew@linkedin.com,Male,China,1974/11/01
538,Luelle,Dalliwater,ldalliwaterex@bizjournals.com,Female,China,1973/12/06
539,Bevan,Orgill,borgilley@cbc.ca,Male,Ukraine,1977/01/04
540,Brandea,Guiet,bguietez@lycos.com,Non-binary,Slovenia,1996/10/29
541,Harwell,Meininking,hmeininkingf0@cam.ac.uk,Male,Cyprus,1966/02/09
542,Trude,Borman,tbormanf1@nbcnews.com,Female,Panama,1984/03/17
543,Darsey,Yanin,dyaninf2@ucsd.edu,Female,France,1959/09/11
544,Donavon,MacGilpatrick,dmacgilpatrickf3@instagram.com,Male,China,1983/11/24
545,Corny,Aizic,caizicf4@sogou.com,Male,Tanzania,1994/06/18
546,Eolande,Daniele,edanielef5@redcross.org,Female,Indonesia,1952/09/10
547,Amata,Wyard,awyardf6@ihg.com,Female,Indonesia,1989/07/03
548,Lemuel,Georgi,lgeorgif7@reference.com,Male,Namibia,1988/11/04
549,Edith,Whitfeld,ewhitfeldf8@apple.com,Female,Poland,1968/05/01
550,Rafael,Droghan,rdroghanf9@usnews.com,Male,China,1984/10/28
551,Norine,Pedler,npedlerfa@rakuten.co.jp,Polygender,China,1988/05/27
552,Millicent,Pearson,mpearsonfb@amazon.co.uk,Female,China,1987/01/16
553,Benny,Philbrick,bphilbrickfc@marriott.com,Male,Thailand,1974/10/23
554,Wilburt,Webland,wweblandfd@istockphoto.com,Male,Indonesia,1963/10/10
555,Nita,Zavattari,nzavattarife@utexas.edu,Female,Portugal,1997/06/10
556,Leila,Claybourn,lclaybournff@ning.com,Female,France,1991/08/15
557,Bernita,York,byorkfg@yellowbook.com,Female,China,1966/09/22
558,Calhoun,Morrallee,cmorralleefh@chronoengine.com,Male,United States,1985/03/15
559,Scott,Mattocks,smattocksfi@etsy.com,Male,Canada,1960/02/19
560,May,Dalligan,mdalliganfj@usnews.com,Female,Palestinian Territory,1955/12/21
561,Teressa,Crass,tcrassfk@ebay.co.uk,Female,Brazil,1987/05/09
562,Tobias,Massinger,tmassingerfl@cbslocal.com,Male,United States,1994/06/02
563,Peyter,Stockbridge,pstockbridgefm@paypal.com,Male,Ethiopia,1965/07/17
564,Margaux,Wyley,mwyleyfn@canalblog.com,Female,Thailand,1958/08/25
565,Aurea,Gartell,agartellfo@nps.gov,Genderqueer,United States,1968/08/08
566,Renie,Bottell,rbottellfp@dailymail.co.uk,Female,China,1968/04/02
567,Liza,Beals,lbealsfq@paginegialle.it,Female,Nicaragua,1968/06/14
568,Meade,Maciocia,mmaciociafr@chicagotribune.com,Male,Bolivia,1994/11/14
569,Niko,Ewington,newingtonfs@google.cn,Male,Indonesia,1955/04/14
570,Beckie,Keenlyside,bkeenlysideft@desdev.cn,Female,Latvia,1965/06/17
571,Colby,Scutchings,cscutchingsfu@wikia.com,Male,China,1979/09/30
572,Filide,Sissot,fsissotfv@mashable.com,Female,Indonesia,1984/04/09
573,Cheston,Kildale,ckildalefw@oakley.com,Male,Ukraine,1954/06/05
574,Devon,Ferreres,dferreresfx@cpanel.net,Female,Canada,1967/04/30
575,Adelaide,Andreu,aandreufy@va.gov,Female,China,1959/09/26
576,Sunny,Collyear,scollyearfz@auda.org.au,Female,Gambia,1974/08/11
577,Marsha,Gaytor,mgaytorg0@linkedin.com,Female,China,1976/07/27
578,Clevey,Tomasutti,ctomasuttig1@pen.io,Male,Indonesia,1977/03/07
579,Hadley,Kohring,hkohringg2@archive.org,Male,Brazil,2000/05/08
580,Osgood,Klimkowski,oklimkowskig3@vkontakte.ru,Male,Russia,1993/05/31
581,Beau,Gahagan,bgahagang4@cbsnews.com,Male,Colombia,1990/05/11
582,Daune,MacPherson,dmacphersong5@aol.com,Female,Canada,1987/04/23
583,Eba,Gleader,egleaderg6@freewebs.com,Female,Azerbaijan,1990/10/07
584,Thayne,Sydney,tsydneyg7@usatoday.com,Male,Bangladesh,1969/07/24
585,Milissent,Basnett,mbasnettg8@csmonitor.com,Female,China,1972/04/26
586,Homer,McGrirl,hmcgrirlg9@nifty.com,Male,Sweden,1989/04/01
587,Zebedee,Wanjek,zwanjekga@themeforest.net,Bigender,Paraguay,1988/06/09
588,Craggy,Branchflower,cbranchflowergb@tmall.com,Male,Colombia,1963/04/18
589,Dew,Kaszper,dkaszpergc@live.com,Male,Russia,1972/04/02
590,Delmar,Gatiss,dgatissgd@shutterfly.com,Male,China,1978/07/03
591,Lambert,Vinnicombe,lvinnicombege@altervista.org,Male,Uzbekistan,1971/03/19
592,Elsi,Stratten,estrattengf@blogspot.com,Female,Croatia,1954/01/29
593,Mara,Mathonnet,mmathonnetgg@ebay.co.uk,Female,Colombia,1978/09/05
594,Urbanus,Liebmann,uliebmanngh@amazon.com,Male,China,1991/09/04
595,Lotti,Coniff,lconiffgi@netscape.com,Female,China,1981/04/06
596,Nelli,Grouer,ngrouergj@buzzfeed.com,Female,Azerbaijan,1992/04/11
597,Garrott,Goodwin,ggoodwingk@gravatar.com,Male,Indonesia,1987/07/07
598,Dallas,Boas,dboasgl@wikipedia.org,Male,Bolivia,1991/09/22
599,Kurtis,Livingstone,klivingstonegm@webs.com,Male,France,1989/11/19
600,Alfie,Tilsley,atilsleygn@imdb.com,Male,Philippines,1994/10/01
601,Jessica,Deavall,jdeavallgo@amazon.de,Female,Armenia,1999/12/14
602,Franciskus,Mannion,fmanniongp@surveymonkey.com,Male,China,1982/05/29
603,Rubie,Patman,rpatmangq@yelp.com,Genderfluid,Philippines,1959/08/03
604,Georas,Doale,gdoalegr@desdev.cn,Male,China,1971/08/29
605,Bette-ann,Kwietak,bkwietakgs@wikispaces.com,Female,United States,1985/08/31
606,Bernadine,Canton,bcantongt@vimeo.com,Female,China,1961/07/18
607,Kaitlynn,Rojas,krojasgu@omniture.com,Female,Philippines,1992/09/09
608,Chicky,Chadwyck,cchadwyckgv@dot.gov,Male,Iceland,1960/10/27
609,Kimball,Blenkiron,kblenkirongw@dyndns.org,Male,Saint Kitts and Nevis,1950/11/10
610,Alisun,Goshawke,agoshawkegx@eventbrite.com,Female,China,1996/10/15
611,Ricki,Riccio,rricciogy@nature.com,Genderqueer,Indonesia,1998/04/18
612,Jody,Jordan,jjordangz@sitemeter.com,Male,Taiwan,1960/11/21
613,Ogden,Trudgian,otrudgianh0@nbcnews.com,Male,China,1960/01/22
614,Jonathan,Rase,jraseh1@wordpress.com,Male,Slovenia,1981/12/23
615,Amalle,Mitrikhin,amitrikhinh2@seattletimes.com,Female,Eritrea,1959/09/16
616,Brendis,Callar,bcallarh3@edublogs.org,Male,Indonesia,1965/08/29
617,Ado,Ovid,aovidh4@theguardian.com,Male,Indonesia,2000/06/01
618,Kaleena,Gadault,kgadaulth5@csmonitor.com,Female,Bulgaria,1997/05/04
619,Calla,Maffione,cmaffioneh6@ftc.gov,Female,Serbia,1951/03/30
620,Viva,Spinetti,vspinettih7@exblog.jp,Female,Russia,1989/10/17
621,Judah,Du Hamel,jduhamelh8@google.com.hk,Male,Croatia,1964/12/07
622,Dorothy,Dibdall,ddibdallh9@ed.gov,Female,Poland,1979/12/18
623,Sheffie,Margerrison,smargerrisonha@smh.com.au,Male,Russia,2000/07/02
624,Orly,Woollard,owoollardhb@miibeian.gov.cn,Female,Indonesia,1988/05/06
625,Jillayne,Beckhouse,jbeckhousehc@over-blog.com,Female,Peru,1986/12/26
626,Judon,Pegden,jpegdenhd@dot.gov,Male,Jordan,1979/03/26
627,Bartholomew,Terrill,bterrillhe@umn.edu,Male,China,1975/10/01
628,Jarid,Wands,jwandshf@google.co.jp,Male,China,1957/01/28
629,Aldin,Barsam,abarsamhg@google.it,Male,Poland,1992/11/26
630,Troy,Wadwell,twadwellhh@merriam-webster.com,Male,Micronesia,1985/07/12
631,Edi,Cohane,ecohanehi@github.com,Female,Turkmenistan,1968/07/24
632,Hans,Sherwell,hsherwellhj@hugedomains.com,Male,Sweden,1998/05/11
633,Filip,Blowing,fblowinghk@pen.io,Male,China,1958/09/12
634,Riley,Fritz,rfritzhl@wikia.com,Male,Malaysia,1957/06/05
635,Chrisy,Corballis,ccorballishm@dyndns.org,Male,Russia,1995/01/31
636,Sherm,Deerr,sdeerrhn@webnode.com,Male,Philippines,1998/04/19
637,Ferris,McGerraghty,fmcgerraghtyho@edublogs.org,Male,Bosnia and Herzegovina,1958/08/09
638,Teri,Serrurier,tserrurierhp@wunderground.com,Female,Indonesia,1983/06/28
639,Olwen,Schiell,oschiellhq@nature.com,Female,China,1963/04/08
640,Jacobo,Cadlock,jcadlockhr@canalblog.com,Male,France,1981/10/13
641,Ed,Mingey,emingeyhs@behance.net,Male,Haiti,1962/05/05
642,Cahra,Eastup,ceastupht@cnn.com,Female,Slovenia,1999/07/28
643,Donni,Cheng,dchenghu@blogs.com,Genderqueer,China,1961/02/08
644,Dicky,Eicheler,deichelerhv@cbslocal.com,Male,United States,1989/03/08
645,Tomas,Crispe,tcrispehw@usnews.com,Male,Philippines,1959/03/20
646,Danit,Martinho,dmartinhohx@gmpg.org,Female,Philippines,1971/08/07
647,Geno,Pinyon,gpinyonhy@weibo.com,Male,China,1999/10/31
648,Salem,Slemmonds,sslemmondshz@omniture.com,Male,Mexico,1953/01/23
649,Patrice,Slyford,pslyfordi0@pagesperso-orange.fr,Male,Slovenia,1997/06/30
650,Selestina,Derbyshire,sderbyshirei1@arizona.edu,Female,Indonesia,2000/02/19
651,Odelia,Rollason,orollasoni2@phoca.cz,Genderfluid,China,1988/12/02
652,Cybil,Corps,ccorpsi3@4shared.com,Female,Russia,1972/02/09
653,Marietta,Bohling,mbohlingi4@so-net.ne.jp,Female,Philippines,1984/01/11
654,Jaine,Hess,jhessi5@guardian.co.uk,Female,China,1986/01/11
655,Cate,Escott,cescotti6@reddit.com,Female,Tanzania,1968/01/12
656,Tommie,Danzelman,tdanzelmani7@scientificamerican.com,Female,Nigeria,1971/07/31
657,Harmon,Hessenthaler,hhessenthaleri8@usgs.gov,Male,China,1997/12/20
658,Albertina,Heckney,aheckneyi9@booking.com,Female,Afghanistan,1991/03/07
659,Esta,Fullerd,efullerdia@columbia.edu,Female,Philippines,1990/01/12
660,Geoffrey,Cubbit,gcubbitib@apple.com,Male,Russia,1970/01/30
661,Aharon,Denk,adenkic@sitemeter.com,Polygender,Indonesia,1994/10/25
662,Francisco,Gaynes,fgaynesid@dell.com,Male,Antigua and Barbuda,1987/01/19
663,Breena,Van Der Walt,bvanderwaltie@wp.com,Female,Mexico,1989/01/26
664,Halsey,M'Quharg,hmquhargif@prlog.org,Male,Indonesia,1997/08/31
665,Hammad,Kidstoun,hkidstounig@imdb.com,Genderfluid,Russia,1975/08/09
666,Berty,Nears,bnearsih@jiathis.com,Male,Indonesia,1993/03/25
667,Cordell,Malafe,cmalafeii@vinaora.com,Non-binary,Peru,1971/06/02
668,Quinlan,Daniellot,qdaniellotij@soup.io,Male,Nigeria,1978/06/03
669,Marchall,Thurlbourne,mthurlbourneik@oakley.com,Agender,Philippines,1994/06/25
670,Yorker,Cowan,ycowanil@illinois.edu,Male,Philippines,1954/04/20
671,Karna,Bugbird,kbugbirdim@answers.com,Female,Kazakhstan,1976/02/20
672,Fifine,Baistow,fbaistowin@moonfruit.com,Female,Malaysia,1999/12/20
673,Northrup,Adair,nadairio@wufoo.com,Male,Thailand,1980/03/13
674,Syman,Rodwell,srodwellip@state.tx.us,Male,Ukraine,1979/02/11
675,Mandi,Shelmardine,mshelmardineiq@apache.org,Female,Lithuania,1984/02/17
676,Carter,Pexton,cpextonir@addthis.com,Male,China,1951/11/26
677,Gallard,Sallinger,gsallingeris@cisco.com,Male,Mexico,1973/02/03
678,Shawnee,Hinckes,shinckesit@booking.com,Female,Indonesia,1999/02/09
679,Burty,Connechie,bconnechieiu@foxnews.com,Male,Tajikistan,1952/11/28
680,Gerick,Duncombe,gduncombeiv@dell.com,Male,Ecuador,1996/04/13
681,Dorris,Soan,dsoaniw@usda.gov,Female,China,1967/11/05
682,Abbie,Whyberd,awhyberdix@illinois.edu,Polygender,China,1976/12/20
683,Isidro,Bouchard,ibouchardiy@plala.or.jp,Male,France,1986/11/23
684,Lilias,Drain,ldrainiz@newsvine.com,Female,Kazakhstan,1973/11/23
685,Abbe,Orchard,aorchardj0@pen.io,Genderfluid,Argentina,1982/07/27
686,Balduin,De Giorgio,bdegiorgioj1@behance.net,Male,Venezuela,1986/01/31
687,Cymbre,Fillan,cfillanj2@goodreads.com,Bigender,Costa Rica,1987/11/11
688,Cob,Tanby,ctanbyj3@noaa.gov,Male,Indonesia,1962/08/24
689,Doy,Iacopo,diacopoj4@photobucket.com,Male,Morocco,1968/04/20
690,Brooks,McGuire,bmcguirej5@bandcamp.com,Female,Brazil,1985/06/19
691,Barbaraanne,Tolmie,btolmiej6@rambler.ru,Female,China,1991/05/21
692,Constantine,Barnby,cbarnbyj7@diigo.com,Male,China,1995/11/15
693,Tarah,O'Lagene,tolagenej8@whitehouse.gov,Female,Japan,1978/09/22
694,Lynelle,McGookin,lmcgookinj9@yellowpages.com,Female,China,1984/05/04
695,Sergeant,Northway,snorthwayja@usgs.gov,Male,Cuba,1962/09/29
696,Michell,Beach,mbeachjb@webnode.com,Female,Ukraine,1963/08/31
697,Alasteir,Muncer,amuncerjc@wikipedia.org,Male,Brazil,1976/05/16
698,Mariann,Bertome,mbertomejd@quantcast.com,Female,Brazil,1957/08/10
699,Nate,Frowd,nfrowdje@drupal.org,Male,Vietnam,1976/12/06
700,Patin,Orteaux,porteauxjf@oracle.com,Male,Madagascar,1974/10/27
701,Debbi,Lawrey,dlawreyjg@twitpic.com,Female,China,1954/11/18
702,Jeanie,Tainton,jtaintonjh@about.me,Female,Malta,1984/08/10
703,Mahmoud,Ash,mashji@dropbox.com,Male,Madagascar,1980/09/11
704,Winthrop,Poundford,wpoundfordjj@eventbrite.com,Genderfluid,Philippines,1959/10/08
705,Desiree,Crowson,dcrowsonjk@cdc.gov,Female,Mexico,1966/07/02
706,Vitia,Bayston,vbaystonjl@yolasite.com,Female,Indonesia,1965/08/01
707,Garik,Wearne,gwearnejm@addtoany.com,Male,Vietnam,1985/05/08
708,Brande,Forth,bforthjn@amazon.com,Female,France,1970/12/09
709,Abel,Goskar,agoskarjo@quantcast.com,Male,Japan,1971/08/16
710,Barnebas,Wagerfield,bwagerfieldjp@facebook.com,Male,Russia,1973/07/27
711,Antonin,Fancutt,afancuttjq@pen.io,Male,Brazil,1977/03/19
712,Ginnie,Durnell,gdurnelljr@smugmug.com,Female,Sweden,1960/08/20
713,Lucio,Pauli,lpaulijs@amazonaws.com,Male,Mexico,1974/08/14
714,Tann,Von Salzberg,tvonsalzbergjt@discuz.net,Male,China,1993/08/02
715,Gabbie,Wheelband,gwheelbandju@upenn.edu,Female,Indonesia,1957/04/09
716,Abby,Ormistone,aormistonejv@timesonline.co.uk,Male,Madagascar,1994/06/20
717,Sigismondo,Whifen,swhifenjw@geocities.com,Male,South Africa,1998/02/02
718,Jules,Ferris,jferrisjx@cdbaby.com,Male,Poland,1967/12/07
719,Hillary,Curtain,hcurtainjy@shareasale.com,Female,United States,1961/06/19
720,Doralynn,Oldknowe,doldknowejz@bbb.org,Female,Russia,1979/07/07
721,Thorndike,Roskelley,troskelleyk0@joomla.org,Male,Colombia,1968/08/12
722,Innis,Gleasane,igleasanek1@rediff.com,Male,China,1979/07/26
723,Myrna,Patriskson,mpatrisksonk2@senate.gov,Female,Indonesia,1958/10/07
724,Arri,Chippendale,achippendalek3@sogou.com,Male,France,1987/12/27
725,Torrin,Stango,tstangok4@mayoclinic.com,Male,Indonesia,1975/04/17
726,Phip,Dargavel,pdargavelk5@blog.com,Non-binary,Indonesia,1982/04/23
727,Felisha,Chismon,fchismonk6@stumbleupon.com,Female,China,1971/11/23
728,Magda,Burree,mburreek7@rambler.ru,Genderqueer,Colombia,1976/10/10
729,Arlinda,Bromell,abromellk8@w3.org,Female,Sweden,1953/02/12
730,Marijn,Boeter,mboeterk9@goo.gl,Male,Indonesia,1970/02/21
731,Valencia,McIlmorie,vmcilmorieka@twitter.com,Female,Gambia,1979/12/20
732,Ashlie,Skip,askipkb@smh.com.au,Female,Poland,1985/06/23
733,Keene,Mewhirter,kmewhirterkc@blogs.com,Male,Peru,1985/11/25
734,Letizia,Bewsey,lbewseykd@usatoday.com,Polygender,Japan,1990/07/20
735,Cirillo,Barabich,cbarabichke@washingtonpost.com,Male,Ethiopia,1985/12/01
736,Rurik,Foulds,rfouldskf@slideshare.net,Male,China,1964/12/30
737,Norine,Keighly,nkeighlykg@wsj.com,Polygender,China,1970/08/05
738,Mariska,Capaldi,mcapaldikh@columbia.edu,Female,Afghanistan,1982/04/23
739,Haywood,Coopey,hcoopeyki@t.co,Male,Pakistan,1977/04/26
740,Grantham,Child,gchildkj@gravatar.com,Male,Philippines,1966/02/11
741,Johnath,Blockey,jblockeykk@mapy.cz,Female,Portugal,1960/03/02
742,Cornelius,Loads,cloadskl@census.gov,Male,Philippines,1987/01/07
743,Birgitta,Sansom,bsansomkm@dyndns.org,Female,South Africa,1960/04/01
744,Sadella,Pude,spudekn@e-recht24.de,Female,Philippines,1959/08/28
745,Birgitta,Haddrill,bhaddrillko@berkeley.edu,Female,China,1995/08/26
746,Shantee,Prinett,sprinettkp@discovery.com,Non-binary,Croatia,1956/01/05
747,Leilah,Andersson,landerssonkq@google.com.au,Female,Brazil,1959/01/09
748,Marita,Thompsett,mthompsettkr@hugedomains.com,Female,Japan,1990/03/10
749,Clint,Moubray,cmoubrayks@webs.com,Male,Russia,1966/02/03
750,Thaxter,Cossons,tcossonskt@reference.com,Male,Venezuela,1955/05/15
751,Saxon,Jagger,sjaggerku@usnews.com,Male,Bosnia and Herzegovina,1968/04/12
752,Aubrie,Longstaff,alongstaffkv@purevolume.com,Female,Poland,1975/09/27
753,Immanuel,Rubertis,irubertiskw@accuweather.com,Male,Indonesia,1956/07/29
754,Coleman,Cantopher,ccantopherkx@walmart.com,Polygender,Czech Republic,1964/04/27
755,Augusta,Males,amalesky@issuu.com,Female,China,1969/11/12
756,Dale,Caccavari,dcaccavarikz@aboutads.info,Male,China,1972/03/04
757,Lorry,Benesevich,lbenesevichl0@cnbc.com,Genderfluid,Chile,1952/04/23
758,Onofredo,Beaman,obeamanl1@utexas.edu,Male,Canada,1964/04/26
759,Charlie,Connew,cconnewl2@epa.gov,Bigender,Serbia,1961/09/13
760,Celia,Tows,ctowsl3@prlog.org,Female,China,1988/11/11
761,Siana,Paule,spaulel4@pbs.org,Female,China,1984/12/29
762,Michaela,Norwell,mnorwelll5@comsenz.com,Female,Japan,1998/01/24
763,Broddie,McBain,bmcbainl6@csmonitor.com,Male,Malaysia,1976/04/17
764,Ferguson,Evelyn,fevelynl7@unesco.org,Male,Indonesia,1963/08/01
765,Moe,Broadey,mbroadeyl8@phpbb.com,Male,China,1995/09/03
766,Imogen,Dreier,idreierl9@nps.gov,Female,Indonesia,1962/03/16
767,Sherilyn,Louche,slouchela@tinyurl.com,Female,Japan,1994/01/08
768,Zared,Prott,zprottlb@feedburner.com,Male,China,1957/01/12
769,Elsie,Crucitti,ecrucittilc@jigsy.com,Bigender,China,1973/08/13
770,Burton,Heinig,bheinigld@smh.com.au,Male,Myanmar,1971/04/02
771,Dorian,Biddlestone,dbiddlestonele@smugmug.com,Female,Ukraine,1967/10/16
772,Herc,Ranshaw,hranshawlf@jiathis.com,Male,Indonesia,1993/08/23
773,Anastassia,Eytel,aeytellg@wordpress.org,Female,Republic of the Congo,1975/12/22
774,Gregor,Bavage,gbavagelh@networkadvertising.org,Male,Peru,1986/07/10
775,Vince,Mearing,vmearingli@tinypic.com,Male,Philippines,1995/01/29
776,Darbee,Slavin,dslavinlj@berkeley.edu,Male,China,1980/05/12
777,Hammad,Gulleford,hgullefordlk@ning.com,Male,China,1964/03/04
778,Nerty,Klossek,nklossekll@msu.edu,Polygender,Armenia,1970/09/20
779,Cecilla,Ticehurst,cticehurstlm@state.gov,Agender,Brazil,1954/06/23
780,Donica,Shearwood,dshearwoodln@ifeng.com,Female,Poland,1959/07/08
781,Joya,Sommer,jsommerlo@amazon.co.jp,Female,Czech Republic,1986/03/31
782,Armstrong,Gothup,agothuplp@yahoo.co.jp,Bigender,Canada,1989/06/30
783,Doralin,Foystone,dfoystonelq@usgs.gov,Female,Indonesia,1971/05/06
784,Hebert,Cardwell,hcardwelllr@nationalgeographic.com,Male,Brazil,1969/06/07
785,Hillery,Chown,hchownls@uiuc.edu,Male,Indonesia,1984/08/19
786,Demetris,Grog,dgroglt@paginegialle.it,Female,Jordan,1954/09/10
787,Elna,Wield,ewieldlu@zdnet.com,Female,Brazil,1977/09/23
788,Harriett,Padula,hpadulalv@g.co,Female,China,1998/01/20
789,Jerrie,Ebdon,jebdonlw@blogs.com,Male,Mexico,1970/04/28
790,Ardene,Napoleone,anapoleonelx@mozilla.org,Female,Russia,1976/09/18
791,Cirilo,Shorto,cshortoly@dell.com,Male,Macedonia,1958/09/07
792,Alene,Brauner,abraunerlz@ihg.com,Female,Russia,1989/03/16
793,Michaelina,Drinan,mdrinanm0@webs.com,Female,Peru,1955/12/22
794,Paquito,McKellar,pmckellarm1@princeton.edu,Male,Russia,1997/12/25
795,Valery,Anglin,vanglinm2@epa.gov,Female,Palestinian Territory,1985/09/29
796,Anthiathia,Munson,amunsonm3@upenn.edu,Female,China,1993/03/11
797,Rani,Ivashnikov,rivashnikovm4@shop-pro.jp,Female,Mexico,1984/06/26
798,Juan,Ferminger,jfermingerm5@phoca.cz,Male,Philippines,1979/06/25
799,Kinna,Gwyneth,kgwynethm6@imdb.com,Female,Mexico,1962/07/20
800,Jessalyn,Pickworth,jpickworthm7@rambler.ru,Female,Austria,1979/06/15
801,Nanine,Goundrill,ngoundrillm8@washington.edu,Female,China,1956/11/20
802,Fairfax,Hufton,fhuftonm9@usnews.com,Male,United States,1963/02/09
803,Rafaela,Skule,rskulema@mozilla.com,Female,China,1999/12/10
804,Una,O'Lehane,uolehanemb@ebay.co.uk,Female,Indonesia,1988/02/21
805,Deena,Liversedge,dliversedgemc@linkedin.com,Female,Indonesia,1958/06/07
806,Nissie,Jiroutek,njiroutekmd@ox.ac.uk,Female,Morocco,1952/07/26
807,Percival,Jobling,pjoblingme@opera.com,Male,Mexico,1990/10/31
808,Marietta,Balling,mballingmf@github.io,Female,Russia,1962/05/10
809,Andi,Pennoni,apennonimg@over-blog.com,Female,Russia,1989/12/06
810,Teriann,Chrishop,tchrishopmh@constantcontact.com,Female,Luxembourg,1956/06/08
811,Nona,Winslett,nwinslettmi@virginia.edu,Female,Egypt,1964/07/24
812,Valdemar,Hyndson,vhyndsonmj@ocn.ne.jp,Male,Mongolia,1986/06/25
813,Alissa,McKeady,amckeadymk@shop-pro.jp,Female,Indonesia,1996/11/18
814,Tait,Bettenay,tbettenayml@amazon.co.uk,Male,Luxembourg,1967/03/09
815,Lynnelle,Perris,lperrismm@jalbum.net,Female,United States,1969/08/28
816,Junette,Langlais,jlanglaismn@mapy.cz,Female,Mexico,1964/07/20
817,Nicky,Vercruysse,nvercruyssemo@bandcamp.com,Male,Philippines,1955/02/20
818,Juieta,Edgler,jedglermp@tiny.cc,Female,Canada,1991/08/04
819,Juditha,Grishagin,jgrishaginmq@youtube.com,Female,United States,1959/03/31
820,Lefty,Hearnah,lhearnahmr@washingtonpost.com,Male,China,1955/04/08
821,Rena,Reed,rreedms@smh.com.au,Female,France,1966/01/06
822,Armando,Blucher,abluchermt@g.co,Male,Kuwait,1968/01/14
823,Adelheid,Micklem,amicklemmu@macromedia.com,Polygender,China,1979/04/13
824,Isabelle,Lightman,ilightmanmv@parallels.com,Female,Morocco,1957/04/14
825,Codee,Langtry,clangtrymw@bbb.org,Female,France,1975/06/08
826,Sandie,Birtonshaw,sbirtonshawmx@spiegel.de,Female,Serbia,1957/12/12
827,Arri,Siggery,asiggerymy@bravesites.com,Male,Brazil,1953/01/15
828,Whit,Fautley,wfautleymz@scientificamerican.com,Male,China,1976/11/23
829,Georg,Opie,gopien0@zimbio.com,Male,Thailand,1983/08/18
830,Kienan,Cordle,kcordlen1@example.com,Male,Ukraine,1987/12/09
831,Ad,Sheaber,asheabern2@examiner.com,Agender,Philippines,1981/10/27
832,Carmencita,Ziemecki,cziemeckin3@marketwatch.com,Female,Thailand,1980/10/16
833,Allianora,Brennenstuhl,abrennenstuhln4@drupal.org,Female,Belarus,1988/12/26
834,Jerrine,Tyers,jtyersn5@foxnews.com,Female,Uganda,1977/03/22
835,Hillier,Pigne,hpignen6@pcworld.com,Male,China,1974/01/20
836,Deanne,Winchurch,dwinchurchn7@vk.com,Female,Indonesia,1954/04/10
837,Edgard,Crebo,ecrebon8@irs.gov,Male,Ukraine,1951/05/28
838,Phillis,Caldera,pcalderan9@yolasite.com,Female,Cameroon,1974/11/24
839,Loren,Baudy,lbaudyna@google.cn,Male,Zimbabwe,1993/10/13
840,Bil,Kelberman,bkelbermannb@smugmug.com,Male,Croatia,1955/11/04
841,Stefa,Einchcombe,seinchcombenc@usgs.gov,Female,Pakistan,1959/10/08
842,Adriano,Masham,amashamnd@addthis.com,Male,Russia,1960/08/02
843,Gnni,Weins,gweinsne@goodreads.com,Female,Indonesia,1997/11/25
844,Libbie,Kitchingham,lkitchinghamnf@jalbum.net,Polygender,Malta,1990/03/26
845,Madlen,Gorgl,mgorglng@oracle.com,Female,Mexico,1999/09/08
846,Wendeline,Sellan,wsellannh@ebay.com,Female,Czech Republic,1972/09/22
847,Legra,Motion,lmotionni@reverbnation.com,Genderfluid,Indonesia,1980/11/10
848,Shanda,Fogel,sfogelnj@businessweek.com,Female,Croatia,1980/10/14
849,Scarlett,Grigs,sgrigsnk@slideshare.net,Female,Luxembourg,1968/05/17
850,Inez,Belden,ibeldennl@deviantart.com,Female,United States,1969/03/08
851,Matti,Redington,mredingtonnm@cnet.com,Female,China,1978/06/11
852,Lauri,Ortells,lortellsnn@merriam-webster.com,Female,China,1973/03/01
853,Lucita,O'Sheerin,losheerinno@mozilla.com,Female,Sierra Leone,1953/07/29
854,Carson,Russan,crussannp@webeden.co.uk,Male,Colombia,1974/10/21
855,Geneva,Oglevie,goglevienq@senate.gov,Female,Peru,1959/12/14
856,Niall,Roose,nroosenr@360.cn,Male,United States,1967/12/04
857,Jesse,Elvish,jelvishns@gnu.org,Male,France,1999/12/27
858,Pincas,Dobbings,pdobbingsnt@cisco.com,Male,Lebanon,1958/08/14
859,Rosa,Aviss,ravissnu@nyu.edu,Female,Tunisia,1976/10/03
860,Taylor,Widdowes,twiddowesnv@arizona.edu,Male,Portugal,1992/04/03
861,Star,Haryngton,sharyngtonnw@about.me,Female,Indonesia,1973/10/09
862,Oby,Di Maggio,odimaggionx@slate.com,Male,China,1988/09/27
863,Moll,Daulton,mdaultonny@pinterest.com,Female,Pakistan,1982/10/18
864,Kinna,Mottley,kmottleynz@ehow.com,Female,Argentina,1970/09/10
865,Ivonne,Myers,imyerso0@cpanel.net,Female,China,1974/04/12
866,Esmaria,Gammill,egammillo1@answers.com,Female,Finland,2000/01/12
867,Tiffanie,Gallally,tgallallyo2@yahoo.co.jp,Non-binary,Brazil,1980/06/09
868,Prue,Leatt,pleatto3@nytimes.com,Female,Indonesia,1967/08/15
869,Gretel,MacAlees,gmacaleeso4@qq.com,Female,Sweden,1998/03/15
870,Anatola,Marmion,amarmiono5@qq.com,Female,Poland,1973/10/31
871,Bing,Charsley,bcharsleyo6@1688.com,Male,Peru,1959/07/02
872,Oralla,Caplis,ocapliso7@opera.com,Female,China,1975/12/19
873,Ninon,Courson,ncoursono8@uiuc.edu,Female,Finland,1965/11/24
874,Pearce,Kirk,pkirko9@hubpages.com,Male,Albania,1996/06/09
875,Karla,Matheson,kmathesonoa@live.com,Female,Mexico,1988/10/07
876,Ruddie,Hamilton,rhamiltonob@shop-pro.jp,Male,Peru,1964/12/30
877,Melly,Aynold,maynoldoc@va.gov,Female,Philippines,1996/07/12
878,Merle,Cosford,mcosfordod@nationalgeographic.com,Male,Indonesia,1993/08/25
879,Roland,Beden,rbedenoe@devhub.com,Male,Japan,1952/09/21
880,Monica,Capineer,mcapineerof@sitemeter.com,Female,Brazil,1977/04/28
881,Camellia,Gillam,cgillamog@walmart.com,Female,China,1996/10/08
882,Mill,Booker,mbookeroh@google.de,Genderqueer,China,1969/06/26
883,Rolando,Baitson,rbaitsonoi@ted.com,Male,Pakistan,1976/01/21
884,Reba,Holdey,rholdeyoj@nps.gov,Female,Czech Republic,1994/04/08
885,Wynnie,Gelsthorpe,wgelsthorpeok@ezinearticles.com,Female,Japan,1972/09/01
886,Lorry,Van De Cappelle,lvandecappelleol@ocn.ne.jp,Agender,Peru,1953/01/01
887,Cherlyn,Charlon,ccharlonom@opera.com,Female,South Africa,1989/07/04
888,Farah,Gudde,fguddeon@walmart.com,Non-binary,Poland,1985/01/03
889,Wilow,Sawley,wsawleyoo@answers.com,Female,Russia,1957/02/25
890,Nonnah,Arblaster,narblasterop@cafepress.com,Non-binary,Portugal,1979/05/11
891,Calhoun,Cheasman,ccheasmanoq@paginegialle.it,Male,Indonesia,1970/07/18
892,Juana,Boldry,jboldryor@wunderground.com,Female,China,1952/02/18
893,Henryetta,Sonner,hsonneros@woothemes.com,Female,China,1969/02/20
894,Germaine,Pirdy,gpirdyot@shop-pro.jp,Male,Bangladesh,1987/09/22
895,Broddy,Cappleman,bcapplemanou@tripadvisor.com,Male,China,1971/10/06
896,Audrey,Rushbrooke,arushbrookeov@ning.com,Female,China,1956/02/11
897,Alvina,Conybear,aconybearow@yahoo.co.jp,Female,Cameroon,1957/02/05
898,Hewe,Duffrie,hduffrieox@yahoo.co.jp,Male,Portugal,1989/11/24
899,Jenna,Keer,jkeeroy@myspace.com,Female,Azerbaijan,1993/07/24
900,Kelley,Duddy,kduddyoz@furl.net,Genderqueer,Colombia,1960/08/04
901,Merilyn,Christal,mchristalp0@craigslist.org,Female,Indonesia,1955/09/25
902,Zaria,Duplock,zduplockp1@virginia.edu,Female,Nigeria,1965/08/11
903,Helena,O'Corrane,hocorranep2@thetimes.co.uk,Female,Russia,1990/05/01
904,Jabez,Dowson,jdowsonp3@mapy.cz,Male,United States,1999/04/23
905,Shaylynn,Greenley,sgreenleyp4@google.com,Genderqueer,Malaysia,1963/06/05
906,Aloysius,Brigge,abriggep5@unblog.fr,Male,France,1968/01/16
907,Albert,Edinburgh,aedinburghp6@unblog.fr,Male,China,1960/03/15
908,Dosi,Wallach,dwallachp7@soup.io,Genderfluid,El Salvador,1997/01/17
909,Dorian,Bridson,dbridsonp8@pagesperso-orange.fr,Male,Senegal,1981/11/09
910,Bobbye,Steinson,bsteinsonp9@netvibes.com,Female,United States,1961/10/05
911,Paco,Klimpke,pklimpkepa@va.gov,Male,Sweden,1951/08/27
912,Jolee,Callow,jcallowpb@mozilla.com,Female,Morocco,1984/01/17
913,Ogdan,Leheude,oleheudepc@state.tx.us,Male,Kenya,1985/01/20
914,Tait,Franzettoini,tfranzettoinipd@gravatar.com,Male,Japan,1951/05/22
915,Cassie,Chillingworth,cchillingworthpe@usatoday.com,Female,Croatia,1990/09/25
916,Buck,Cahan,bcahanpf@cbc.ca,Male,Indonesia,1962/05/11
917,Jephthah,Kabsch,jkabschpg@technorati.com,Male,Sudan,1984/05/05
918,Karalynn,Brookson,kbrooksonph@miibeian.gov.cn,Female,Greece,1979/07/25
919,Tresa,Muldoon,tmuldoonpi@uiuc.edu,Female,China,1986/01/17
920,Chaim,Elvey,celveypj@indiegogo.com,Male,Indonesia,1982/08/05
921,Dolli,Yu,dyupk@homestead.com,Female,China,1996/05/27
922,Eugenie,Goudy,egoudypl@aol.com,Female,Ecuador,1984/06/24
923,Suzanna,Sigmund,ssigmundpm@google.es,Female,Lithuania,1956/08/01
924,Stu,Kochel,skochelpn@ihg.com,Male,China,1953/12/10
925,Rolland,Dahlborg,rdahlborgpo@google.com.au,Male,Poland,1986/12/25
926,Eberto,Bye,ebyepp@canalblog.com,Male,China,1963/10/10
927,Evaleen,Whitters,ewhitterspq@google.com.au,Female,Ukraine,1975/06/10
928,Donny,Rawson,drawsonpr@howstuffworks.com,Male,Mexico,1994/12/13
929,Chicky,Rosenhaus,crosenhausps@imageshack.us,Male,Russia,1970/05/06
930,Goldi,Clackers,gclackerspt@mapquest.com,Female,China,1977/08/09
931,Fiorenze,Wherrit,fwherritpu@globo.com,Polygender,Azerbaijan,1955/05/17
932,Doris,Kyteley,dkyteleypv@ted.com,Female,Tanzania,1994/03/10
933,Giavani,Dannohl,gdannohlpw@noaa.gov,Male,China,1969/06/05
934,Duncan,Mummery,dmummerypx@businessweek.com,Male,Armenia,1981/11/22
935,Emylee,Orrom,eorrompy@washingtonpost.com,Genderqueer,Latvia,1979/10/08
936,Win,Way,wwaypz@boston.com,Bigender,Japan,1975/03/31
937,Elsey,Halbert,ehalbertq0@skyrock.com,Female,Thailand,1959/09/09
938,Ogdon,Sigg,osiggq1@dion.ne.jp,Genderqueer,Indonesia,1970/06/25
939,Benjamen,Lillico,blillicoq2@uiuc.edu,Male,China,1980/01/17
940,Penny,Markus,pmarkusq3@shareasale.com,Male,China,1973/02/06
941,Dorris,Cheese,dcheeseq4@statcounter.com,Female,Poland,1988/07/28
942,Patrica,Buchett,pbuchettq5@google.pl,Female,Thailand,1960/09/27
943,Jim,Kelland,jkellandq6@tumblr.com,Male,Indonesia,1967/10/25
944,Iggy,Sinnatt,isinnattq7@chronoengine.com,Male,Japan,1979/05/14
945,Arthur,Mc Comb,amccombq8@jugem.jp,Male,Venezuela,1976/04/27
946,Amelita,Purslow,apurslowq9@cdc.gov,Female,Japan,1984/09/22
947,Jackson,Gable,jgableqa@sciencedirect.com,Male,Japan,1958/08/28
948,Devonne,Carrigan,dcarriganqb@instagram.com,Female,Brazil,1962/09/01
949,Ax,Milroy,amilroyqc@sakura.ne.jp,Male,China,1950/12/19
950,Melodee,Stetlye,mstetlyeqd@hc360.com,Non-binary,China,1974/11/17
951,Shaylyn,Lodemann,slodemannqe@topsy.com,Female,Armenia,1968/01/02
952,Mellisa,Grahlmans,mgrahlmansqf@edublogs.org,Female,China,1972/05/05
953,Omar,Ivashkin,oivashkinqg@lycos.com,Male,France,1992/05/23
954,Hannah,Lysaght,hlysaghtqh@eventbrite.com,Female,Japan,1964/03/26
955,Sinclair,Matzke,smatzkeqi@seesaa.net,Male,France,1950/11/10
956,Devondra,Suermeier,dsuermeierqj@mlb.com,Genderfluid,China,1980/06/06
957,Janela,Wensley,jwensleyqk@foxnews.com,Female,China,1967/10/07
958,Sissie,Bisacre,sbisacreql@dell.com,Female,Canada,1989/10/11
959,Jamaal,Jerrom,jjerromqm@phoca.cz,Genderfluid,Philippines,1960/04/30
960,Godfree,Creer,gcreerqn@berkeley.edu,Male,Indonesia,1979/02/10
961,Max,Tomley,mtomleyqo@multiply.com,Bigender,China,1997/03/17
962,Agnese,Yancey,ayanceyqp@nydailynews.com,Female,Indonesia,1965/07/26
963,Kort,Kempton,kkemptonqq@booking.com,Male,Portugal,1981/01/30
964,Gauthier,MacRannell,gmacrannellqr@house.gov,Male,Netherlands,1952/03/31
965,Kandy,Ormesher,kormesherqs@bloglovin.com,Genderqueer,Poland,1963/07/24
966,Allie,Cooling,acoolingqt@ibm.com,Male,Yemen,1966/04/18
967,Korrie,Halshaw,khalshawqu@bigcartel.com,Female,Indonesia,1978/01/03
968,Tally,Bonicelli,tbonicelliqv@bandcamp.com,Female,Brazil,1983/07/27
969,Donnie,Beyne,dbeyneqw@cnbc.com,Genderfluid,China,1983/07/20
970,Orelia,Labern,olabernqx@barnesandnoble.com,Female,China,1996/11/02
971,Westbrook,Adanez,wadanezqy@360.cn,Male,Paraguay,1961/10/18
972,Arch,Creavan,acreavanqz@dmoz.org,Male,France,2000/05/26
973,Pasquale,Duns,pdunsr0@auda.org.au,Male,China,1995/02/03
974,Asher,Haydock,ahaydockr1@zimbio.com,Polygender,Portugal,1985/09/10
975,Karney,Bolzmann,kbolzmannr2@discuz.net,Male,Bosnia and Herzegovina,1983/04/28
976,Dill,Pavek,dpavekr3@springer.com,Male,Sweden,1967/03/14
977,Rosette,Bonifazio,rbonifazior4@usgs.gov,Female,China,1977/03/25
978,Loydie,Silverman,lsilvermanr5@webnode.com,Male,Bosnia and Herzegovina,1967/12/22
979,Joshuah,Hune,jhuner6@slate.com,Male,Honduras,1959/02/24
980,Anabel,Plaide,aplaider7@github.com,Female,China,1995/05/06
981,Benoite,Goomes,bgoomesr8@elpais.com,Female,Faroe Islands,1952/12/22
982,Zsazsa,Bromehed,zbromehedr9@diigo.com,Female,Lithuania,1987/08/29
983,Harman,O'Nion,honionra@samsung.com,Male,China,1971/07/23
984,Chrisse,Abrahim,cabrahimrb@quantcast.com,Male,Russia,1981/01/19
985,Monte,McNelly,mmcnellyrc@epa.gov,Genderfluid,China,1970/01/17
986,Knox,Maccrie,kmaccrierd@kickstarter.com,Male,Indonesia,1976/01/20
987,Dodie,Gornall,dgornallre@sciencedirect.com,Female,Philippines,1994/07/05
988,Nani,Straughan,nstraughanrf@home.pl,Female,Micronesia,1976/03/23
989,Dacia,Picheford,dpichefordrg@amazonaws.com,Female,China,1967/09/22
990,Reeva,Heinzel,rheinzelrh@a8.net,Female,Indonesia,1955/04/07
991,Fidelity,Robjents,frobjentsri@go.com,Female,Indonesia,1983/12/16
992,Bonita,Edmondson,bedmondsonrj@nifty.com,Non-binary,Japan,1971/01/05
993,Carny,Bordis,cbordisrk@livejournal.com,Male,Turkey,1981/05/17
994,Liesa,Halladey,lhalladeyrl@posterous.com,Female,Burundi,1979/12/18
995,Kelby,Anning,kanningrm@reverbnation.com,Male,Russia,1962/01/20
996,Gar,Habbes,ghabbesrn@bizjournals.com,Male,Portugal,1992/08/05
997,Hillie,Sarll,hsarllro@wordpress.com,Male,Japan,1962/12/26
998,Kalinda,Leidecker,kleideckerrp@hp.com,Female,Russia,1975/10/25
999,Bay,Chatenier,bchatenierrq@apache.org,Genderfluid,Nicaragua,1957/10/18
1000,Skyler,Nezey,snezeyrr@phpbb.com,Male,North Korea,1978/04/01
