id,first_name,last_name,email,gender,country,birthday
1,Sophia,Liddicoat,sliddicoat0@php.net,Female,China,1981/01/31
2,Humfried,Pledge,hpledge1@ed.gov,Male,Peru,1967/11/15
3,Karen,Clymo,kclymo2@dmoz.org,Female,Brazil,1955/08/26
4,Davon,Helleckas,dhelleckas3@rediff.com,Male,China,1977/04/15
5,Mallory,Gomme,mgomme4@acquirethisname.com,Male,Indonesia,1952/03/16
6,Engelbert,Coushe,ecoushe5@themeforest.net,Male,China,1984/02/22
7,Rivi,Basketter,rbasketter6@npr.org,Female,China,1966/11/03
8,Chrissie,Mingardo,cmingardo7@yahoo.com,Male,Afghanistan,1962/12/19
9,Joelynn,Landal,jlandal8@sohu.com,Female,Sweden,1953/07/07
10,Regen,Brien,rbrien9@cdc.gov,Male,China,1959/06/25
11,Marylinda,McCaffrey,mmccaffreya@opensource.org,Female,Jordan,1959/12/10
12,Ludovika,Lemanu,llemanub@wufoo.com,Female,Mongolia,1977/09/23
13,Irita,Habberjam,ihabberjamc@shutterfly.com,Female,Mexico,1955/05/24
14,Julio,Hann,jhannd@un.org,Male,Morocco,1963/08/20
15,Ayn,Donlon,adonlone@nationalgeographic.com,Female,France,1956/12/17
16,Theodoric,Davenall,tdavenallf@dmoz.org,Male,Russia,1964/10/16
17,Shawnee,Bolin,sboling@instagram.com,Female,Kiribati,1979/05/29
18,Baron,Enderwick,benderwickh@bing.com,Male,Czech Republic,1983/10/12
19,Bertie,Osanne,bosannei@answers.com,Female,China,1993/09/04
20,Ella,Huff,ehuffj@washingtonpost.com,Female,China,1952/12/17
21,Martelle,Dinneen,mdinneenk@youku.com,Female,China,1992/12/10
22,Donnamarie,Mossman,dmossmanl@amazon.co.uk,Female,Philippines,1992/10/13
23,Hart,McBride,hmcbridem@360.cn,Genderfluid,Vietnam,1984/03/04
24,Ashien,McAmish,amcamishn@discuz.net,Female,China,1984/07/05
25,Riobard,Doddemeede,rdoddemeedeo@barnesandnoble.com,Bigender,Venezuela,1997/09/20
26,Randy,Piper,rpiperp@japanpost.jp,Female,Thailand,1960/09/05
27,Melesa,Bundock,mbundockq@cbc.ca,Female,Canada,1977/04/24
28,Dalila,Arnott,darnottr@wix.com,Female,China,1973/03/13
29,Kelley,Parres,kparress@youku.com,Male,Indonesia,1979/06/03
30,Katuscha,Dreakin,kdreakint@simplemachines.org,Female,Ireland,1993/02/18
31,Vicki,Briars,vbriarsu@cyberchimps.com,Female,China,1957/09/12
32,Cristina,Wild,cwildv@yandex.ru,Female,China,1953/11/17
33,Valry,Dyshart,vdyshartw@baidu.com,Female,Japan,1971/02/09
34,Joaquin,Hurd,jhurdx@timesonline.co.uk,Male,Ecuador,1963/11/19
35,Stefania,Tackett,stacketty@msn.com,Female,United States,1962/01/10
36,Kiah,Peatheyjohns,kpeatheyjohnsz@spiegel.de,Female,Portugal,1970/03/16
37,Tabina,Bench,tbench10@buzzfeed.com,Female,China,1973/09/08
38,Ashby,Rolance,arolance11@sakura.ne.jp,Male,Peru,1993/10/22
39,Rosalynd,Legendre,rlegendre12@squidoo.com,Female,Ukraine,1983/08/23
40,Gussie,Arcase,garcase13@ezinearticles.com,Female,Brazil,1981/01/04
41,Durward,Gowanlock,dgowanlock14@theglobeandmail.com,Polygender,Moldova,1960/03/15
42,Francoise,Knipe,fknipe15@fc2.com,Female,China,1984/07/14
43,Nahum,Simenet,nsimenet16@pinterest.com,Male,Russia,1971/05/13
44,Shirline,Eldridge,seldridge17@biglobe.ne.jp,Agender,South Africa,1973/01/13
45,Noni,Golsby,ngolsby18@discovery.com,Female,Belarus,1981/02/21
46,Lisle,Bootherstone,lbootherstone19@unicef.org,Male,Philippines,1968/07/30
47,Sada,Fey,sfey1a@ycombinator.com,Female,Poland,1971/04/01
48,Reina,Yerrall,ryerrall1b@creativecommons.org,Female,Russia,1955/11/27
49,Adrian,Mityushkin,amityushkin1c@foxnews.com,Female,Brazil,1970/09/14
50,Bernadene,Kenset,bkenset1d@discovery.com,Non-binary,China,1960/08/31
51,Dalli,Champ,dchamp1e@cafepress.com,Male,China,1992/08/23
52,Missie,Goodale,mgoodale1f@fotki.com,Female,Brazil,1980/06/14
53,Cornela,Leverich,cleverich1g@example.com,Female,Sweden,1976/03/01
54,Reidar,Klamman,rklamman1h@theglobeandmail.com,Male,Portugal,1960/01/11
55,Jock,Briance,jbriance1i@ucla.edu,Polygender,China,1952/02/09
56,Alberik,Jumonet,ajumonet1j@umn.edu,Male,Pakistan,1981/09/05
57,Arni,Fillon,afillon1k@acquirethisname.com,Male,Indonesia,1959/05/15
58,Adrien,Wishkar,awishkar1l@ucla.edu,Male,Japan,1996/12/23
59,Inge,Kilfeder,ikilfeder1m@google.de,Female,Portugal,1991/11/02
60,Shelley,Billham,sbillham1n@bbb.org,Female,Croatia,1978/11/15
61,Rachael,Polley,rpolley1o@apache.org,Female,Uganda,1979/12/17
62,Lilias,Paireman,lpaireman1p@phoca.cz,Female,Egypt,1988/03/14
63,Eadie,Thompstone,ethompstone1q@dion.ne.jp,Female,Portugal,1971/05/19
64,Pryce,Carrick,pcarrick1r@vk.com,Male,China,1961/10/04
65,Rica,Savery,rsavery1s@ebay.co.uk,Female,Venezuela,1977/12/06
66,Hartley,Wingeat,hwingeat1t@dell.com,Male,France,1969/11/05
67,Roderigo,Heers,rheers1u@163.com,Male,Philippines,1972/06/08
68,Annabell,Tradewell,atradewell1v@etsy.com,Bigender,Palestinian Territory,1997/03/09
69,Clyde,Ioselev,cioselev1w@hexun.com,Male,Panama,1960/11/18
70,Eva,Hof,ehof1x@imgur.com,Female,Greece,1965/11/18
71,Marlon,Isack,misack1y@yellowbook.com,Male,Indonesia,1985/08/20
72,Meaghan,Thomazet,mthomazet1z@joomla.org,Female,Poland,1973/10/04
73,Tomasine,Lampett,tlampett20@europa.eu,Female,Thailand,1989/01/27
74,Kali,Cootes,kcootes21@oakley.com,Female,Sweden,1981/03/25
75,Melania,Dorton,mdorton22@4shared.com,Female,Afghanistan,1967/12/06
76,Bryn,McLeoid,bmcleoid23@netlog.com,Genderqueer,Sweden,1976/03/14
77,Doreen,Guinn,dguinn24@telegraph.co.uk,Genderqueer,Philippines,1951/06/24
78,Hugibert,Crisall,hcrisall25@tumblr.com,Male,Syria,1973/03/13
79,Edmund,Summersby,esummersby26@cyberchimps.com,Male,China,1990/01/10
80,Adelind,Piddletown,apiddletown27@liveinternet.ru,Female,Indonesia,1969/05/08
81,Bron,Frankling,bfrankling28@pinterest.com,Male,China,1974/04/16
82,Torrence,Brookwell,tbrookwell29@oracle.com,Male,Colombia,1971/04/15
83,Lexine,Scotland,lscotland2a@lycos.com,Female,Peru,1991/03/27
84,Vaclav,Ianelli,vianelli2b@squarespace.com,Male,Philippines,1975/08/08
85,Phineas,Legge,plegge2c@icio.us,Male,Japan,1998/01/26
86,Ross,Phythian,rphythian2d@weebly.com,Male,Czech Republic,1960/08/21
87,Milicent,Hedgecock,mhedgecock2e@github.io,Female,North Korea,1973/08/18
88,Sam,Lewins,slewins2f@intel.com,Female,Gabon,1951/08/27
89,Kerby,Geroldini,kgeroldini2g@sogou.com,Male,Poland,1986/10/16
90,Adore,Doucette,adoucette2h@ted.com,Female,Israel,1952/10/14
91,Henrieta,Bridie,hbridie2i@unesco.org,Female,China,1975/08/14
92,Bogart,Iacomini,biacomini2j@youtube.com,Male,China,1953/07/19
93,Jayson,Viggers,jviggers2k@gravatar.com,Male,China,1971/08/13
94,Jarred,Harnell,jharnell2l@foxnews.com,Male,United Kingdom,1964/10/01
95,Curtice,Pilgram,cpilgram2m@walmart.com,Agender,Kazakhstan,1971/03/29
96,Alexandros,Forder,aforder2n@umich.edu,Bigender,United States,1971/05/31
97,Donella,Hayhow,dhayhow2o@purevolume.com,Female,Sweden,1973/02/13
98,Federico,Scotford,fscotford2p@nydailynews.com,Male,Russia,1954/02/13
99,Freddie,Abbate,fabbate2q@foxnews.com,Female,Japan,1998/08/07
100,Leontyne,Sawney,lsawney2r@google.ru,Genderfluid,Poland,1991/07/17
101,Fergus,Gilling,fgilling2s@whitehouse.gov,Male,Poland,1984/01/22
102,Broderick,Bullick,bbullick2t@senate.gov,Male,China,1997/09/23
103,Humbert,Hollington,hhollington2u@mysql.com,Male,Ukraine,1980/02/01
104,Ebony,Beebe,ebeebe2v@ustream.tv,Bigender,Nicaragua,1965/07/13
105,Rhoda,Normanvell,rnormanvell2w@exblog.jp,Female,Kazakhstan,1989/01/28
106,Esdras,Shalloo,eshalloo2x@desdev.cn,Male,Czech Republic,1967/06/27
107,Randee,Woolliams,rwoolliams2y@ask.com,Female,Bosnia and Herzegovina,1979/01/26
108,Dillon,Hold,dhold2z@usda.gov,Male,France,1976/03/13
109,Enrico,Gallacher,egallacher30@blogspot.com,Male,China,1972/06/07
110,Reinhard,Gray,rgray31@1688.com,Male,Sudan,1963/10/04
111,Kamillah,Oki,koki32@buzzfeed.com,Female,Burkina Faso,1983/04/22
112,Horten,Struttman,hstruttman33@unc.edu,Male,Brazil,1970/09/24
113,Sascha,Gail,sgail34@biglobe.ne.jp,Male,Mexico,1987/04/17
114,Flor,Prescot,fprescot35@salon.com,Non-binary,China,1958/01/11
115,Rowney,Kowal,rkowal36@dmoz.org,Male,China,1979/08/05
116,Bengt,Tettersell,btettersell37@weibo.com,Male,Kazakhstan,1961/08/10
117,Otha,Bentje,obentje38@domainmarket.com,Bigender,China,1978/12/17
118,Gerianna,Hawe,ghawe39@mapquest.com,Female,Ukraine,1989/02/28
119,Loydie,Jarrad,ljarrad3a@yellowbook.com,Male,Russia,1971/10/31
120,Corine,Cubbinelli,ccubbinelli3b@hp.com,Female,Ukraine,1971/03/17
121,Alyosha,Preddle,apreddle3c@berkeley.edu,Non-binary,France,1951/03/27
122,Tadeo,Shine,tshine3d@histats.com,Male,Syria,1960/10/06
123,Celestia,Linskill,clinskill3e@canalblog.com,Female,Colombia,1955/01/22
124,Hillel,Burril,hburril3f@admin.ch,Male,Honduras,1970/06/14
125,Sena,Luton,sluton3g@bloglines.com,Female,China,1981/03/02
126,Rikki,Dumini,rdumini3h@miitbeian.gov.cn,Female,Pakistan,1984/05/30
127,Berta,McFadin,bmcfadin3i@slideshare.net,Female,Colombia,1981/11/07
128,Ashla,Bonome,abonome3j@cnet.com,Female,China,1989/10/14
129,Fremont,Saffen,fsaffen3k@barnesandnoble.com,Male,Canada,1980/05/27
130,Merrie,Dethloff,mdethloff3l@yolasite.com,Female,Bolivia,1953/12/24
131,Timotheus,Doumer,tdoumer3m@bigcartel.com,Male,China,1971/09/25
132,Briana,Birts,bbirts3n@google.co.uk,Female,China,1966/03/23
133,Killie,Droghan,kdroghan3o@tuttocitta.it,Male,Russia,1961/09/21
134,Margy,Erdis,merdis3p@tripod.com,Female,Turkmenistan,1989/08/24
135,Linnie,Yeulet,lyeulet3q@ebay.com,Female,Brazil,1952/03/13
136,Cory,Abram,cabram3r@opera.com,Female,South Africa,1954/11/02
137,Adelle,Davidsohn,adavidsohn3s@sakura.ne.jp,Female,Liberia,1990/05/11
138,Kelley,Straker,kstraker3t@woothemes.com,Female,Japan,1967/05/23
139,Seward,Hardistry,shardistry3u@exblog.jp,Male,Philippines,1978/11/13
140,Clovis,Chettle,cchettle3v@ibm.com,Female,Israel,1961/01/02
141,Anica,Savidge,asavidge3w@ning.com,Female,Honduras,1962/08/15
142,Randolf,Wapple,rwapple3x@networksolutions.com,Male,China,1965/10/09
143,Pearl,Search,psearch3y@biglobe.ne.jp,Female,China,1956/12/25
144,Vidovik,Czajka,vczajka3z@bloglovin.com,Male,Philippines,1964/09/14
145,Aigneis,Hunter,ahunter40@so-net.ne.jp,Female,Indonesia,1974/05/21
146,Jeanelle,Wipper,jwipper41@liveinternet.ru,Female,Russia,1993/01/31
147,Reinwald,Kieran,rkieran42@mac.com,Male,Russia,1976/09/02
148,Aggie,Dacre,adacre43@google.pl,Polygender,Bolivia,1951/06/16
149,Ilaire,Snartt,isnartt44@bloomberg.com,Male,Portugal,1967/08/20
150,Joseph,McVey,jmcvey45@biglobe.ne.jp,Male,Palestinian Territory,1955/07/20
151,Dur,Sievewright,dsievewright46@paginegialle.it,Male,Kyrgyzstan,1962/08/07
152,Nadeen,Hundley,nhundley47@msn.com,Female,Nicaragua,1967/05/19
153,Marsh,Brecknall,mbrecknall48@howstuffworks.com,Male,Indonesia,1980/09/19
154,Tamara,Milson,tmilson49@dailymail.co.uk,Female,Indonesia,1989/05/11
155,Bo,Short,bshort4a@unblog.fr,Male,Brazil,1955/03/06
156,Dena,Malpas,dmalpas4b@naver.com,Female,Portugal,1969/01/09
157,Waverly,McKeighan,wmckeighan4c@freewebs.com,Male,China,1985/01/23
158,Boris,Dumsday,bdumsday4d@engadget.com,Male,Netherlands,1989/04/10
159,Florian,Milthorpe,fmilthorpe4e@twitpic.com,Male,Ethiopia,1987/02/21
160,Fern,Proby,fproby4f@census.gov,Bigender,Brazil,1958/05/15
161,Raffarty,McBride,rmcbride4g@discovery.com,Non-binary,China,1966/07/04
162,Nolana,Bruckenthal,nbruckenthal4h@woothemes.com,Female,China,1985/02/08
163,Zonnya,Gregor,zgregor4i@zimbio.com,Female,Iran,1954/07/10
164,Olenolin,Noakes,onoakes4j@virginia.edu,Male,Thailand,1964/06/25
165,Margarette,Kiefer,mkiefer4k@china.com.cn,Female,France,1984/12/20
166,Goraud,Chicchetto,gchicchetto4l@scientificamerican.com,Male,North Korea,1975/10/19
167,Geraldine,Garber,ggarber4m@springer.com,Female,Egypt,1957/10/15
168,Rockey,Harkin,rharkin4n@blogs.com,Male,Indonesia,1985/04/02
169,Gina,Gerin,ggerin4o@netscape.com,Female,China,1959/04/14
170,Filberto,Baroch,fbaroch4p@addthis.com,Male,Belarus,1954/12/27
171,Anatola,Butte,abutte4q@unesco.org,Female,Indonesia,1978/01/23
172,Klarrisa,Grimston,kgrimston4r@icq.com,Female,Norway,1979/11/03
173,Purcell,Laxton,plaxton4s@clickbank.net,Male,China,1969/09/03
174,Mayne,Joney,mjoney4t@scientificamerican.com,Male,Gabon,1993/11/02
175,Kala,Denial,kdenial4u@techcrunch.com,Female,Vietnam,1990/08/01
176,Lynn,Padwick,lpadwick4v@discuz.net,Male,Spain,1999/11/07
177,Abbe,Case,acase4w@usgs.gov,Male,Sweden,1989/10/24
178,Radcliffe,Mateo,rmateo4x@geocities.jp,Male,China,1954/10/02
179,Annamarie,Weeden,aweeden4y@godaddy.com,Bigender,Portugal,1973/02/10
180,Maryanna,Siely,msiely4z@npr.org,Female,Mexico,1990/07/09
181,Sinclare,Ruffles,sruffles50@pbs.org,Male,Lithuania,1979/01/09
182,Nerita,Batts,nbatts51@sourceforge.net,Female,Russia,1998/07/10
183,Misti,Cantrill,mcantrill52@stumbleupon.com,Female,Greece,1964/12/06
184,Taite,Richardsson,trichardsson53@harvard.edu,Male,Czech Republic,1952/04/04
185,Donni,Morrice,dmorrice54@dailymail.co.uk,Female,Indonesia,1980/03/19
186,Brendon,Olczyk,bolczyk55@reddit.com,Male,Mexico,1996/03/07
187,Cammy,Cradduck,ccradduck56@whitehouse.gov,Male,China,1961/05/26
188,Brianne,Tombleson,btombleson57@dyndns.org,Female,Japan,1990/11/26
189,Sid,Shurville,sshurville58@networksolutions.com,Male,China,1999/05/05
190,Kincaid,Battrick,kbattrick59@reverbnation.com,Male,China,1988/01/18
191,Angele,Ahrens,aahrens5a@taobao.com,Female,Philippines,1987/02/14
192,Morry,Dooney,mdooney5b@telegraph.co.uk,Agender,Greece,1999/11/28
193,Evelyn,Boakes,eboakes5c@loc.gov,Male,Uganda,1976/04/02
194,Vasilis,Shepperd,vshepperd5d@nytimes.com,Male,Cuba,1990/09/06
195,Evangelin,Clelle,eclelle5e@cargocollective.com,Female,Poland,1994/02/01
196,Lizabeth,Epps,lepps5f@studiopress.com,Female,China,1958/07/30
197,Avie,Idale,aidale5g@gravatar.com,Female,Portugal,1999/02/02
198,Darb,Stook,dstook5h@imdb.com,Male,United States,1951/06/26
199,Giselbert,Whiteway,gwhiteway5i@blogs.com,Male,Czech Republic,1956/06/18
200,Rona,Mayes,rmayes5j@list-manage.com,Female,United States,1951/03/28
201,Lovell,Maes,lmaes5k@hp.com,Male,Honduras,1982/05/23
202,Mal,Gosson,mgosson5l@time.com,Male,Netherlands,1965/07/27
203,Giulio,Bridell,gbridell5m@geocities.jp,Male,Poland,1953/02/12
204,Darrin,Weyland,dweyland5n@auda.org.au,Male,France,1970/04/20
205,Cesar,Wyson,cwyson5o@va.gov,Male,China,1974/01/28
206,Eba,Rohan,erohan5p@uol.com.br,Female,China,1959/11/28
207,Jorge,Balazot,jbalazot5q@sfgate.com,Male,New Caledonia,1965/02/13
208,Lotte,Djorvic,ldjorvic5r@linkedin.com,Female,China,1978/08/18
209,Mendie,Braisher,mbraisher5s@flickr.com,Male,Philippines,1981/11/24
210,Winny,Richardsson,wrichardsson5t@yelp.com,Male,China,1975/04/23
211,Milzie,Ibanez,mibanez5u@indiatimes.com,Female,Poland,1995/11/24
212,Culver,Cotesford,ccotesford5v@sfgate.com,Male,Philippines,1997/08/18
213,Dannye,Janton,djanton5w@auda.org.au,Female,Indonesia,1962/05/22
214,Carmel,Heigl,cheigl5x@timesonline.co.uk,Female,Japan,1973/10/22
215,Petr,Radenhurst,pradenhurst5y@soundcloud.com,Male,Indonesia,1988/01/31
216,Hunter,Yielding,hyielding5z@edublogs.org,Male,Russia,1961/10/31
217,Meg,Rippon,mrippon60@xrea.com,Female,Slovenia,1983/08/27
218,Bella,Hastie,bhastie61@jiathis.com,Female,China,1958/01/03
219,Zenia,Fitkin,zfitkin62@ft.com,Female,Indonesia,2000/07/24
220,Alden,Standage,astandage63@shareasale.com,Male,Philippines,1971/05/18
221,Bliss,Dunsleve,bdunsleve64@livejournal.com,Female,Philippines,1974/09/23
222,Anjanette,Rotlauf,arotlauf65@mapy.cz,Female,Poland,1957/06/30
223,Johnnie,Dellenbrok,jdellenbrok66@vkontakte.ru,Male,Spain,1959/11/05
224,Lucien,Cleworth,lcleworth67@oaic.gov.au,Male,Indonesia,1969/11/06
225,Coralie,Matlock,cmatlock68@home.pl,Female,Finland,1992/09/05
226,Hermine,Keoghan,hkeoghan69@soup.io,Female,Czech Republic,1968/12/14
227,Alessandro,Iannello,aiannello6a@ovh.net,Male,China,1980/04/14
228,Daffi,Poston,dposton6b@hubpages.com,Female,Portugal,1977/01/06
229,Kaylyn,Petrus,kpetrus6c@si.edu,Female,Japan,1974/03/31
230,Petra,Shackle,pshackle6d@google.nl,Female,Egypt,1961/05/11
231,Eldredge,Fitter,efitter6e@imageshack.us,Male,Philippines,1975/09/22
232,Julio,Guerrazzi,jguerrazzi6f@e-recht24.de,Male,Portugal,1985/07/21
233,Salomone,Torri,storri6g@sourceforge.net,Male,Peru,1980/11/06
234,Berte,Stilliard,bstilliard6h@furl.net,Female,Greece,1979/03/29
235,Chantal,Schustl,cschustl6i@feedburner.com,Agender,Colombia,1982/03/12
236,Aurelia,Zanicchi,azanicchi6j@prlog.org,Female,Philippines,1987/07/24
237,Editha,Bice,ebice6k@facebook.com,Female,China,1958/04/18
238,Agna,Keave,akeave6l@businessweek.com,Female,China,1986/12/30
239,Fidelity,Cannon,fcannon6m@goodreads.com,Bigender,Greece,1958/06/27
240,Felisha,Coyle,fcoyle6n@ucsd.edu,Female,Czech Republic,1985/05/16
241,Perla,Grandison,pgrandison6o@netscape.com,Female,Uzbekistan,1996/02/29
242,Kathrine,Dedon,kdedon6p@abc.net.au,Female,Brazil,1955/06/08
243,Zonnya,Cutforth,zcutforth6q@dyndns.org,Female,China,1960/04/09
244,Paxon,Reeman,preeman6r@dmoz.org,Male,Indonesia,1998/12/13
245,Nevil,Bridle,nbridle6s@multiply.com,Male,Finland,1983/02/03
246,Laure,Vanelli,lvanelli6t@constantcontact.com,Female,Indonesia,1991/12/13
247,Willey,Fateley,wfateley6u@sogou.com,Male,Netherlands,1993/07/16
248,Coop,Labbez,clabbez6v@about.me,Male,Lesotho,1959/02/28
249,Vivien,Melsom,vmelsom6w@wisc.edu,Female,Portugal,1951/01/14
250,Freeland,Ivakin,fivakin6x@ifeng.com,Genderfluid,Indonesia,1978/03/22
251,Danni,Soanes,dsoanes6y@barnesandnoble.com,Female,Japan,1951/09/17
252,Aloysia,Oldale,aoldale6z@upenn.edu,Female,Mongolia,1997/10/24
253,Osbourn,Ciccone,ociccone70@t.co,Male,Brazil,1986/02/19
254,Mack,Feldbau,mfeldbau71@yelp.com,Genderqueer,Ivory Coast,1951/06/28
255,Dulci,Domnick,ddomnick72@mashable.com,Female,Sweden,1959/06/17
256,Johannes,Daber,jdaber73@google.com.br,Male,Japan,1965/03/17
257,Clem,Ourtic,courtic74@4shared.com,Female,Thailand,2000/03/22
258,Ludvig,Matteo,lmatteo75@cnet.com,Male,Russia,1969/10/05
259,Barton,Tyce,btyce76@webnode.com,Male,China,1954/09/11
260,La verne,Normandale,lnormandale77@clickbank.net,Female,Indonesia,1955/11/25
261,Moina,Francescozzi,mfrancescozzi78@yellowpages.com,Female,Honduras,1966/10/19
262,Hershel,Hale,hhale79@alexa.com,Genderfluid,China,1968/09/10
263,Dukey,Matskevich,dmatskevich7a@istockphoto.com,Male,China,1972/05/16
264,Shoshana,Fallens,sfallens7b@amazon.com,Female,Ireland,1995/09/08
265,Aluino,Tunnicliffe,atunnicliffe7c@admin.ch,Non-binary,Ukraine,1953/05/20
266,Stinky,Sibley,ssibley7d@fda.gov,Male,Czech Republic,1984/05/08
267,Osborn,Coker,ocoker7e@printfriendly.com,Male,Lebanon,1975/05/28
268,Cy,Blonfield,cblonfield7f@taobao.com,Polygender,China,1966/05/06
269,Grata,Pickover,gpickover7g@geocities.jp,Female,Armenia,1987/02/07
270,Ricky,Belfitt,rbelfitt7h@yellowpages.com,Female,Philippines,1961/11/29
271,Cullen,McGready,cmcgready7i@liveinternet.ru,Male,China,1987/08/03
272,Valida,Jemison,vjemison7j@canalblog.com,Female,Indonesia,1985/11/03
273,Meier,Sandon,msandon7k@spiegel.de,Male,France,1975/09/10
274,Deni,Awcock,dawcock7l@nih.gov,Female,Japan,1999/08/02
275,Heddie,Hulburd,hhulburd7m@sitemeter.com,Female,Bulgaria,1954/04/09
276,Roley,Noddle,rnoddle7n@rambler.ru,Male,Portugal,1957/10/17
277,Elsy,Sivill,esivill7o@home.pl,Female,China,1964/12/22
278,Eleonore,Gomersall,egomersall7p@ox.ac.uk,Female,Indonesia,1982/02/15
279,Faydra,Ferencowicz,fferencowicz7q@abc.net.au,Female,Indonesia,1985/07/16
280,Sibeal,Steger,ssteger7r@cam.ac.uk,Female,Ireland,1972/01/14
281,Tadio,Aspling,taspling7s@baidu.com,Male,Indonesia,1976/10/25
282,Irina,Elacoate,ielacoate7t@privacy.gov.au,Female,Sweden,1967/05/03
283,Leonerd,Hiscoke,lhiscoke7u@liveinternet.ru,Male,Indonesia,1979/11/25
284,Josh,Climar,jclimar7v@ebay.com,Male,Belarus,1998/11/02
285,Chrystel,Berthome,cberthome7w@yahoo.co.jp,Female,China,1998/10/26
286,Aldwin,Lintill,alintill7x@linkedin.com,Genderfluid,Portugal,1997/12/08
287,Bobby,Broughton,bbroughton7y@europa.eu,Male,China,1970/03/31
288,Kaleb,Praten,kpraten7z@prlog.org,Male,Finland,1995/08/13
289,Peyton,Lamplough,plamplough80@unicef.org,Male,Poland,1961/09/24
290,Marthe,Cowell,mcowell81@miitbeian.gov.cn,Female,Norway,1960/10/01
291,Rosalinde,Coventry,rcoventry82@hubpages.com,Female,Kazakhstan,1975/04/02
292,Renato,Fawkes,rfawkes83@archive.org,Male,Russia,1999/07/31
293,Puff,Aldie,paldie84@cloudflare.com,Male,Egypt,1975/01/01
294,Emmerich,Cyseley,ecyseley85@liveinternet.ru,Male,Poland,1979/06/03
295,Roarke,Rickarsey,rrickarsey86@nytimes.com,Male,Poland,1951/05/12
296,Melita,Keeltagh,mkeeltagh87@imageshack.us,Female,Iran,1970/10/14
297,Teirtza,Osgodby,tosgodby88@un.org,Female,Paraguay,1954/04/22
298,Hadria,Rosenfield,hrosenfield89@prnewswire.com,Female,Philippines,1957/07/14
299,Virge,Ploughwright,vploughwright8a@gnu.org,Male,Philippines,1996/08/18
300,Tamra,Seelbach,tseelbach8b@google.pl,Agender,Poland,1981/09/10
301,Gilbertine,Trathen,gtrathen8c@forbes.com,Female,France,1991/07/02
302,Liza,Shermore,lshermore8d@opensource.org,Female,China,2000/07/20
303,Sumner,Lindeberg,slindeberg8e@bing.com,Male,Nigeria,1992/01/27
304,Elissa,Trewman,etrewman8f@rakuten.co.jp,Female,Poland,1959/06/24
305,Leoine,Umbers,lumbers8g@rambler.ru,Female,Russia,1977/04/15
306,Marley,Vasquez,mvasquez8h@cornell.edu,Polygender,Brazil,1972/12/27
307,Reid,Gomme,rgomme8i@opera.com,Male,China,1972/10/12
308,Belicia,Pitkethly,bpitkethly8j@nsw.gov.au,Polygender,Philippines,1955/09/21
309,Deck,Boorne,dboorne8k@weather.com,Male,Albania,1989/12/16
310,Andria,Zecchinelli,azecchinelli8l@auda.org.au,Female,Russia,1971/04/16
311,Yancy,Greeno,ygreeno8m@discovery.com,Male,Indonesia,1996/05/22
312,Xerxes,Burtwhistle,xburtwhistle8n@statcounter.com,Male,Albania,1972/12/13
313,Brocky,Linke,blinke8o@simplemachines.org,Male,Portugal,1968/03/30
314,Moe,Burbage,mburbage8p@opera.com,Male,Syria,1970/06/25
315,Delila,Drew-Clifton,ddrewclifton8q@github.com,Female,Cuba,1969/09/04
316,Kendra,Saywell,ksaywell8r@webnode.com,Female,Zimbabwe,2000/02/20
317,Ardella,Cosgreave,acosgreave8s@nyu.edu,Female,Ukraine,1988/06/21
318,Maddalena,MacAree,mmacaree8t@mit.edu,Female,Czech Republic,1952/07/04
319,Janene,Hagart,jhagart8u@tumblr.com,Female,China,1983/06/17
320,Ugo,Flury,uflury8v@alibaba.com,Male,Indonesia,1971/10/18
321,Mora,Askwith,maskwith8w@geocities.com,Female,China,1995/03/15
322,Engracia,McCrea,emccrea8x@mozilla.org,Female,Kazakhstan,1982/12/21
323,Allianora,Kordova,akordova8y@archive.org,Polygender,Indonesia,1982/10/30
324,Duky,Patise,dpatise8z@com.com,Male,Philippines,1976/12/31
325,Sheilakathryn,Payze,spayze90@utexas.edu,Female,Portugal,1958/03/13
326,Bruis,Twigley,btwigley91@latimes.com,Male,China,1952/12/09
327,Ariel,Riggert,ariggert92@taobao.com,Female,China,1953/02/04
328,Valeda,McVey,vmcvey93@4shared.com,Female,Brazil,1998/04/27
329,Basia,Weippert,bweippert94@indiegogo.com,Female,Portugal,1958/12/20
330,Aile,Tavernor,atavernor95@ask.com,Female,Philippines,1982/08/27
331,Lawrence,Poundsford,lpoundsford96@amazonaws.com,Male,Russia,1997/11/11
332,Jaine,Di Biasio,jdibiasio97@constantcontact.com,Female,Indonesia,1990/08/08
333,Wileen,Wicher,wwicher98@dropbox.com,Female,Indonesia,1994/06/01
334,Gale,Liddell,gliddell99@europa.eu,Female,Sweden,1980/10/30
335,Briano,Sole,bsole9a@goo.gl,Male,Philippines,1981/06/21
336,Zenia,Henaughan,zhenaughan9b@photobucket.com,Female,Afghanistan,1983/11/02
337,Cloris,Paiton,cpaiton9c@nymag.com,Female,El Salvador,1972/12/25
338,Richart,Vickers,rvickers9d@pbs.org,Male,South Africa,2000/05/25
339,Grata,McCole,gmccole9e@home.pl,Female,Mexico,1977/03/02
340,Lyon,Greeves,lgreeves9f@51.la,Male,Croatia,1951/03/15
341,Magdalena,Ticic,mticic9g@nhs.uk,Non-binary,China,1951/03/04
342,Rachel,Meaker,rmeaker9h@newsvine.com,Female,United States,1956/08/15
343,Matelda,Scotter,mscotter9i@ezinearticles.com,Female,Mexico,1952/05/23
344,Britteny,Morrall,bmorrall9j@nytimes.com,Female,Russia,1956/12/13
345,Catherina,Cours,ccours9k@last.fm,Female,China,1972/06/28
346,Pace,Frazier,pfrazier9l@list-manage.com,Genderfluid,Portugal,1963/01/19
347,Hannah,Gostall,hgostall9m@wiley.com,Female,Greece,1964/09/10
348,Ariadne,Antoszewski,aantoszewski9n@dagondesign.com,Female,Portugal,1956/06/09
349,Emalia,Elderkin,eelderkin9o@360.cn,Female,Paraguay,1953/05/16
350,Seka,O'Cannon,socannon9p@weibo.com,Female,Slovenia,1999/12/15
351,Ellswerth,Cuckson,ecuckson9q@google.fr,Male,Philippines,1969/04/24
352,Emeline,Darkins,edarkins9r@odnoklassniki.ru,Female,Brazil,1995/04/04
353,Callida,Shee,cshee9s@patch.com,Female,Brazil,1961/08/08
354,Gifford,Sweeney,gsweeney9t@mail.ru,Male,Colombia,1989/12/29
355,Lynnea,Fuchs,lfuchs9u@imageshack.us,Female,Indonesia,1989/10/24
356,Horton,Crich,hcrich9v@over-blog.com,Male,Ivory Coast,1997/08/23
357,Isabelle,Wardingley,iwardingley9w@bbc.co.uk,Female,Norway,1951/04/15
358,Odelinda,Quoit,oquoit9x@mozilla.com,Female,Sweden,1955/04/25
359,Ebony,Buncher,ebuncher9y@altervista.org,Female,Ghana,1999/12/11
360,Carmela,Bwy,cbwy9z@ucoz.ru,Female,Japan,1975/06/08
361,Sabina,Angless,sanglessa0@weebly.com,Female,Thailand,1988/01/03
362,Michail,Bricksey,mbrickseya1@e-recht24.de,Male,Japan,1965/08/10
363,Kenneth,MacKaig,kmackaiga2@plala.or.jp,Male,China,1994/11/23
364,Verne,Bliven,vblivena3@canalblog.com,Male,Brazil,1960/05/08
365,Emlynne,Birdsall,ebirdsalla4@lycos.com,Female,Philippines,1981/01/03
366,Jarad,Wilder,jwildera5@bbb.org,Agender,Peru,1954/06/04
367,Appolonia,Lealle,aleallea6@homestead.com,Female,Philippines,1961/06/04
368,Kincaid,Gadault,kgadaulta7@census.gov,Male,China,1959/06/11
369,Sibel,Weare,swearea8@tinyurl.com,Female,China,1951/07/05
370,Keith,Cleminson,kcleminsona9@tripadvisor.com,Male,Indonesia,1997/03/04
371,Catherine,Penman,cpenmanaa@reddit.com,Polygender,Brazil,1955/12/20
372,Eleen,Conyer,econyerab@shinystat.com,Female,American Samoa,1953/06/01
373,Polly,Piercy,ppiercyac@marketwatch.com,Female,China,1961/02/03
374,Eleen,Drewett,edrewettad@sina.com.cn,Female,Indonesia,1972/11/02
375,Merrick,Haselup,mhaselupae@google.com.br,Male,Philippines,1979/10/21
376,Annadiane,Malpass,amalpassaf@mapquest.com,Female,Cuba,1994/03/21
377,Randie,Lembcke,rlembckeag@utexas.edu,Male,Guadeloupe,1983/07/31
378,Elenore,Barten,ebartenah@histats.com,Female,China,1977/08/11
379,Josepha,Yardley,jyardleyai@nifty.com,Bigender,China,1965/02/17
380,Lavinia,Rock,lrockaj@mozilla.org,Female,China,1965/10/20
381,Codi,Ovington,covingtonak@com.com,Female,France,1998/06/12
382,Prescott,Leverson,pleversonal@intel.com,Male,Indonesia,1978/07/09
383,Alissa,Ritter,aritteram@economist.com,Polygender,Indonesia,1993/08/27
384,Nevile,Tarplee,ntarpleean@flickr.com,Male,Saudi Arabia,1963/10/24
385,Brnaba,Damarell,bdamarellao@squidoo.com,Male,Portugal,1985/10/14
386,Goddard,Dunderdale,gdunderdaleap@purevolume.com,Male,Nigeria,1955/04/16
387,Torrey,Morrall,tmorrallaq@amazon.de,Male,Kosovo,1997/12/15
388,Sella,Rice,sricear@skype.com,Female,Bangladesh,1980/07/02
389,Huey,Lindell,hlindellas@amazonaws.com,Male,Cambodia,1968/05/28
390,Lynelle,McIndoe,lmcindoeat@google.fr,Female,China,1993/02/26
391,Issi,Gossan,igossanau@geocities.com,Genderfluid,Cuba,1960/02/13
392,Evey,Dagnan,edagnanav@ftc.gov,Female,Honduras,1985/06/10
393,Moe,Danelet,mdaneletaw@cnet.com,Male,Mexico,1965/09/16
394,Gannie,Winger,gwingerax@tumblr.com,Male,Philippines,1969/09/02
395,Hercule,O'Duane,hoduaneay@xrea.com,Agender,Palestinian Territory,1975/08/08
396,Elsinore,Marcham,emarchamaz@posterous.com,Female,Mexico,1978/08/05
397,Alane,Hovell,ahovellb0@illinois.edu,Female,Philippines,1996/07/15
398,Tibold,Culpan,tculpanb1@so-net.ne.jp,Male,South Korea,1988/10/03
399,Gwendolin,Crauford,gcraufordb2@ycombinator.com,Female,Poland,1990/04/22
400,Enrico,Grishukhin,egrishukhinb3@com.com,Male,Philippines,1956/11/06
401,Annadiane,Dohmer,adohmerb4@loc.gov,Non-binary,Indonesia,1999/08/27
402,Noland,Klaessen,nklaessenb5@phoca.cz,Male,Ukraine,1981/09/05
403,Roxana,Sloyan,rsloyanb6@hc360.com,Female,Peru,1956/09/05
404,Domingo,Kingswell,dkingswellb7@tinyurl.com,Agender,Georgia,1960/12/09
405,Linette,Maroney,lmaroneyb8@google.co.uk,Female,Bolivia,1999/05/25
406,Creighton,Brewitt,cbrewittb9@spiegel.de,Male,Taiwan,1995/12/14
407,Garrott,Humbee,ghumbeeba@harvard.edu,Male,China,1971/10/15
408,Winne,Siehard,wsiehardbb@creativecommons.org,Female,Morocco,1973/04/19
409,Sigismond,Ivanusyev,sivanusyevbc@unicef.org,Male,France,1956/04/22
410,Aaron,Orpwood,aorpwoodbd@pbs.org,Male,Hungary,1995/12/16
411,Merrielle,Rozet,mrozetbe@wikimedia.org,Female,China,1990/09/23
412,Trisha,Titcomb,ttitcombbf@t-online.de,Female,Philippines,1961/07/02
413,Bel,McTavy,bmctavybg@is.gd,Female,Brazil,1974/03/14
414,Felicdad,Harden,fhardenbh@wordpress.com,Female,Czech Republic,1995/09/22
415,Pooh,Ferrar,pferrarbi@google.cn,Male,Russia,1965/06/13
416,Leonardo,Darke,ldarkebj@imgur.com,Male,Ukraine,1976/08/29
417,Alissa,Bellon,abellonbk@dropbox.com,Female,Costa Rica,1954/10/08
418,Lincoln,Banville,lbanvillebl@geocities.com,Male,China,1970/06/21
419,Dean,Hinnerk,dhinnerkbm@mail.ru,Male,Portugal,1970/08/08
420,Evin,Dunrige,edunrigebn@skype.com,Male,China,1984/04/09
421,Sandy,Blenkinship,sblenkinshipbo@howstuffworks.com,Male,Argentina,1961/03/16
422,Aurel,Cobbled,acobbledbp@dedecms.com,Polygender,China,1990/03/27
423,Moyra,Banner,mbannerbq@imdb.com,Female,United States,1986/11/26
424,Leonhard,Guild,lguildbr@linkedin.com,Male,China,1977/06/08
425,Daren,Lghan,dlghanbs@walmart.com,Male,China,1992/01/19
426,Ronica,Collecott,rcollecottbt@hubpages.com,Female,Philippines,1959/05/14
427,Benedikta,Canacott,bcanacottbu@google.de,Female,China,1991/04/19
428,Tonye,Haydon,thaydonbv@tiny.cc,Female,Brazil,1999/12/25
429,Abbe,McWilliam,amcwilliambw@usatoday.com,Male,China,1992/05/24
430,Kathy,Undy,kundybx@livejournal.com,Female,Thailand,1983/09/09
431,Demetri,Theurer,dtheurerby@qq.com,Male,Mexico,1974/06/28
432,Rica,Theml,rthemlbz@flickr.com,Female,Indonesia,1981/11/26
433,Vaughn,Kubera,vkuberac0@wufoo.com,Male,Bulgaria,1960/05/14
434,Nedi,Seth,nsethc1@wikia.com,Female,Philippines,1952/05/02
435,Darnell,Giaomozzo,dgiaomozzoc2@quantcast.com,Male,Costa Rica,1986/04/21
436,Florence,Snow,fsnowc3@linkedin.com,Polygender,Canada,1953/06/29
437,Deeann,Beecker,dbeeckerc4@independent.co.uk,Female,Netherlands,1996/11/23
438,Brigit,Beert,bbeertc5@phoca.cz,Female,Ukraine,1975/04/08
439,Dorothee,Stockbridge,dstockbridgec6@businesswire.com,Female,Poland,1957/06/13
440,Yorke,Clemensen,yclemensenc7@parallels.com,Male,China,1976/08/29
441,Fonz,Farrah,ffarrahc8@mapquest.com,Male,Nepal,1965/11/09
442,Neill,Seiffert,nseiffertc9@telegraph.co.uk,Male,China,1989/08/24
443,Dee dee,D'Ambrosi,ddambrosica@vk.com,Female,Colombia,1989/06/25
444,Marjorie,Knighton,mknightoncb@zimbio.com,Female,Brazil,1996/08/07
445,Kevon,Reid,kreidcc@epa.gov,Male,Russia,1951/06/01
446,Kienan,Vany,kvanycd@stumbleupon.com,Male,Argentina,1976/10/02
447,Laurena,Conant,lconantce@auda.org.au,Female,South Africa,1984/07/20
448,Garek,Labusch,glabuschcf@telegraph.co.uk,Polygender,Honduras,1961/02/02
449,Johan,Ferre,jferrecg@livejournal.com,Genderqueer,Peru,1988/06/26
450,Rosamond,Whenman,rwhenmanch@uol.com.br,Polygender,Russia,1962/12/03
451,Carr,Baldelli,cbaldellici@blogspot.com,Male,Indonesia,1996/07/17
452,Mada,Roswarn,mroswarncj@pbs.org,Female,Ukraine,1955/09/30
453,Verna,Duchatel,vduchatelck@webmd.com,Non-binary,Czech Republic,1966/03/07
454,Else,Wimlett,ewimlettcl@wix.com,Female,Indonesia,1976/06/22
455,Rocky,Norcliff,rnorcliffcm@tmall.com,Male,Brazil,1978/12/09
456,Steve,Stollenbeck,sstollenbeckcn@gravatar.com,Male,Nigeria,1991/11/11
457,Maegan,Refford,mreffordco@slashdot.org,Genderfluid,Indonesia,1976/07/05
458,Aggy,McIlenna,amcilennacp@hostgator.com,Female,Tanzania,1981/04/11
459,Emmet,Texton,etextoncq@myspace.com,Male,Poland,1998/02/16
460,Malchy,Wife,mwifecr@tmall.com,Male,Philippines,1995/06/10
461,Lenna,Leadley,lleadleycs@reddit.com,Female,China,1965/01/05
462,Ilene,Gowland,igowlandct@ezinearticles.com,Female,Peru,1970/06/22
463,Laurie,Bartlomieczak,lbartlomieczakcu@blinklist.com,Female,Lithuania,1974/06/06
464,Augy,Dewick,adewickcv@redcross.org,Male,Comoros,1967/06/30
465,Marten,Antunes,mantunescw@mtv.com,Male,Indonesia,1965/05/27
466,Chrisse,Linfield,clinfieldcx@odnoklassniki.ru,Male,North Korea,1964/08/11
467,Aloise,Barbey,abarbeycy@yellowbook.com,Female,Poland,1954/03/23
468,Major,Scotti,mscotticz@dropbox.com,Male,China,1993/01/04
469,Venita,Wase,vwased0@cam.ac.uk,Female,Indonesia,1984/09/06
470,Jehanna,Goschalk,jgoschalkd1@huffingtonpost.com,Female,China,1993/06/16
471,Cecile,Litton,clittond2@cocolog-nifty.com,Female,France,1955/07/16
472,Heindrick,Glasman,hglasmand3@zimbio.com,Male,Mexico,1989/02/27
473,Christos,Frape,cfraped4@flickr.com,Male,Indonesia,1983/05/01
474,Theo,Krzysztof,tkrzysztofd5@dion.ne.jp,Female,China,1965/02/16
475,Rozalin,Geldert,rgeldertd6@phpbb.com,Female,Netherlands,1960/02/06
476,Elston,Gonnet,egonnetd7@si.edu,Male,Brazil,1980/08/30
477,Raye,Bourrel,rbourreld8@usa.gov,Female,China,1969/09/11
478,Jule,Trasler,jtraslerd9@wikimedia.org,Male,Japan,1998/03/24
479,Ulrika,Grzeszczak,ugrzeszczakda@github.com,Agender,Venezuela,1988/03/29
480,Anallise,Lumsdale,alumsdaledb@lycos.com,Female,China,1991/01/20
481,Merrie,Ferneyhough,mferneyhoughdc@unc.edu,Female,Ethiopia,1996/12/26
482,Garret,Soldi,gsoldidd@slate.com,Male,Kenya,1952/04/25
483,Charmane,Merigon,cmerigonde@deliciousdays.com,Female,Philippines,1988/04/22
484,Harli,Hearty,hheartydf@livejournal.com,Female,Thailand,1953/08/27
485,Pippo,Skippon,pskippondg@list-manage.com,Male,Colombia,1965/10/15
486,Susannah,Heart,sheartdh@wufoo.com,Female,Indonesia,1987/12/07
487,Loise,Narup,lnarupdi@imdb.com,Female,France,1970/03/08
488,Petey,McNae,pmcnaedj@etsy.com,Male,Brazil,1992/03/07
489,Leia,Yurygyn,lyurygyndk@acquirethisname.com,Female,Philippines,1959/01/07
490,Elwyn,Eastbury,eeastburydl@slideshare.net,Male,China,1966/08/21
491,Dirk,Aggiss,daggissdm@nsw.gov.au,Male,Indonesia,1958/08/27
492,Mick,Marklow,mmarklowdn@pcworld.com,Male,Madagascar,1960/11/27
493,Maye,Clayworth,mclayworthdo@aol.com,Female,Afghanistan,1956/06/20
494,Ad,Lanceter,alanceterdp@shareasale.com,Male,Puerto Rico,1988/09/19
495,Natalie,Dresse,ndressedq@mac.com,Female,Venezuela,1971/02/20
496,Jeanette,MacMorland,jmacmorlanddr@dell.com,Female,Malaysia,1988/08/03
497,Vasili,Rowbotham,vrowbothamds@mediafire.com,Male,China,1974/02/01
498,Arden,Dingivan,adingivandt@desdev.cn,Female,Japan,1997/06/08
499,Josey,Core,jcoredu@hubpages.com,Bigender,China,1996/11/25
500,Hermie,Bebbington,hbebbingtondv@a8.net,Male,Poland,1990/08/13
501,Alys,McPartling,amcpartlingdw@house.gov,Female,Thailand,1970/02/16
502,Amby,Flowerdew,aflowerdewdx@shinystat.com,Male,Tanzania,1966/04/29
503,Dorine,Brumham,dbrumhamdy@drupal.org,Female,Brazil,1993/01/16
504,Annamaria,Paxton,apaxtondz@mysql.com,Female,Peru,1984/09/04
505,Morie,Padefield,mpadefielde0@omniture.com,Male,French Guiana,1974/07/18
506,Murdoch,Blazej,mblazeje1@oakley.com,Male,China,1987/12/16
507,Sheilah,Hew,shewe2@house.gov,Female,China,1966/02/11
508,Calli,Lefeaver,clefeavere3@nature.com,Female,Poland,1977/04/27
509,Culver,Ren,crene4@artisteer.com,Male,China,1994/12/16
510,Chandra,Davenport,cdavenporte5@google.ru,Female,Norway,1984/12/22
511,Mendel,Sigars,msigarse6@aol.com,Male,Canada,1997/10/28
512,Bobine,Vigours,bvigourse7@chron.com,Female,Greece,1982/08/10
513,Nessy,Rumin,nrumine8@pen.io,Female,China,1963/05/02
514,Gerta,Curtis,gcurtise9@tumblr.com,Bigender,Sweden,1961/08/22
515,Golda,Arnaut,garnautea@whitehouse.gov,Female,Argentina,1973/12/06
516,Tanney,Ricards,tricardseb@list-manage.com,Male,Japan,1997/09/02
517,Alvin,Carvil,acarvilec@paypal.com,Male,Greece,1995/06/21
518,Terrence,Grishelyov,tgrishelyoved@timesonline.co.uk,Male,Indonesia,1996/03/06
519,Noel,Pifford,npiffordee@edublogs.org,Male,Indonesia,1980/07/15
520,Loren,Egglestone,legglestoneef@oaic.gov.au,Genderfluid,China,1964/11/04
521,Cherish,Jennaroy,cjennaroyeg@51.la,Female,Russia,1994/08/20
522,Cherish,Davydychev,cdavydycheveh@admin.ch,Female,Indonesia,1963/05/03
523,Shurlock,Lynnett,slynnettei@google.com,Male,Lebanon,1997/10/02
524,Livvyy,Pomfrey,lpomfreyej@businessinsider.com,Genderqueer,Ukraine,1972/12/04
525,Laney,Grahame,lgrahameek@dot.gov,Male,China,1976/04/23
526,Joey,Guiet,jguietel@de.vu,Male,Argentina,1972/08/27
527,Aurlie,Liveing,aliveingem@so-net.ne.jp,Female,Thailand,1990/10/16
528,Katherina,Gillett,kgilletten@lulu.com,Female,Thailand,1983/05/07
529,Coleman,Sarsfield,csarsfieldeo@seesaa.net,Male,Vietnam,1976/11/25
530,Lianna,Traves,ltravesep@cdbaby.com,Female,Finland,1993/08/02
531,Cad,Roo,crooeq@msn.com,Polygender,China,1953/01/01
532,Ania,Craine,acraineer@webmd.com,Female,Vietnam,1991/09/18
533,Gwyneth,Frisdick,gfrisdickes@fda.gov,Female,Canada,1975/09/19
534,Wayne,Divers,wdiverset@instagram.com,Male,Poland,1987/09/20
535,Batholomew,Spore,bsporeeu@yellowbook.com,Male,Greece,1999/04/26
536,Jacqueline,Oswal,joswalev@weather.com,Female,Indonesia,1963/12/23
537,Hermon,Bim,hbimew@live.com,Male,Brazil,1992/09/24
538,Melli,Stump,mstumpex@surveymonkey.com,Female,China,1999/08/06
539,Tiffany,Idale,tidaleey@cbc.ca,Female,Portugal,1999/10/07
540,Barbaraanne,Cinavas,bcinavasez@theatlantic.com,Female,Russia,1955/07/14
541,Gar,Altimas,galtimasf0@telegraph.co.uk,Male,Uzbekistan,1997/02/27
542,Jonis,Steet,jsteetf1@spotify.com,Female,Iran,1993/10/13
543,Vick,Kirwan,vkirwanf2@who.int,Non-binary,China,1976/09/12
544,Britt,Nehlsen,bnehlsenf3@blinklist.com,Female,Indonesia,1992/09/07
545,Guillema,Mitro,gmitrof4@addthis.com,Female,Colombia,1983/02/11
546,Robb,Bunt,rbuntf5@dion.ne.jp,Male,Egypt,1953/08/11
547,Odelia,Ekkel,oekkelf6@google.co.uk,Bigender,Oman,1998/06/24
548,Gavin,Thynn,gthynnf7@google.fr,Male,Canada,1951/12/04
549,Larine,Oliveti,lolivetif8@forbes.com,Female,Portugal,1974/10/28
550,Isadore,Alford,ialfordf9@msn.com,Male,Brazil,1977/01/19
551,Andriette,Currier,acurrierfa@auda.org.au,Female,Swaziland,1998/09/30
552,Cherianne,Hawkin,chawkinfb@alibaba.com,Female,China,1975/07/24
553,Tobi,Teresia,tteresiafc@latimes.com,Female,Montenegro,1972/07/31
554,Mathias,Loyndon,mloyndonfd@youku.com,Bigender,Philippines,1988/06/26
555,Alexandros,Shird,ashirdfe@deliciousdays.com,Male,Japan,1955/04/16
556,Lynnet,Crocken,lcrockenff@forbes.com,Female,China,1990/05/16
557,Ashley,Beyn,abeynfg@sfgate.com,Male,Botswana,1961/02/10
558,Tildie,Lenglet,tlengletfh@smh.com.au,Female,France,1970/12/22
559,Roxie,Duerden,rduerdenfi@cornell.edu,Female,Luxembourg,1984/08/14
560,Verna,Gotcher,vgotcherfj@eepurl.com,Female,Argentina,1980/03/29
561,Marven,Louden,mloudenfk@bbc.co.uk,Male,United States,1953/09/13
562,Saudra,Gadie,sgadiefl@sciencedaily.com,Female,Colombia,1993/04/17
563,Linoel,Blind,lblindfm@yale.edu,Male,Estonia,1991/05/31
564,Sherwynd,Tomowicz,stomowiczfn@bloomberg.com,Male,China,1957/06/18
565,Brockie,Marrow,bmarrowfo@nih.gov,Male,Venezuela,1971/11/07
566,Rina,Startin,rstartinfp@smh.com.au,Female,Brazil,1956/05/26
567,Massimiliano,Seary,msearyfq@e-recht24.de,Male,Afghanistan,1956/01/12
568,Morey,Chicken,mchickenfr@yellowpages.com,Male,Russia,1965/02/07
569,Helen,Minall,hminallfs@weather.com,Female,Ukraine,1962/09/18
570,Babs,Killerby,bkillerbyft@fc2.com,Female,Thailand,1981/06/09
571,Bjorn,Troillet,btroilletfu@skype.com,Male,France,1956/04/01
572,Charmain,Goadsby,cgoadsbyfv@reference.com,Female,France,1963/05/08
573,Drake,Ingamells,dingamellsfw@dot.gov,Male,Sweden,1995/06/29
574,Hali,Meys,hmeysfx@wikimedia.org,Female,Thailand,1999/08/19
575,Gawain,Ellin,gellinfy@soundcloud.com,Male,Philippines,1951/03/27
576,Les,Whodcoat,lwhodcoatfz@creativecommons.org,Male,Poland,1989/07/01
577,Raymond,Eynald,reynaldg0@dagondesign.com,Male,United Arab Emirates,1975/08/20
578,Anastasie,Seeman,aseemang1@theglobeandmail.com,Non-binary,Luxembourg,1975/01/20
579,Haslett,Boultwood,hboultwoodg2@ucoz.com,Genderfluid,Iran,1961/08/11
580,Barrie,ducarme,bducarmeg3@quantcast.com,Polygender,China,1981/04/24
581,Clarey,Ashling,cashlingg4@home.pl,Genderqueer,United States,1963/05/30
582,Annis,Megarry,amegarryg5@woothemes.com,Female,Poland,1995/09/01
583,Merla,O' Flaherty,moflahertyg6@cloudflare.com,Female,Poland,1965/12/09
584,Gale,Lyfield,glyfieldg7@earthlink.net,Female,Canada,1969/12/01
585,Elyse,Meininking,emeininkingg8@stumbleupon.com,Polygender,China,1974/11/23
586,Jacquetta,Yeats,jyeatsg9@flickr.com,Female,China,1983/12/27
587,Zia,Wellman,zwellmanga@nbcnews.com,Female,Benin,1977/02/09
588,Dion,Spours,dspoursgb@dmoz.org,Male,Vietnam,1984/11/23
589,Bartolomeo,Redding,breddinggc@php.net,Male,China,1960/01/31
590,Constantina,Osmint,cosmintgd@merriam-webster.com,Female,Honduras,1955/05/31
591,Haven,Longhurst,hlonghurstge@t-online.de,Male,Sweden,1955/07/26
592,Mirella,Gonin,mgoningf@edublogs.org,Female,Sweden,1973/01/14
593,Roldan,Leffek,rleffekgg@apache.org,Male,Russia,1980/03/23
594,Orton,Carah,ocarahgh@desdev.cn,Male,Nigeria,1961/10/27
595,Rickie,MacAdam,rmacadamgi@cam.ac.uk,Female,Portugal,1978/11/01
596,Bartel,Elldred,belldredgj@yelp.com,Male,Portugal,1986/05/28
597,Kerrie,Nijs,knijsgk@cyberchimps.com,Female,Guatemala,1995/03/11
598,Lizabeth,Prior,lpriorgl@zimbio.com,Female,China,1957/11/24
599,Cosetta,Dumblton,cdumbltongm@ow.ly,Female,Philippines,1989/10/13
600,Wilhelmina,Sidon,wsidongn@arstechnica.com,Genderqueer,Uganda,1978/08/19
601,Phillipe,Battleson,pbattlesongo@hatena.ne.jp,Agender,Nepal,1964/07/25
602,Vincents,Mitcheson,vmitchesongp@weebly.com,Male,Philippines,1956/06/09
603,Elberta,D'Orsay,edorsaygq@stumbleupon.com,Female,Thailand,1955/12/01
604,Helenka,Locke,hlockegr@nytimes.com,Female,China,1989/04/08
605,Rozele,Emmanueli,remmanueligs@exblog.jp,Agender,China,1953/05/26
606,Izak,Gawn,igawngt@slideshare.net,Male,China,1991/10/21
607,Lillian,Jewer,ljewergu@homestead.com,Female,Iran,1963/03/22
608,Isak,Rossant,irossantgv@goodreads.com,Male,Indonesia,1969/10/22
609,Jozef,Feasey,jfeaseygw@cmu.edu,Male,Portugal,1972/10/12
610,Rich,Rushby,rrushbygx@w3.org,Male,Croatia,1951/08/06
611,Alis,Legerton,alegertongy@ycombinator.com,Female,Indonesia,1991/03/25
612,Wood,Dekeyser,wdekeysergz@yandex.ru,Male,Poland,1954/10/30
613,Preston,Degnen,pdegnenh0@taobao.com,Non-binary,Brazil,1984/12/09
614,Moore,Darnbrough,mdarnbroughh1@time.com,Male,Argentina,1977/02/08
615,Kellen,Bramah,kbramahh2@over-blog.com,Male,United States,1969/02/14
616,Terese,Paybody,tpaybodyh3@ucla.edu,Bigender,China,1977/04/29
617,Jo-ann,Dinning,jdinningh4@studiopress.com,Female,Brazil,1961/01/23
618,Aurelia,Tearle,atearleh5@google.fr,Female,Indonesia,1977/04/14
619,Mela,Crossley,mcrossleyh6@fda.gov,Female,France,1988/01/08
620,Augustine,Havock,ahavockh7@umn.edu,Male,Armenia,1952/01/08
621,Hayward,Dietsche,hdietscheh8@google.ru,Male,Indonesia,1978/10/02
622,Jareb,Audiss,jaudissh9@quantcast.com,Male,Lithuania,1984/10/14
623,Shawn,Bister,sbisterha@tuttocitta.it,Male,Portugal,1975/07/28
624,Geoffry,Pattle,gpattlehb@google.ca,Male,Indonesia,1974/04/04
625,Randene,Dillamore,rdillamorehc@ucoz.com,Female,Netherlands,1976/01/20
626,Cornall,Fidelus,cfidelushd@washington.edu,Male,Canada,1972/07/19
627,Franklin,Gowen,fgowenhe@cocolog-nifty.com,Male,Argentina,1996/04/02
628,Corbet,Burdon,cburdonhf@histats.com,Male,Peru,1991/02/02
629,Cynthie,Stollenhof,cstollenhofhg@utexas.edu,Female,France,1989/04/26
630,Garrott,Frostdyke,gfrostdykehh@ask.com,Male,Nepal,1977/01/13
631,Ursola,MacConnel,umacconnelhi@biglobe.ne.jp,Female,Costa Rica,1992/06/29
632,Kameko,Figurski,kfigurskihj@printfriendly.com,Female,China,1992/04/28
633,Waiter,Henrot,whenrothk@bizjournals.com,Male,Cambodia,1965/05/16
634,Verile,Rozier,vrozierhl@csmonitor.com,Female,New Zealand,1991/05/31
635,Rozella,Navan,rnavanhm@time.com,Female,Cuba,1999/07/28
636,Keelby,Juszczyk,kjuszczykhn@123-reg.co.uk,Male,Philippines,1967/04/08
637,Lianne,Puttnam,lputtnamho@vimeo.com,Female,Brazil,1955/08/20
638,Pamela,Gayden,pgaydenhp@dailymail.co.uk,Female,Czech Republic,2000/08/23
639,Ceil,Warwick,cwarwickhq@ted.com,Female,Kazakhstan,1951/01/06
640,Donalt,Felkin,dfelkinhr@nydailynews.com,Male,Germany,1969/02/06
641,Timotheus,Turfus,tturfushs@aol.com,Male,China,1957/11/15
642,Jarib,Kalb,jkalbht@mapquest.com,Male,China,1955/02/09
643,Erastus,Cyples,ecypleshu@netlog.com,Male,Ukraine,1968/09/29
644,Drusilla,Eykel,deykelhv@zimbio.com,Non-binary,Costa Rica,1953/01/10
645,Berry,McIver,bmciverhw@google.com,Female,Vietnam,1954/09/11
646,Taddeo,Hunt,thunthx@archive.org,Male,China,1970/12/13
647,Tobiah,Cantrill,tcantrillhy@woothemes.com,Male,Czech Republic,1963/01/12
648,Doe,Chritchley,dchritchleyhz@howstuffworks.com,Female,Thailand,1976/10/28
649,Myrvyn,Izkovicz,mizkoviczi0@wsj.com,Non-binary,Indonesia,1983/07/27
650,Chrissy,Brownfield,cbrownfieldi1@mail.ru,Male,Bangladesh,1959/05/19
651,Gallard,Jannequin,gjannequini2@whitehouse.gov,Male,Colombia,1968/12/30
652,Marinna,Stroud,mstroudi3@latimes.com,Female,China,1968/02/08
653,Rene,Annion,rannioni4@sciencedaily.com,Male,China,1996/07/03
654,Lynnell,Courvert,lcourverti5@fema.gov,Female,Portugal,1957/08/28
655,Kirstyn,Stockbridge,kstockbridgei6@a8.net,Female,China,1966/04/10
656,Doreen,Grigori,dgrigorii7@sourceforge.net,Female,South Korea,1984/09/24
657,Emeline,McColl,emccolli8@amazon.de,Female,Ukraine,1989/04/28
658,Israel,Cannavan,icannavani9@google.com.hk,Male,Portugal,1992/10/20
659,Earvin,McPaike,emcpaikeia@amazon.co.uk,Genderqueer,Portugal,1999/04/25
660,Blake,Yegorkin,byegorkinib@usa.gov,Male,Croatia,1951/05/18
661,Banky,Renols,brenolsic@amazon.com,Male,China,1982/11/15
662,Dorotea,Stadding,dstaddingid@sogou.com,Female,Poland,1981/02/20
663,Torr,MacGaughey,tmacgaugheyie@hostgator.com,Male,Indonesia,1971/08/11
664,Jessee,Benzie,jbenzieif@t-online.de,Male,Russia,1983/11/26
665,Shem,Jessen,sjessenig@vk.com,Male,China,1953/12/08
666,Chere,Broadey,cbroadeyih@ebay.co.uk,Female,Canada,1975/09/11
667,Biron,Meeks,bmeeksii@goo.gl,Male,China,1975/06/17
668,Rachelle,Firbank,rfirbankij@drupal.org,Female,United States,1988/05/16
669,Franz,Heam,fheamik@alexa.com,Male,Colombia,1974/01/01
670,Francklin,Dowtry,fdowtryil@washington.edu,Male,Russia,1980/02/01
671,Fianna,Wilgar,fwilgarim@moonfruit.com,Female,Cuba,1980/11/13
672,Kim,Cushe,kcushein@furl.net,Male,China,1994/03/04
673,Bonnee,Kislingbury,bkislingburyio@weather.com,Female,United States,1998/12/01
674,Pierrette,Halbeard,phalbeardip@wordpress.org,Female,United States,1979/10/12
675,Lanita,Blogg,lbloggiq@who.int,Female,Russia,1975/12/17
676,Ban,Thurlbeck,bthurlbeckir@businessinsider.com,Male,China,1979/03/17
677,Ulrich,Poltone,upoltoneis@paginegialle.it,Male,Brazil,1960/11/18
678,Scotty,Desmond,sdesmondit@sciencedaily.com,Male,Russia,1964/07/10
679,Gusty,Greenig,ggreenigiu@naver.com,Female,Russia,1992/06/04
680,Sylvester,Knobell,sknobelliv@pen.io,Agender,Mexico,1958/10/08
681,Mellicent,Losty,mlostyiw@ovh.net,Female,Russia,1969/10/23
682,Mala,Blanchard,mblanchardix@earthlink.net,Female,Afghanistan,1994/02/19
683,Eugine,Burwell,eburwelliy@networksolutions.com,Genderfluid,China,1966/04/09
684,Britt,Dikels,bdikelsiz@google.es,Male,Jamaica,1958/06/29
685,Isis,Crumb,icrumbj0@blogger.com,Female,China,1968/03/28
686,Gerick,Doche,gdochej1@dell.com,Male,Albania,1970/05/28
687,Christoph,Worsfold,cworsfoldj2@goo.gl,Male,Mongolia,1963/05/08
688,Elayne,Glawsop,eglawsopj3@hp.com,Polygender,Mexico,1960/05/30
689,Tabitha,Bau,tbauj4@omniture.com,Female,Portugal,1958/03/07
690,Kennith,Humbatch,khumbatchj5@themeforest.net,Male,Yemen,1993/03/28
691,Virgie,Corcoran,vcorcoranj6@thetimes.co.uk,Agender,Philippines,1998/08/11
692,Mareah,Wisdom,mwisdomj7@drupal.org,Female,Bosnia and Herzegovina,1975/02/05
693,Humfrey,Scamal,hscamalj8@blinklist.com,Male,China,1990/05/15
694,Warden,Jacquet,wjacquetj9@cnbc.com,Male,Russia,1957/08/26
695,Geri,Aikin,gaikinja@twitter.com,Male,Colombia,1952/11/21
696,Margit,O'Shiel,moshieljb@seesaa.net,Female,France,1990/10/24
697,Jori,Blasgen,jblasgenjc@microsoft.com,Female,Canada,1969/04/18
698,Waring,Wrightham,wwrighthamjd@pen.io,Male,Brazil,1973/07/15
699,Yancey,Arundell,yarundellje@squidoo.com,Male,Ukraine,1968/10/10
700,Liam,Funnell,lfunnelljf@acquirethisname.com,Male,Indonesia,1987/03/07
701,Berri,Mulvihill,bmulvihilljg@shinystat.com,Female,Finland,1979/06/09
702,Darcey,Hulle,dhullejh@wikia.com,Female,Russia,1954/02/02
703,Venus,Marshall,vmarshallji@epa.gov,Female,China,1996/04/27
704,Christoper,Albutt,calbuttjj@seattletimes.com,Male,Sweden,1985/05/01
705,Jaime,Pitson,jpitsonjk@cbslocal.com,Female,China,1983/10/19
706,Padraic,Sharples,psharplesjl@freewebs.com,Male,Israel,1959/08/10
707,Garrik,Moneypenny,gmoneypennyjm@sina.com.cn,Male,China,1990/07/15
708,Janet,Cahalan,jcahalanjn@shutterfly.com,Female,New Zealand,1992/07/10
709,Dorian,Huddleston,dhuddlestonjo@tinypic.com,Agender,China,1974/04/19
710,Sofia,Mongin,smonginjp@ezinearticles.com,Female,Argentina,1957/05/09
711,Tremaine,Norval,tnorvaljq@ifeng.com,Male,Liechtenstein,1969/12/25
712,Dasi,Kellick,dkellickjr@hugedomains.com,Female,Ukraine,1979/01/04
713,Christiana,Drewett,cdrewettjs@ihg.com,Female,Poland,1954/03/12
714,Waylen,Layhe,wlayhejt@nymag.com,Male,Portugal,1989/04/13
715,Dean,Llewelyn,dllewelynju@hubpages.com,Male,Sweden,1983/12/03
716,Gilberto,Keigher,gkeigherjv@sourceforge.net,Male,Portugal,1985/10/29
717,Beck,Haddington,bhaddingtonjw@youku.com,Male,Brazil,1961/06/03
718,Kippy,Yurlov,kyurlovjx@rambler.ru,Male,Ethiopia,1995/10/19
719,Bunny,Sneesbie,bsneesbiejy@cnbc.com,Female,Colombia,1968/06/25
720,Corene,Abramovici,cabramovicijz@samsung.com,Female,Indonesia,1999/03/02
721,Pacorro,McTrustam,pmctrustamk0@harvard.edu,Male,Vietnam,1977/03/25
722,Reese,Maasz,rmaaszk1@google.ru,Male,Greece,1964/12/30
723,Kort,Swain,kswaink2@newsvine.com,Male,Vietnam,1952/12/27
724,Mickey,Oldroyde,moldroydek3@japanpost.jp,Male,Russia,1973/12/25
725,Gerardo,O'Duggan,goduggank4@joomla.org,Male,Indonesia,1963/07/28
726,Tomaso,Looby,tloobyk5@yahoo.com,Male,Indonesia,1982/09/21
727,Giorgia,Masedon,gmasedonk6@amazonaws.com,Female,Brazil,1998/04/12
728,Bart,Logg,bloggk7@merriam-webster.com,Polygender,Brazil,1954/11/05
729,Mordecai,Shrieves,mshrievesk8@hud.gov,Male,Brazil,1956/06/25
730,Dane,McCard,dmccardk9@forbes.com,Male,Poland,1983/06/27
731,Tove,Servis,tserviska@amazon.com,Female,Argentina,1968/10/31
732,Gerick,Pamment,gpammentkb@umn.edu,Agender,Russia,1986/08/20
733,Ware,Sadler,wsadlerkc@fema.gov,Polygender,Zambia,1970/02/25
734,Dulcie,Brewster,dbrewsterkd@economist.com,Female,Bangladesh,1971/03/07
735,Urson,Chilley,uchilleyke@imageshack.us,Male,Brazil,1972/02/04
736,Heida,Veelers,hveelerskf@sourceforge.net,Non-binary,China,1968/02/22
737,Ingemar,Defrain,idefrainkg@hostgator.com,Male,Brazil,1956/01/09
738,Brian,Guarnier,bguarnierkh@yahoo.co.jp,Male,Poland,1985/04/09
739,Estel,Ellin,eellinki@engadget.com,Agender,Zambia,1983/03/14
740,Walther,Broom,wbroomkj@angelfire.com,Male,New Zealand,1999/06/07
741,Johnna,Hazelby,jhazelbykk@godaddy.com,Female,China,1955/03/07
742,Carline,Snowling,csnowlingkl@arizona.edu,Female,Indonesia,1972/10/03
743,Dall,D'Costa,ddcostakm@slate.com,Male,Poland,1989/08/15
744,Dieter,Tejada,dtejadakn@thetimes.co.uk,Male,Poland,1973/06/26
745,Demetra,Workes,dworkesko@shop-pro.jp,Female,Portugal,1958/04/18
746,Ernie,Storton,estortonkp@nih.gov,Male,Netherlands,1951/07/07
747,Bert,Phripp,bphrippkq@uiuc.edu,Female,Canada,1964/06/18
748,Shaun,Burden,sburdenkr@si.edu,Male,Zambia,1980/10/19
749,Wald,Hazeman,whazemanks@google.cn,Male,Russia,1958/11/12
750,Benn,Piburn,bpiburnkt@cnn.com,Male,Brazil,1978/02/14
751,Lorettalorna,Lening,lleningku@wikipedia.org,Female,Indonesia,1971/02/11
752,Ellie,Heningam,eheningamkv@fc2.com,Female,Peru,1991/05/27
753,Jackson,Redwin,jredwinkw@rediff.com,Agender,United States,1970/03/18
754,Roseline,Harling,rharlingkx@sphinn.com,Female,Syria,1998/03/16
755,Lynea,Kemet,lkemetky@msu.edu,Female,Indonesia,1986/07/18
756,Effie,McIlwain,emcilwainkz@sciencedirect.com,Female,Brazil,1970/11/28
757,Avram,McCaw,amccawl0@cocolog-nifty.com,Male,Sweden,1958/07/23
758,Alvin,Stollman,astollmanl1@ebay.co.uk,Male,Philippines,1972/04/03
759,Marjorie,Furmage,mfurmagel2@nationalgeographic.com,Female,China,1990/12/09
760,Allegra,Lethbury,alethburyl3@mlb.com,Female,Philippines,1986/02/20
761,Honoria,Exton,hextonl4@aol.com,Female,Bulgaria,1979/10/10
762,Martha,Fieldsend,mfieldsendl5@naver.com,Female,Mozambique,1976/09/08
763,Dirk,Kleinbaum,dkleinbauml6@istockphoto.com,Male,China,1991/11/02
764,Darby,Henstridge,dhenstridgel7@epa.gov,Female,China,1955/07/30
765,Letisha,Saby,lsabyl8@t.co,Female,Russia,1969/09/10
766,Gleda,Debling,gdeblingl9@unc.edu,Female,China,1966/09/26
767,Baxie,Jaquiss,bjaquissla@earthlink.net,Male,Russia,1973/06/24
768,Kevina,Unsworth,kunsworthlb@hp.com,Female,Nepal,1957/05/04
769,Shea,Edeson,sedesonlc@mtv.com,Bigender,Brazil,1977/11/28
770,Merissa,Yakebovitch,myakebovitchld@twitpic.com,Female,China,1999/04/27
771,Mikey,Samarth,msamarthle@blogger.com,Male,France,1988/02/25
772,Tonye,Foulsham,tfoulshamlf@disqus.com,Genderfluid,Thailand,1954/05/09
773,Kenon,Malek,kmaleklg@blogs.com,Male,Philippines,1967/03/30
774,Damara,Powderham,dpowderhamlh@bloglines.com,Female,China,1995/07/06
775,Marie-ann,Lahrs,mlahrsli@sfgate.com,Female,Ethiopia,1961/01/12
776,Francine,Hause,fhauselj@xinhuanet.com,Female,Rwanda,1969/09/17
777,Scotty,Overland,soverlandlk@reference.com,Male,Greece,1999/02/15
778,Kylynn,Wallsworth,kwallsworthll@artisteer.com,Bigender,Philippines,1972/04/21
779,Emilie,Farley,efarleylm@digg.com,Female,Argentina,1994/07/01
780,Isidor,Goodley,igoodleyln@lycos.com,Male,Indonesia,1986/01/04
781,Noelle,Augur,naugurlo@issuu.com,Female,Yemen,1986/01/23
782,Kain,Ferraraccio,kferraracciolp@studiopress.com,Male,China,1986/06/26
783,Rivkah,Guyver,rguyverlq@newyorker.com,Female,Colombia,1962/09/04
784,Xymenes,Jellyman,xjellymanlr@ocn.ne.jp,Male,China,1972/09/10
785,Nydia,Trodden,ntroddenls@baidu.com,Female,China,1971/05/16
786,Georgine,Billyard,gbillyardlt@bbb.org,Genderfluid,China,1958/11/11
787,Elroy,Gauch,egauchlu@odnoklassniki.ru,Male,Sweden,1977/11/02
788,Xena,Wedmore,xwedmorelv@php.net,Female,Indonesia,1985/05/28
789,Junette,Lenihan,jlenihanlw@youtu.be,Female,Greece,2000/05/24
790,Haily,Linbohm,hlinbohmlx@mozilla.com,Male,Indonesia,1977/08/10
791,Francois,Marquot,fmarquotly@bigcartel.com,Male,Poland,1963/05/27
792,Dulcinea,Sarton,dsartonlz@hhs.gov,Female,Lithuania,1976/10/02
793,Benita,Pryor,bpryorm0@google.ca,Polygender,Serbia,1972/08/06
794,Byram,Fike,bfikem1@1688.com,Male,Kazakhstan,1969/03/03
795,Giordano,Maggiore,gmaggiorem2@usgs.gov,Male,Argentina,1950/11/16
796,Ignaz,Hows,ihowsm3@ftc.gov,Male,Iran,1968/02/29
797,Adelaide,Backler,abacklerm4@canalblog.com,Genderfluid,China,1953/08/08
798,Nora,Gidley,ngidleym5@ucla.edu,Female,Thailand,1954/02/11
799,Clerkclaude,Liddel,cliddelm6@cyberchimps.com,Male,Argentina,1977/06/24
800,Demott,Van der Beken,dvanderbekenm7@cornell.edu,Male,Philippines,1951/07/29
801,Franklin,McIver,fmciverm8@vistaprint.com,Male,Morocco,1953/03/31
802,Andy,Baudichon,abaudichonm9@cam.ac.uk,Male,Indonesia,1978/03/11
803,Ivor,Jeynes,ijeynesma@ftc.gov,Male,Vietnam,1976/08/23
804,Karoline,Dennehy,kdennehymb@patch.com,Female,China,1956/11/19
805,Mano,Markie,mmarkiemc@house.gov,Male,Portugal,1965/02/19
806,Donelle,Powrie,dpowriemd@domainmarket.com,Female,Ukraine,1969/11/16
807,Rena,Kluge,rklugeme@lulu.com,Female,Iran,1973/07/26
808,Cole,Chappelow,cchappelowmf@nps.gov,Male,Kazakhstan,1999/03/26
809,Jeddy,Gerok,jgerokmg@ucla.edu,Male,Indonesia,1979/04/18
810,Kelwin,Grundle,kgrundlemh@spotify.com,Polygender,China,1996/06/17
811,Datha,Brereton,dbreretonmi@who.int,Non-binary,Brazil,1965/07/04
812,Duffy,Mathon,dmathonmj@theguardian.com,Male,Brazil,1963/02/15
813,Sigrid,Brettoner,sbrettonermk@hugedomains.com,Female,France,1962/08/22
814,Darb,McKinnon,dmckinnonml@ed.gov,Male,Portugal,1961/01/21
815,Norton,Deas,ndeasmm@bing.com,Male,Lithuania,1955/08/02
816,Nora,Jakubovits,njakubovitsmn@wiley.com,Female,Benin,1991/05/26
817,Grant,Seagar,gseagarmo@odnoklassniki.ru,Polygender,Burkina Faso,2000/01/22
818,Cissy,Wey,cweymp@quantcast.com,Female,Greece,1986/04/26
819,Averil,Scorah,ascorahmq@economist.com,Male,France,1984/06/21
820,Elsworth,Shoebottom,eshoebottommr@technorati.com,Male,Indonesia,1985/02/20
821,Weider,Genny,wgennyms@google.com.hk,Male,China,1995/07/01
822,Carmine,Steed,csteedmt@behance.net,Genderqueer,Saint Barthelemy,1962/07/21
823,Annabela,Duffyn,aduffynmu@cnet.com,Female,Philippines,1989/06/29
824,Sula,Troucher,strouchermv@booking.com,Female,Ukraine,1956/07/15
825,Aldrich,Baxendale,abaxendalemw@sfgate.com,Male,United States,1971/12/27
826,Britt,Padillo,bpadillomx@jimdo.com,Male,Canada,2000/10/07
827,Alard,Arrigucci,aarriguccimy@nationalgeographic.com,Male,China,2000/03/24
828,Alastair,Meese,ameesemz@de.vu,Male,Poland,1966/09/03
829,Norene,Lowndes,nlowndesn0@skyrock.com,Female,France,1982/08/26
830,Burk,Spilsted,bspilstedn1@nyu.edu,Male,Russia,1966/05/25
831,Ekaterina,Trebilcock,etrebilcockn2@cdbaby.com,Female,Russia,1996/01/22
832,Cherish,Beazey,cbeazeyn3@blogs.com,Genderqueer,Poland,1987/03/25
833,Antonino,Chalfont,achalfontn4@sourceforge.net,Male,Colombia,1968/12/28
834,Amos,Beechcraft,abeechcraftn5@uol.com.br,Male,Chad,1969/03/06
835,Joshia,Le Claire,jleclairen6@hud.gov,Genderfluid,Philippines,1960/12/20
836,Marin,Cottier,mcottiern7@about.me,Female,Czech Republic,1965/07/13
837,Nariko,Gomersall,ngomersalln8@yale.edu,Female,Russia,1956/05/07
838,Ethe,Lyngsted,elyngstedn9@cdc.gov,Male,Czech Republic,1964/11/21
839,Rudolph,Abendroth,rabendrothna@bigcartel.com,Male,Czech Republic,1984/08/09
840,Keene,Aves,kavesnb@huffingtonpost.com,Male,China,1983/05/27
841,Kendall,Wimpenny,kwimpennync@wsj.com,Male,Canada,1955/07/09
842,Felic,Poag,fpoagnd@cnbc.com,Male,China,1961/05/03
843,Woodrow,Joiris,wjoirisne@cyberchimps.com,Male,China,1980/12/06
844,Dorice,Lettsom,dlettsomnf@1und1.de,Female,Philippines,1966/10/04
845,Corissa,Musico,cmusicong@admin.ch,Female,Poland,1997/04/19
846,Odelinda,Grayston,ograystonnh@canalblog.com,Female,Canada,1980/09/05
847,Kelsey,Sotheron,ksotheronni@mysql.com,Bigender,Indonesia,1980/12/08
848,Kristina,Evers,keversnj@addthis.com,Female,Indonesia,1977/05/27
849,Brier,Dechelette,bdechelettenk@go.com,Female,Luxembourg,1995/04/13
850,Verine,Saiens,vsaiensnl@cbc.ca,Female,China,1961/08/12
851,Margaretta,Ettridge,mettridgenm@oaic.gov.au,Female,Thailand,1972/04/19
852,Delainey,Rottgers,drottgersnn@wufoo.com,Male,Peru,1982/04/13
853,Selena,Huggons,shuggonsno@bloglovin.com,Female,China,1975/11/15
854,Bebe,Jeandet,bjeandetnp@engadget.com,Female,Guatemala,1989/01/19
855,Cris,Dows,cdowsnq@reverbnation.com,Male,Lebanon,1987/11/11
856,Gabrila,Cotterell,gcotterellnr@samsung.com,Female,Philippines,1965/06/15
857,Katy,Freeburn,kfreeburnns@constantcontact.com,Female,Sweden,1983/03/06
858,Gayel,Sedger,gsedgernt@nsw.gov.au,Female,Czech Republic,1956/09/20
859,Rozanne,Sorro,rsorronu@china.com.cn,Female,Bulgaria,1985/09/02
860,Annadiane,Fuchs,afuchsnv@seesaa.net,Female,China,1995/08/31
861,Starla,Karpushkin,skarpushkinnw@about.com,Female,Greece,1966/06/27
862,Sal,McGillivrie,smcgillivrienx@google.com.au,Male,Brazil,1963/03/18
863,Ulick,Skirven,uskirvenny@reuters.com,Male,China,1956/04/18
864,Meg,Riggey,mriggeynz@smugmug.com,Female,Azerbaijan,1993/10/12
865,Elsinore,Erik,eeriko0@archive.org,Female,China,1954/07/28
866,Sidnee,Winterton,swintertono1@google.cn,Male,Greece,1967/04/10
867,Ruthe,Lendrem,rlendremo2@patch.com,Female,Benin,1973/01/22
868,Matty,Hexam,mhexamo3@mlb.com,Male,Russia,1987/01/14
869,Rowena,Bettenay,rbettenayo4@jimdo.com,Female,Russia,1984/07/16
870,Riannon,Scothern,rscotherno5@biblegateway.com,Female,Russia,1953/01/01
871,Winfield,Doey,wdoeyo6@squidoo.com,Male,Kazakhstan,1969/10/21
872,Saxe,Baish,sbaisho7@nih.gov,Male,Poland,1972/08/06
873,Marvin,Kiely,mkielyo8@php.net,Polygender,China,1982/10/14
874,Olly,Trathen,otratheno9@imageshack.us,Male,Albania,1962/12/31
875,Ange,Courtes,acourtesoa@mysql.com,Male,Hungary,1998/04/13
876,Roxana,Sparshott,rsparshottob@xrea.com,Female,Philippines,1991/02/05
877,Eleonora,Slafford,eslaffordoc@who.int,Female,Malaysia,1979/12/25
878,Wadsworth,Rentilll,wrentilllod@e-recht24.de,Male,Argentina,1970/07/26
879,Shadow,Coils,scoilsoe@sciencedirect.com,Male,Albania,1954/01/12
880,Filbert,Brane,fbraneof@theguardian.com,Male,Mauritania,1978/11/17
881,Sergei,Kibbee,skibbeeog@sakura.ne.jp,Male,Norway,1958/05/11
882,Allyn,Scragg,ascraggoh@amazon.com,Male,United States,1954/11/09
883,Lindy,Salzberg,lsalzbergoi@cbsnews.com,Female,Philippines,1980/10/07
884,Manfred,Gages,mgagesoj@shareasale.com,Male,Thailand,1970/11/22
885,Corbin,Sines,csinesok@opera.com,Male,Israel,1971/06/09
886,Clareta,Hawkey,chawkeyol@whitehouse.gov,Female,Czech Republic,1999/12/22
887,Theressa,Jervois,tjervoisom@home.pl,Female,Portugal,1969/08/10
888,Jany,Ralfe,jralfeon@miitbeian.gov.cn,Agender,Netherlands,1959/02/10
889,Farlie,Fleckney,ffleckneyoo@phpbb.com,Male,Jamaica,1985/08/12
890,Alix,Lamshead,alamsheadop@flavors.me,Female,China,1973/01/27
891,Boote,Wrefford,bwreffordoq@last.fm,Male,Croatia,1963/09/22
892,Della,Radwell,dradwellor@bandcamp.com,Female,Poland,1993/05/10
893,Trish,Benini,tbeninios@feedburner.com,Female,Belarus,1980/05/23
894,Jessica,Sleeman,jsleemanot@ca.gov,Female,Ukraine,1996/04/20
895,Cristi,Dilloway,cdillowayou@sakura.ne.jp,Female,China,1980/11/10
896,Alasdair,Challice,achalliceov@skype.com,Male,Palestinian Territory,1990/12/11
897,Reta,Ramsden,rramsdenow@marriott.com,Female,Japan,1999/05/30
898,Roxine,Luberti,rlubertiox@shop-pro.jp,Female,China,1982/07/14
899,Gweneth,Medley,gmedleyoy@ustream.tv,Female,Botswana,1984/08/24
900,Paola,Ghilardini,pghilardinioz@1und1.de,Female,France,1973/05/17
901,Helena,Poschel,hposchelp0@arizona.edu,Female,Lesotho,1971/06/30
902,Othello,Yeskin,oyeskinp1@amazon.co.uk,Non-binary,Philippines,1991/04/05
903,Junia,McVanamy,jmcvanamyp2@flickr.com,Agender,China,1995/02/14
904,Leroi,Osment,losmentp3@cnet.com,Male,Poland,1972/12/08
905,Law,Batchelar,lbatchelarp4@skyrock.com,Male,China,1959/08/26
906,Meg,Attridge,mattridgep5@msn.com,Female,Vietnam,1990/10/24
907,Thatch,Sherrin,tsherrinp6@deviantart.com,Male,Saudi Arabia,1985/02/12
908,Carroll,Philson,cphilsonp7@ameblo.jp,Male,Brazil,1988/12/29
909,Thomasa,Weatherburn,tweatherburnp8@ovh.net,Female,Russia,1987/04/13
910,Terrence,Goulden,tgouldenp9@amazonaws.com,Male,China,1969/03/07
911,Kasper,Kirtley,kkirtleypa@last.fm,Male,China,1976/03/15
912,Guillemette,Ramirez,gramirezpb@hao123.com,Female,Brazil,1953/05/13
913,Manfred,Morrott,mmorrottpc@noaa.gov,Male,Philippines,1970/06/08
914,Ermengarde,Roderighi,eroderighipd@wisc.edu,Female,China,1975/11/07
915,Annalise,McGiff,amcgiffpe@dailymotion.com,Genderfluid,Macedonia,1981/03/09
916,Grissel,Barajas,gbarajaspf@sciencedirect.com,Female,China,1991/11/29
917,Augusto,Piggens,apiggenspg@naver.com,Male,Morocco,1971/12/23
918,Ailsun,Eburne,aeburneph@bloglines.com,Female,Indonesia,1983/05/08
919,Alexia,Pinks,apinkspi@slashdot.org,Female,Russia,1955/01/21
920,Calley,Biglin,cbiglinpj@europa.eu,Female,Brazil,1990/07/08
921,Maddalena,Henriques,mhenriquespk@samsung.com,Female,Portugal,1998/06/08
922,Gearalt,Gelland,ggellandpl@house.gov,Male,Democratic Republic of the Congo,1992/08/01
923,Nikki,Vakhrushev,nvakhrushevpm@spotify.com,Female,China,1964/07/25
924,Law,Penton,lpentonpn@google.com,Male,Brazil,1972/11/13
925,Haywood,Brigge,hbriggepo@illinois.edu,Male,China,1959/06/23
926,Renie,Saggs,rsaggspp@nbcnews.com,Female,Macedonia,1989/04/02
927,Lyndsie,Simco,lsimcopq@technorati.com,Female,China,1983/03/28
928,Sim,Tiplady,stipladypr@europa.eu,Male,Rwanda,1953/04/13
929,Monica,St. Paul,mstpaulps@hud.gov,Female,Azerbaijan,1961/07/17
930,Bron,Nairy,bnairypt@i2i.jp,Male,Bosnia and Herzegovina,1965/05/27
931,Marjory,Milland,mmillandpu@java.com,Agender,Philippines,2000/01/02
932,Carlene,McGilbon,cmcgilbonpv@elpais.com,Female,Chile,1956/07/14
933,Bernardine,Ismead,bismeadpw@edublogs.org,Female,Argentina,1950/11/03
934,Sybil,Nolton,snoltonpx@reference.com,Female,Cuba,1971/10/20
935,Reeba,Mounsey,rmounseypy@blogspot.com,Female,Indonesia,1992/04/22
936,Sam,Durtnal,sdurtnalpz@mapquest.com,Female,Kosovo,1998/10/25
937,Suki,Haskell,shaskellq0@discovery.com,Female,Poland,1985/06/27
938,Eimile,MacPeice,emacpeiceq1@aboutads.info,Female,Russia,1952/09/11
939,Payton,De Gowe,pdegoweq2@printfriendly.com,Male,China,1988/03/04
940,Carney,Cowp,ccowpq3@rakuten.co.jp,Male,Libya,1987/12/08
941,Sebastiano,Rizzelli,srizzelliq4@admin.ch,Male,Zambia,1955/05/09
942,Charleen,Aizik,caizikq5@yale.edu,Female,United States,1975/11/18
943,Rosa,Sawell,rsawellq6@wired.com,Female,Colombia,1979/08/09
944,Rob,Beels,rbeelsq7@ocn.ne.jp,Male,Indonesia,1958/11/12
945,Shannah,Coverdale,scoverdaleq8@nationalgeographic.com,Genderqueer,Philippines,1972/01/20
946,Pollyanna,Bollen,pbollenq9@weebly.com,Female,Bulgaria,1971/09/01
947,Alexis,Ruffler,arufflerqa@yolasite.com,Female,Ukraine,1991/01/16
948,Gwen,Jobling,gjoblingqb@twitter.com,Genderqueer,Brazil,1979/06/13
949,Connie,Mallock,cmallockqc@theatlantic.com,Polygender,Indonesia,1964/06/24
950,Faulkner,Targe,ftargeqd@about.me,Male,Portugal,1982/11/08
951,Stafford,Escalante,sescalanteqe@4shared.com,Male,Tanzania,1962/07/09
952,Cyrill,McEttigen,cmcettigenqf@google.com.br,Non-binary,Portugal,1951/07/02
953,Jae,Schirach,jschirachqg@diigo.com,Male,Indonesia,1977/08/08
954,Perkin,Pellingar,ppellingarqh@cornell.edu,Male,Canada,1983/11/14
955,Alyss,Gifford,agiffordqi@cisco.com,Female,China,1953/10/21
956,Ivory,Kaygill,ikaygillqj@weather.com,Female,Sweden,1984/07/27
957,Ardelle,Girone,agironeqk@myspace.com,Female,France,1957/02/02
958,Karon,Lints,klintsql@google.com.hk,Female,Brazil,1986/08/20
959,Lyndel,Trotman,ltrotmanqm@opensource.org,Female,Portugal,1980/02/12
960,Heinrick,Awde,hawdeqn@sciencedaily.com,Male,China,1965/06/11
961,Cheryl,Walhedd,cwalheddqo@patch.com,Female,Cuba,1958/04/05
962,Hunfredo,Nesbitt,hnesbittqp@cnbc.com,Male,Ecuador,1959/09/23
963,Rolando,Stienham,rstienhamqq@tinyurl.com,Male,Pakistan,1981/08/30
964,Cordy,Whiff,cwhiffqr@chronoengine.com,Male,Armenia,1957/01/07
965,Dru,Duval,dduvalqs@google.nl,Bigender,Mali,1979/02/06
966,Jessamine,Nuton,jnutonqt@prweb.com,Female,Bosnia and Herzegovina,1964/01/23
967,Templeton,Houlahan,thoulahanqu@admin.ch,Male,Papua New Guinea,1969/10/29
968,Blanche,Hadland,bhadlandqv@canalblog.com,Agender,Indonesia,1984/10/23
969,Delilah,Marczyk,dmarczykqw@webeden.co.uk,Female,Russia,1990/10/27
970,Dynah,Luckett,dluckettqx@posterous.com,Female,United States,1959/03/25
971,Walliw,Romanini,wromaniniqy@shutterfly.com,Female,Japan,1968/09/26
972,Devina,Handes,dhandesqz@adobe.com,Female,Poland,1995/05/02
973,Helenelizabeth,Wager,hwagerr0@google.ca,Female,China,1996/01/24
974,Manfred,Orable,morabler1@apple.com,Male,France,1986/12/13
975,Brigitte,Strugnell,bstrugnellr2@twitpic.com,Female,Latvia,1982/12/13
976,Carlye,Sivess,csivessr3@pbs.org,Female,Philippines,1959/02/27
977,Roselia,Whal,rwhalr4@bandcamp.com,Female,Nigeria,1955/02/03
978,Leontyne,MacCallister,lmaccallisterr5@exblog.jp,Female,Greece,1968/04/09
979,Lorin,Sueter,lsueterr6@fotki.com,Male,Yemen,1953/05/24
980,Madeline,Sokell,msokellr7@seesaa.net,Female,Colombia,1973/12/11
981,Stirling,Banes,sbanesr8@accuweather.com,Male,Canada,1974/11/12
982,Marieann,Perillo,mperillor9@nbcnews.com,Female,Indonesia,1971/10/02
983,Lusa,Hatchett,lhatchettra@nps.gov,Female,Nigeria,1979/03/16
984,Valerie,Smaleman,vsmalemanrb@surveymonkey.com,Female,Russia,1955/03/02
985,Bone,Drewitt,bdrewittrc@bloomberg.com,Male,Bosnia and Herzegovina,1990/02/02
986,Itch,Dell'Abbate,idellabbaterd@mail.ru,Male,Argentina,1983/07/12
987,Tan,Howselee,thowseleere@constantcontact.com,Male,Poland,1975/06/04
988,Lilyan,Harriott,lharriottrf@netvibes.com,Female,France,1999/11/13
989,Glori,Wallentin,gwallentinrg@gnu.org,Female,Canada,1958/01/01
990,Arnie,Wickman,awickmanrh@zimbio.com,Male,Ukraine,1964/01/10
991,Oralle,Tomeo,otomeori@stanford.edu,Female,South Korea,1951/02/06
992,Roxanne,Buckley,rbuckleyrj@blinklist.com,Female,Philippines,1991/01/19
993,Gabriella,Wallhead,gwallheadrk@wix.com,Female,Netherlands,1977/09/07
994,Waverley,McAlpin,wmcalpinrl@addthis.com,Male,Indonesia,1966/11/17
995,Jaquelyn,Bordman,jbordmanrm@timesonline.co.uk,Female,Poland,1983/09/12
996,Giacobo,Guilloton,gguillotonrn@home.pl,Male,China,1959/03/07
997,Dorian,Gillum,dgillumro@scientificamerican.com,Male,Dominican Republic,1967/04/01
998,Morissa,Ginner,mginnerrp@ifeng.com,Non-binary,Guinea,1952/11/25
999,Tuck,Murtell,tmurtellrq@vinaora.com,Male,Ireland,1977/07/08
1000,Reade,Goscar,rgoscarrr@elpais.com,Male,Poland,1975/11/23
