id,first_name,last_name,email,gender,country,birthday
1,Audi,Simpkins,asimpkins0@hud.gov,Female,United States,1990/03/16
2,Nikolos,Louys,nlouys1@ezinearticles.com,Male,Angola,1968/02/07
3,Hunt,Swayland,hswayland2@virginia.edu,Male,Syria,1997/07/11
4,Fulton,Beamiss,fbeamiss3@un.org,Male,United States,1981/10/13
5,Kirsti,Stoneham,kstoneham4@flavors.me,Genderfluid,China,1976/11/06
6,Kris,Cleyne,kcleyne5@stanford.edu,Male,Mexico,1976/09/06
7,Floris,Onn,fonn6@ucoz.ru,Female,China,1996/01/02
8,Zsa zsa,Causer,zcauser7@upenn.edu,Female,Bosnia and Herzegovina,1984/03/30
9,Pepita,Dunkerly,pdunkerly8@techcrunch.com,Female,China,1974/04/23
10,Johan,Hail,jhail9@artisteer.com,Polygender,Indonesia,1966/07/06
11,Theda,Ucceli,tuccelia@ifeng.com,Female,Philippines,1975/03/17
12,Berti,Mowen,bmowenb@google.nl,Bigender,Poland,1955/05/24
13,Haslett,Brobak,hbrobakc@ihg.com,Male,Russia,1957/11/20
14,Niccolo,Hayller,nhayllerd@themeforest.net,Male,United States,1997/01/31
15,Wanda,Le Noir,wlenoire@stanford.edu,Female,Russia,1980/12/17
16,Drusilla,Syrad,dsyradf@goo.ne.jp,Female,Russia,1988/07/21
17,Fernandina,Thamelt,fthameltg@macromedia.com,Female,China,1980/04/02
18,Dolley,Sollowaye,dsollowayeh@ustream.tv,Female,Denmark,1977/02/26
19,Simona,Staning,sstaningi@google.es,Female,Ukraine,1985/11/14
20,Jamima,Simkins,jsimkinsj@economist.com,Female,Poland,1953/09/27
21,Andeee,Carlisi,acarlisik@vk.com,Non-binary,Japan,1982/01/23
22,Hildegarde,Gyer,hgyerl@dyndns.org,Female,China,1958/10/02
23,Ondrea,Fulop,ofulopm@list-manage.com,Female,Russia,1989/01/17
24,Gilles,Gissing,ggissingn@tiny.cc,Male,France,1991/05/02
25,Gwendolyn,Pacht,gpachto@friendfeed.com,Genderqueer,Portugal,1958/07/05
26,Rennie,Kikke,rkikkep@etsy.com,Female,Philippines,1970/05/13
27,Lonee,Rispen,lrispenq@netscape.com,Bigender,China,1998/11/29
28,Dinnie,Guyer,dguyerr@nydailynews.com,Female,Indonesia,1955/01/06
29,Michaela,Bazire,mbazires@washingtonpost.com,Female,Japan,1991/06/15
30,Harlene,Laughlin,hlaughlint@adobe.com,Female,Uruguay,1976/08/19
31,Paulie,Spittal,pspittalu@yellowpages.com,Male,Azerbaijan,1969/11/29
32,Rowen,Coull,rcoullv@exblog.jp,Male,Brazil,1958/09/02
33,Martie,Walisiak,mwalisiakw@cnet.com,Female,China,1963/07/02
34,Fallon,Vasyuchov,fvasyuchovx@posterous.com,Female,Reunion,1976/06/06
35,Blaire,Bateson,bbatesony@washington.edu,Female,China,1987/09/17
36,Alair,Bragger,abraggerz@cnbc.com,Male,Thailand,1966/02/01
37,Maddy,Strang,mstrang10@taobao.com,Male,United States,1989/07/24
38,Clareta,Managh,cmanagh11@house.gov,Female,United States,1999/03/28
39,Renard,Stoeckle,rstoeckle12@fastcompany.com,Male,Russia,1981/10/09
40,Pryce,Sainsbury,psainsbury13@moonfruit.com,Male,Cuba,1951/07/04
41,Vale,Rintoul,vrintoul14@disqus.com,Female,China,1986/05/20
42,Mahalia,Seton,mseton15@barnesandnoble.com,Female,Philippines,1953/03/25
43,Katina,Idle,kidle16@google.co.jp,Female,Honduras,1951/11/08
44,Sorcha,Cosham,scosham17@gravatar.com,Female,Chile,1952/02/02
45,Keelia,Ketch,kketch18@clickbank.net,Female,Russia,1984/02/02
46,Siegfried,Pascow,spascow19@cmu.edu,Male,Cyprus,1988/10/12
47,Merrie,Lusk,mlusk1a@sourceforge.net,Female,Honduras,1953/06/15
48,Edgar,Woolforde,ewoolforde1b@about.me,Male,Sweden,1983/02/23
49,Zora,Boggs,zboggs1c@amazon.co.uk,Non-binary,Peru,1992/05/30
50,Donaugh,Grishukov,dgrishukov1d@unesco.org,Male,China,1977/10/17
51,Lazaro,Crenage,lcrenage1e@cdc.gov,Male,Russia,1991/02/11
52,Barr,Emeny,bemeny1f@ucsd.edu,Male,China,1981/07/10
53,Alexandrina,Kupka,akupka1g@blogtalkradio.com,Female,Portugal,1972/02/08
54,Mario,Chape,mchape1h@admin.ch,Male,Panama,1977/09/17
55,Neville,Mudie,nmudie1i@alexa.com,Male,Norway,1969/10/27
56,Arielle,Evanson,aevanson1j@netvibes.com,Female,Thailand,1998/01/16
57,Spencer,Fone,sfone1k@elpais.com,Male,China,1997/01/08
58,Linn,de Almeida,ldealmeida1l@fc2.com,Male,Sweden,1992/11/07
59,Salim,Urch,surch1m@godaddy.com,Male,Bahrain,1966/05/28
60,Colline,Jerisch,cjerisch1n@shareasale.com,Female,Ecuador,1966/04/27
61,Turner,Hacon,thacon1o@hhs.gov,Male,Philippines,1981/02/11
62,Prudy,Dener,pdener1p@cisco.com,Female,China,1982/06/11
63,Matthias,McIlharga,mmcilharga1q@thetimes.co.uk,Male,China,1999/08/07
64,Teddy,Gunthorp,tgunthorp1r@networksolutions.com,Agender,Libya,1979/02/16
65,Mercy,Rossbrooke,mrossbrooke1s@pbs.org,Female,Japan,1981/07/20
66,Hamish,Burton,hburton1t@nhs.uk,Male,Sweden,1958/07/17
67,Ottilie,Colbeck,ocolbeck1u@spotify.com,Female,Dominican Republic,1954/01/20
68,Leelah,Giraudat,lgiraudat1v@xinhuanet.com,Genderfluid,Germany,1962/02/17
69,Noe,Crosier,ncrosier1w@reddit.com,Male,Kazakhstan,1986/08/10
70,Anatollo,Crilley,acrilley1x@thetimes.co.uk,Male,Azerbaijan,1991/05/06
71,Pepita,Montrose,pmontrose1y@phpbb.com,Female,Tunisia,1958/01/27
72,Oriana,Espinosa,oespinosa1z@networkadvertising.org,Female,United States,1956/07/25
73,Ofella,Bugg,obugg20@chron.com,Female,Togo,1999/09/25
74,Kenny,Sides,ksides21@google.nl,Male,Kyrgyzstan,1991/10/09
75,Barthel,Silverston,bsilverston22@wsj.com,Male,Indonesia,1971/02/07
76,Gilbertine,Kingsnorth,gkingsnorth23@51.la,Female,Philippines,1981/12/02
77,Skyler,Gerler,sgerler24@tiny.cc,Male,Guatemala,1981/08/19
78,Alonzo,Greenard,agreenard25@soup.io,Male,Russia,1951/10/11
79,Coleman,Truran,ctruran26@dyndns.org,Male,Botswana,1976/11/04
80,Berkley,Lobe,blobe27@amazon.co.jp,Male,Myanmar,1990/07/12
81,Tedi,Smissen,tsmissen28@bbc.co.uk,Female,Japan,1995/07/03
82,Kathie,Rossetti,krossetti29@fema.gov,Female,Indonesia,1967/06/17
83,Stephannie,Bentsen,sbentsen2a@blogtalkradio.com,Female,China,1965/03/15
84,Deeyn,Piotrkowski,dpiotrkowski2b@engadget.com,Female,Portugal,1983/08/03
85,Darell,Broker,dbroker2c@amazon.com,Female,Madagascar,1993/07/28
86,Husain,Doornbos,hdoornbos2d@list-manage.com,Male,Peru,1953/10/02
87,Huntlee,Sommer,hsommer2e@networksolutions.com,Male,Indonesia,1987/08/27
88,Saloma,Spence,sspence2f@taobao.com,Female,Japan,1966/03/31
89,Jacenta,Bartolic,jbartolic2g@guardian.co.uk,Female,Philippines,1991/02/01
90,Elladine,Whitley,ewhitley2h@blogspot.com,Female,Ecuador,1971/02/15
91,Mindy,McCracken,mmccracken2i@twitpic.com,Female,China,1952/07/12
92,Reynard,Cumesky,rcumesky2j@edublogs.org,Male,Japan,1962/07/22
93,Wenona,Capoun,wcapoun2k@quantcast.com,Female,Tunisia,1980/07/13
94,Arlan,Olander,aolander2l@kickstarter.com,Male,Russia,1967/10/19
95,Kaja,Orhrt,korhrt2m@wisc.edu,Female,Indonesia,1997/02/26
96,Martynne,Blazejewski,mblazejewski2n@ucla.edu,Female,Japan,1952/04/13
97,Jaine,Tzuker,jtzuker2o@delicious.com,Female,Philippines,1965/09/28
98,Sheilah,Mowett,smowett2p@indiatimes.com,Female,China,1970/01/26
99,Neddy,Antos,nantos2q@taobao.com,Male,Slovenia,1978/01/13
100,Reggy,Haysom,rhaysom2r@yandex.ru,Male,China,1956/11/13
101,Anna,Pimlett,apimlett2s@skyrock.com,Female,Vietnam,1960/03/13
102,Yovonnda,Lamas,ylamas2t@webeden.co.uk,Female,Russia,1953/02/08
103,Burke,Landy,blandy2u@ox.ac.uk,Male,Indonesia,1982/08/30
104,Lammond,Dyerson,ldyerson2v@cbslocal.com,Male,Japan,1979/09/14
105,Lothario,Aleksankin,laleksankin2w@upenn.edu,Male,Brazil,1974/10/15
106,Terrance,Barrat,tbarrat2x@senate.gov,Male,Russia,1976/11/03
107,Larine,Stout,lstout2y@bloomberg.com,Female,Indonesia,1975/08/11
108,Powell,De Witt,pdewitt2z@google.com.br,Male,Brazil,1976/10/27
109,Rose,Gillian,rgillian30@cisco.com,Female,China,1970/02/03
110,Douglas,Venner,dvenner31@dedecms.com,Male,Bosnia and Herzegovina,1998/12/03
111,Burlie,McMeekan,bmcmeekan32@forbes.com,Male,Uganda,1979/07/17
112,Bronson,Locksley,blocksley33@dailymotion.com,Male,Philippines,1958/09/27
113,Traci,Truss,ttruss34@bizjournals.com,Female,Greece,1980/10/21
114,Nadean,Sammons,nsammons35@paypal.com,Female,Indonesia,1953/04/27
115,Demetre,Smithson,dsmithson36@paypal.com,Male,Sweden,1956/06/14
116,Britt,Probyn,bprobyn37@mapquest.com,Male,Cuba,1983/06/15
117,Robinson,Ferneley,rferneley38@ezinearticles.com,Male,China,1961/08/02
118,Peyton,Matteacci,pmatteacci39@dyndns.org,Genderfluid,Indonesia,1956/04/25
119,Kimball,Tull,ktull3a@privacy.gov.au,Genderqueer,Norway,1954/03/05
120,Allayne,Skyram,askyram3b@sciencedirect.com,Male,Indonesia,1978/11/11
121,Marta,Jepp,mjepp3c@bbc.co.uk,Female,Russia,1989/05/17
122,Kori,Paoletto,kpaoletto3d@cargocollective.com,Female,Sweden,1986/04/09
123,Dulcine,Welds,dwelds3e@twitter.com,Non-binary,New Zealand,1959/07/05
124,Fran,Hallbird,fhallbird3f@bloglovin.com,Male,Brazil,1967/05/18
125,Carolee,Mawby,cmawby3g@yellowpages.com,Female,Tajikistan,1998/06/26
126,Corny,Tother,ctother3h@house.gov,Female,Russia,1982/05/06
127,Lark,Basketter,lbasketter3i@springer.com,Female,Russia,1990/11/02
128,Bank,Cordoba,bcordoba3j@sphinn.com,Male,Indonesia,1952/04/18
129,Karena,Myderscough,kmyderscough3k@sphinn.com,Female,Sweden,1990/11/26
130,Richmond,Lantaff,rlantaff3l@globo.com,Male,Portugal,1997/04/11
131,Quinn,Gabala,qgabala3m@twitter.com,Male,Indonesia,1998/07/20
132,Wileen,Scotson,wscotson3n@paginegialle.it,Female,Sweden,1962/06/20
133,Gennie,Willstrop,gwillstrop3o@reddit.com,Female,Brazil,1977/11/27
134,Ennis,Rough,erough3p@princeton.edu,Male,Greece,1966/11/29
135,Moritz,Emblem,memblem3q@epa.gov,Male,France,1990/05/13
136,Bealle,Van der Baaren,bvanderbaaren3r@vinaora.com,Male,Philippines,1982/12/31
137,Trudy,Gimbart,tgimbart3s@usda.gov,Female,Indonesia,1961/08/16
138,Pernell,Unger,punger3t@digg.com,Male,Ukraine,1954/09/26
139,Rubin,Fasham,rfasham3u@spotify.com,Male,Indonesia,1986/03/06
140,Mayer,Haimes,mhaimes3v@sbwire.com,Male,China,1964/10/10
141,Meggi,Denyakin,mdenyakin3w@freewebs.com,Female,Ukraine,1971/10/21
142,Marijo,Summerson,msummerson3x@desdev.cn,Female,Philippines,1999/07/08
143,Jo,Mafham,jmafham3y@1688.com,Female,China,1987/07/28
144,Risa,Craghead,rcraghead3z@slideshare.net,Female,Tanzania,1970/10/21
145,Levin,Kikke,lkikke40@yelp.com,Male,China,1972/06/21
146,Camella,Deane,cdeane41@delicious.com,Female,Ukraine,1970/05/22
147,Carling,Chazotte,cchazotte42@fc2.com,Male,China,1989/11/25
148,Humfrey,Roder,hroder43@sfgate.com,Male,Colombia,1951/07/26
149,Isidro,Holley,iholley44@wired.com,Male,Philippines,1993/12/27
150,Hali,Trippett,htrippett45@indiegogo.com,Female,Jordan,1994/05/31
151,Tildy,Condy,tcondy46@nature.com,Female,Philippines,1967/02/17
152,Forster,Cockton,fcockton47@princeton.edu,Male,Czech Republic,1973/05/18
153,Gunther,Clue,gclue48@instagram.com,Male,Thailand,1977/09/27
154,Anatol,Clayhill,aclayhill49@amazon.co.jp,Male,China,1977/11/03
155,Jackson,Di Biagio,jdibiagio4a@blinklist.com,Male,Indonesia,1991/01/31
156,Mart,Minillo,mminillo4b@google.com.au,Male,Portugal,1967/10/27
157,Damien,Colin,dcolin4c@simplemachines.org,Male,Colombia,1994/12/11
158,Brendis,Alejandri,balejandri4d@elpais.com,Male,Brazil,1989/06/14
159,Wilburt,Chimes,wchimes4e@blogs.com,Male,El Salvador,1989/12/14
160,Maryjo,Hurd,mhurd4f@mit.edu,Female,China,1961/07/12
161,Vidovik,Gelardi,vgelardi4g@ucoz.ru,Male,Brazil,1989/11/14
162,Obed,Cayet,ocayet4h@desdev.cn,Male,China,1999/09/24
163,Marjory,Draysey,mdraysey4i@aol.com,Female,France,1976/09/17
164,Madelaine,Pailin,mpailin4j@dropbox.com,Female,Philippines,1968/02/02
165,Nettie,Parnby,nparnby4k@amazon.com,Female,Brazil,1963/11/11
166,Boycie,Salvadori,bsalvadori4l@amazon.co.jp,Male,China,1993/05/20
167,Flory,Haggata,fhaggata4m@gmpg.org,Non-binary,Finland,1956/12/06
168,Frederico,Nertney,fnertney4n@4shared.com,Male,Democratic Republic of the Congo,1968/05/12
169,Vi,Rome,vrome4o@techcrunch.com,Female,Germany,1977/08/30
170,Dolores,MacCrackan,dmaccrackan4p@cdc.gov,Female,Poland,1968/01/08
171,Myrvyn,Gaynesford,mgaynesford4q@zdnet.com,Male,United States,1993/04/22
172,Berky,Ciottoi,bciottoi4r@dion.ne.jp,Male,Philippines,1966/12/20
173,Yorker,McCrisken,ymccrisken4s@bandcamp.com,Male,Russia,1965/02/28
174,Flo,MacCoughen,fmaccoughen4t@hatena.ne.jp,Female,Uruguay,1951/05/25
175,Vanya,Flint,vflint4u@army.mil,Genderqueer,China,1987/06/02
176,Suzie,Griswood,sgriswood4v@springer.com,Female,Mongolia,1975/02/13
177,Orion,De Roberto,oderoberto4w@goo.ne.jp,Male,France,1958/03/02
178,Mathilda,Thunders,mthunders4x@instagram.com,Female,China,1959/04/11
179,Izzy,Swansbury,iswansbury4y@oracle.com,Polygender,United States,1971/09/24
180,Sabra,Dobie,sdobie4z@squarespace.com,Female,Canada,1955/02/03
181,Ethe,Crewe,ecrewe50@house.gov,Bigender,Indonesia,1966/03/28
182,Erastus,Aldrich,ealdrich51@canalblog.com,Male,China,1981/11/16
183,Coop,Linfield,clinfield52@linkedin.com,Male,Uganda,1951/11/17
184,Hilary,Copnall,hcopnall53@ustream.tv,Male,China,1951/12/25
185,Malinda,Larmuth,mlarmuth54@google.com.br,Female,Egypt,1955/08/21
186,Maible,Ech,mech55@feedburner.com,Female,French Polynesia,1984/09/19
187,Baldwin,Elvin,belvin56@comcast.net,Male,China,1962/08/15
188,Carolynn,Climer,cclimer57@cafepress.com,Agender,Indonesia,1984/04/20
189,Leora,Hagyard,lhagyard58@time.com,Female,France,1982/10/21
190,Benny,Finch,bfinch59@phpbb.com,Female,Cameroon,1963/04/25
191,Alma,Bansal,abansal5a@jigsy.com,Genderfluid,South Africa,1977/04/10
192,Craggie,Bennough,cbennough5b@microsoft.com,Male,Indonesia,1989/03/25
193,Gothart,Pucker,gpucker5c@businesswire.com,Male,North Korea,1967/04/20
194,Philippine,Billham,pbillham5d@sciencedirect.com,Female,Indonesia,1985/06/23
195,Boone,Lent,blent5e@ftc.gov,Male,Mexico,1985/03/11
196,Ruth,Sewards,rsewards5f@hexun.com,Female,Russia,1989/10/26
197,Torr,Bamblett,tbamblett5g@biglobe.ne.jp,Male,Colombia,1983/10/14
198,Manuel,Byforth,mbyforth5h@is.gd,Male,Mexico,1952/04/04
199,Giacobo,Aubrun,gaubrun5i@google.com.au,Male,South Africa,1982/06/30
200,Sandro,Harcus,sharcus5j@wsj.com,Male,Thailand,1997/05/13
201,Chiarra,Duffer,cduffer5k@ezinearticles.com,Non-binary,China,1962/10/01
202,Hynda,Ashbolt,hashbolt5l@artisteer.com,Female,Indonesia,1976/12/23
203,Linn,Able,lable5m@fastcompany.com,Female,China,1992/12/07
204,Brant,Vidler,bvidler5n@i2i.jp,Male,Mongolia,1983/10/19
205,Petronille,Onthank,ponthank5o@patch.com,Female,Indonesia,1969/04/23
206,Prue,Scouse,pscouse5p@redcross.org,Female,Latvia,1966/12/06
207,Bondon,Dykes,bdykes5q@jugem.jp,Male,Japan,1975/07/17
208,Georges,Gelling,ggelling5r@rambler.ru,Male,Philippines,1983/07/29
209,Sabine,Hanse,shanse5s@wired.com,Female,China,1969/08/23
210,Carree,Regorz,cregorz5t@ameblo.jp,Female,Colombia,1994/05/05
211,Maxie,Coase,mcoase5u@networkadvertising.org,Female,Portugal,1994/08/27
212,Jemimah,Epton,jepton5v@qq.com,Female,Pakistan,1990/04/06
213,Darrelle,Burdytt,dburdytt5w@gmpg.org,Female,China,1952/03/08
214,Lonny,Reade,lreade5x@diigo.com,Male,China,1991/05/30
215,Astrix,McDermott-Row,amcdermottrow5y@dailymail.co.uk,Female,South Africa,1993/08/09
216,Granville,Vanelli,gvanelli5z@dyndns.org,Male,Finland,1976/01/09
217,Demott,Twitching,dtwitching60@patch.com,Male,China,1962/03/01
218,Tybie,Sturdgess,tsturdgess61@mashable.com,Female,Indonesia,1964/02/22
219,Tammy,Bartke,tbartke62@lulu.com,Male,Colombia,1985/03/12
220,Cheryl,Buncom,cbuncom63@jugem.jp,Female,Japan,1995/01/12
221,Drugi,Lutty,dlutty64@1und1.de,Male,Japan,1988/07/19
222,Hamlin,Donohue,hdonohue65@nationalgeographic.com,Male,Canada,1976/03/22
223,Dori,Shapcote,dshapcote66@washingtonpost.com,Female,Indonesia,1984/08/04
224,Kiri,Ellerbeck,kellerbeck67@ebay.co.uk,Female,Poland,1962/05/30
225,Renelle,Troth,rtroth68@php.net,Female,Thailand,1961/03/14
226,Corbie,Grumley,cgrumley69@fc2.com,Male,Russia,1960/03/31
227,Thom,Jorat,tjorat6a@dailymotion.com,Male,Czech Republic,1962/02/12
228,Reuben,Skatcher,rskatcher6b@sourceforge.net,Male,Dominican Republic,1996/04/10
229,Claudina,Few,cfew6c@weibo.com,Female,China,1962/04/25
230,Tabbie,Mapp,tmapp6d@blog.com,Genderfluid,Peru,1996/10/17
231,Dorelia,Monier,dmonier6e@imgur.com,Female,United States,1980/10/08
232,Dorelle,Houseley,dhouseley6f@amazon.co.jp,Female,Brazil,1997/03/30
233,Fons,Lambdean,flambdean6g@networksolutions.com,Male,Indonesia,1995/03/20
234,Frederique,Lauxmann,flauxmann6h@geocities.jp,Female,Indonesia,1986/06/14
235,Annabelle,Lytle,alytle6i@upenn.edu,Female,Venezuela,1983/01/29
236,Helaina,McGeneay,hmcgeneay6j@youtube.com,Bigender,Iran,1984/03/29
237,Lisabeth,Gabe,lgabe6k@ifeng.com,Female,China,1959/02/01
238,Corilla,Bru,cbru6l@intel.com,Female,Israel,1988/10/07
239,Gayel,Barthot,gbarthot6m@scientificamerican.com,Female,China,1953/07/16
240,Burnard,Bexley,bbexley6n@narod.ru,Male,Philippines,1952/06/05
241,Catie,Pipe,cpipe6o@latimes.com,Female,Nigeria,1978/07/10
242,Chet,Robker,crobker6p@stanford.edu,Male,China,1985/04/08
243,Chryste,Livesey,clivesey6q@amazon.co.jp,Genderfluid,Sweden,1993/05/02
244,Fleurette,Nussgen,fnussgen6r@ovh.net,Female,Japan,1988/11/26
245,Jenda,Darycott,jdarycott6s@barnesandnoble.com,Female,Mozambique,1978/09/30
246,Tiena,Inchbald,tinchbald6t@vkontakte.ru,Female,China,1999/01/15
247,Holly,Pirkis,hpirkis6u@wsj.com,Female,France,1990/03/16
248,Lanie,Enriquez,lenriquez6v@blogger.com,Female,Indonesia,1987/08/31
249,Vere,Marti,vmarti6w@blogger.com,Female,Indonesia,1979/11/28
250,Celinda,Trimme,ctrimme6x@slideshare.net,Genderfluid,Costa Rica,1952/03/30
251,Ransell,Matussow,rmatussow6y@eventbrite.com,Male,Indonesia,1985/08/12
252,Vivie,Coulthard,vcoulthard6z@ucla.edu,Female,China,1995/11/08
253,Maxwell,Kippins,mkippins70@deviantart.com,Male,Colombia,1960/06/08
254,Trever,Stapells,tstapells71@foxnews.com,Male,Cameroon,1998/03/19
255,Lorilyn,Simpkins,lsimpkins72@nationalgeographic.com,Female,Russia,1984/01/22
256,Sansone,Toffel,stoffel73@feedburner.com,Male,Cyprus,1976/01/16
257,Amabelle,Gubbins,agubbins74@princeton.edu,Bigender,Yemen,1998/06/07
258,Chadd,Estcot,cestcot75@blog.com,Male,Portugal,1998/03/20
259,Tally,Cusiter,tcusiter76@tinyurl.com,Bigender,Afghanistan,1983/11/14
260,Flossi,McTerlagh,fmcterlagh77@tamu.edu,Female,Brazil,1972/10/12
261,Vincenty,O'Daly,vodaly78@cisco.com,Male,Finland,1975/02/28
262,Pierrette,Kennan,pkennan79@pbs.org,Female,Ukraine,1969/11/25
263,Jourdan,Yeardsley,jyeardsley7a@cornell.edu,Genderqueer,China,1994/01/08
264,Isobel,Tixall,itixall7b@google.co.jp,Female,Indonesia,1959/09/20
265,Homer,Heber,hheber7c@webmd.com,Male,China,1959/02/09
266,Fredrika,Bainton,fbainton7d@xinhuanet.com,Female,Philippines,1958/09/17
267,Germaine,Kainz,gkainz7e@mysql.com,Female,South Korea,1992/10/29
268,Ynez,Batrip,ybatrip7f@soundcloud.com,Genderqueer,South Africa,1960/03/10
269,Irma,Skough,iskough7g@wp.com,Female,Sierra Leone,1966/10/26
270,Maxine,Maskrey,mmaskrey7h@xrea.com,Genderqueer,China,1953/12/25
271,Wenda,Cosby,wcosby7i@nydailynews.com,Bigender,Iceland,1989/08/07
272,Malinda,Ginity,mginity7j@cbsnews.com,Female,Indonesia,1964/02/04
273,Boothe,Panyer,bpanyer7k@apache.org,Male,Palau,1971/08/15
274,Rois,Dubery,rdubery7l@livejournal.com,Female,Micronesia,1952/07/05
275,Lauren,Ilchenko,lilchenko7m@prweb.com,Male,China,1998/11/16
276,Aube,Dielhenn,adielhenn7n@hud.gov,Male,Namibia,1951/05/09
277,Juliane,Newlan,jnewlan7o@trellian.com,Female,Indonesia,1985/09/11
278,Roi,Postans,rpostans7p@facebook.com,Male,Thailand,1997/08/22
279,Heida,Marqyes,hmarqyes7q@google.com.br,Female,United States,1998/07/02
280,Kessia,Kay,kkay7r@addthis.com,Genderqueer,Suriname,1979/08/31
281,Dania,Rayman,drayman7s@com.com,Female,China,1983/11/13
282,Janina,Laurand,jlaurand7t@4shared.com,Female,Kyrgyzstan,1972/06/01
283,Quincy,Sloss,qsloss7u@aboutads.info,Male,Philippines,1993/06/26
284,Fania,Heimes,fheimes7v@state.gov,Non-binary,Cameroon,1955/02/14
285,Genovera,Povey,gpovey7w@cbslocal.com,Female,United States,1990/02/27
286,Patricio,Stiger,pstiger7x@moonfruit.com,Male,Czech Republic,1969/06/25
287,Fidel,Le Count,flecount7y@behance.net,Male,United States,1950/11/16
288,Bunnie,Bowhay,bbowhay7z@forbes.com,Female,Kazakhstan,1988/12/07
289,Vikky,Bamlet,vbamlet80@examiner.com,Genderqueer,Mauritius,1985/02/17
290,Terri,Newsome,tnewsome81@arizona.edu,Male,China,1975/08/12
291,Georg,Sallter,gsallter82@hibu.com,Genderqueer,France,1996/09/30
292,Sascha,Abbot,sabbot83@wordpress.com,Male,China,1963/02/25
293,Amie,Gabbitus,agabbitus84@scientificamerican.com,Genderfluid,Russia,1965/12/06
294,Alec,Clewley,aclewley85@umich.edu,Male,Indonesia,1979/02/04
295,Alverta,Stillgoe,astillgoe86@spotify.com,Female,Cameroon,1960/02/19
296,Berkley,Nabbs,bnabbs87@japanpost.jp,Male,Indonesia,1991/10/19
297,Harriet,Sampey,hsampey88@foxnews.com,Polygender,Croatia,1990/04/19
298,Pauly,Winborn,pwinborn89@constantcontact.com,Female,Lithuania,1979/04/17
299,Shay,Lewtey,slewtey8a@wikia.com,Male,Indonesia,1973/04/14
300,Dane,McKelloch,dmckelloch8b@domainmarket.com,Male,China,1998/08/21
301,Miner,Croote,mcroote8c@so-net.ne.jp,Male,Uzbekistan,2000/03/08
302,Edie,Ikringill,eikringill8d@psu.edu,Non-binary,Argentina,1962/03/08
303,Lavinie,Gammack,lgammack8e@twitter.com,Female,China,1972/06/29
304,Jon,Pride,jpride8f@utexas.edu,Male,Philippines,1995/09/22
305,Jorey,Absolem,jabsolem8g@prweb.com,Genderfluid,Brazil,1977/03/24
306,Eldon,Fetters,efetters8h@thetimes.co.uk,Male,Philippines,1976/03/29
307,Miltie,Cradduck,mcradduck8i@google.nl,Male,Philippines,2000/08/16
308,Wiatt,Rapo,wrapo8j@about.me,Male,South Korea,1992/11/10
309,Juliane,Gorgl,jgorgl8k@360.cn,Non-binary,China,1961/05/01
310,Stevie,Sibun,ssibun8l@omniture.com,Male,Finland,1962/10/05
311,Ericka,Gingold,egingold8m@illinois.edu,Female,Malta,1970/06/28
312,Vallie,Krauss,vkrauss8n@si.edu,Female,Indonesia,1974/08/01
313,Ursa,Negal,unegal8o@dion.ne.jp,Female,Japan,1954/08/20
314,Leroy,Feldbrin,lfeldbrin8p@paginegialle.it,Male,Slovenia,1978/12/29
315,Margie,Hockey,mhockey8q@edublogs.org,Female,Russia,1985/10/10
316,Aloise,Legh,alegh8r@squidoo.com,Female,Nigeria,1988/04/14
317,Carolee,Rickardes,crickardes8s@nbcnews.com,Female,China,1995/02/06
318,Tasia,Tatton,ttatton8t@narod.ru,Female,Vietnam,1981/05/25
319,Currie,Colter,ccolter8u@hud.gov,Male,China,1991/11/02
320,Nanni,Cattini,ncattini8v@theglobeandmail.com,Female,Russia,1970/04/30
321,Guenevere,Abramowsky,gabramowsky8w@photobucket.com,Female,China,2000/04/08
322,Ced,Hastings,chastings8x@liveinternet.ru,Agender,Thailand,1970/12/29
323,Mechelle,Bampkin,mbampkin8y@pbs.org,Female,China,1963/08/30
324,Rickie,Talby,rtalby8z@feedburner.com,Male,Greece,1953/01/11
325,Julius,Ryde,jryde90@e-recht24.de,Male,Iran,1994/02/06
326,Uriel,Scarffe,uscarffe91@a8.net,Male,China,1955/02/05
327,Bernadine,Duffer,bduffer92@uiuc.edu,Female,Finland,1958/12/15
328,Merrel,Kittles,mkittles93@bravesites.com,Male,China,1998/11/27
329,Yasmin,Ricco,yricco94@msu.edu,Female,Comoros,1961/04/19
330,Becky,Comrie,bcomrie95@blogtalkradio.com,Female,China,1958/07/23
331,Herbie,Satyford,hsatyford96@cnn.com,Male,Brazil,1997/01/04
332,Osbourn,Kidsley,okidsley97@nhs.uk,Male,Indonesia,1982/07/17
333,Odelle,Studeart,ostudeart98@vinaora.com,Female,China,1956/09/09
334,Monro,Franciskiewicz,mfranciskiewicz99@simplemachines.org,Male,China,1977/06/14
335,Reade,Manzell,rmanzell9a@quantcast.com,Male,Portugal,1992/11/05
336,Cate,Bredbury,cbredbury9b@arstechnica.com,Female,Netherlands,1967/02/10
337,Christos,Dalglish,cdalglish9c@bluehost.com,Male,Madagascar,1953/05/23
338,Mikel,Fonzo,mfonzo9d@reference.com,Male,Sweden,1954/09/10
339,Neala,Birden,nbirden9e@posterous.com,Female,Serbia,1971/10/08
340,Linn,Asquez,lasquez9f@bing.com,Male,Philippines,1957/01/14
341,Karel,Sawforde,ksawforde9g@irs.gov,Female,France,1968/01/04
342,Amalie,Meace,ameace9h@phpbb.com,Female,China,1958/03/15
343,Pia,Iacobassi,piacobassi9i@gnu.org,Female,Brazil,1985/07/08
344,Elene,Acreman,eacreman9j@mayoclinic.com,Female,China,1956/07/23
345,Saw,Jimmison,sjimmison9k@cmu.edu,Male,South Africa,1999/07/02
346,Olympia,Philpots,ophilpots9l@goodreads.com,Female,Japan,1963/04/30
347,Editha,Henriquet,ehenriquet9m@reddit.com,Female,Guatemala,1995/03/12
348,Julia,Telfer,jtelfer9n@linkedin.com,Female,Poland,1991/07/05
349,Neron,Bartell,nbartell9o@vkontakte.ru,Male,Hungary,1957/05/10
350,Branden,Kerley,bkerley9p@geocities.com,Male,Russia,1957/10/23
351,Lorenzo,Fawbert,lfawbert9q@state.gov,Polygender,France,1965/12/07
352,Rina,Mayer,rmayer9r@t-online.de,Polygender,Serbia,1975/07/30
353,Harlen,Miskelly,hmiskelly9s@whitehouse.gov,Male,Costa Rica,1987/01/29
354,Wade,Pointing,wpointing9t@netvibes.com,Male,Syria,1982/05/13
355,Mitch,Gummer,mgummer9u@dion.ne.jp,Male,Nigeria,1974/02/21
356,Talyah,Crisall,tcrisall9v@scientificamerican.com,Female,China,1964/05/08
357,Innis,Housden,ihousden9w@statcounter.com,Male,China,1982/09/02
358,Leland,Twiddell,ltwiddell9x@walmart.com,Male,Panama,1967/10/08
359,Dag,Stegell,dstegell9y@un.org,Male,Ukraine,1962/05/16
360,Ernest,Readshaw,ereadshaw9z@elegantthemes.com,Male,Ukraine,1974/01/05
361,Kary,Vossing,kvossinga0@woothemes.com,Female,Indonesia,1977/02/09
362,Niel,Buggs,nbuggsa1@twitter.com,Male,China,1964/07/07
363,Ganny,Petris,gpetrisa2@auda.org.au,Male,Russia,1981/10/28
364,Perla,Bossingham,pbossinghama3@cornell.edu,Female,Indonesia,1950/11/12
365,Margette,Ligoe,mligoea4@netlog.com,Female,Greece,1982/04/23
366,Hedda,Reuble,hreublea5@creativecommons.org,Female,Philippines,1969/07/26
367,Alon,Lampitt,alampitta6@sciencedirect.com,Male,Indonesia,1983/06/22
368,Minna,Scannell,mscannella7@si.edu,Female,Democratic Republic of the Congo,1976/11/06
369,Patrice,Giles,pgilesa8@nba.com,Female,Ukraine,1970/04/14
370,Hillard,Lindenboim,hlindenboima9@youtu.be,Male,Guatemala,1976/06/19
371,Randolf,Delle,rdelleaa@bizjournals.com,Male,Bulgaria,1953/08/19
372,Gussi,O'Henecan,gohenecanab@furl.net,Female,China,1960/11/30
373,Jedidiah,Shailer,jshailerac@google.ca,Male,Russia,1997/10/31
374,Allyn,Illidge,aillidgead@altervista.org,Male,Kenya,1953/05/18
375,Merill,Tarrant,mtarrantae@dropbox.com,Male,Indonesia,1951/11/11
376,Gery,Boother,gbootheraf@bbb.org,Male,Portugal,1974/05/20
377,Hunfredo,Connochie,hconnochieag@tinyurl.com,Male,Nigeria,1962/12/19
378,Buddy,Churches,bchurchesah@bloomberg.com,Male,Russia,1976/06/28
379,Waldo,Dumbrill,wdumbrillai@nymag.com,Male,Bosnia and Herzegovina,1974/12/18
380,Evelina,McCall,emccallaj@newyorker.com,Female,Philippines,1994/05/13
381,Findlay,Sherwyn,fsherwynak@skype.com,Male,United States,1983/02/22
382,Ian,Henke,ihenkeal@livejournal.com,Male,China,1975/04/09
383,Perri,Gumbley,pgumbleyam@theglobeandmail.com,Non-binary,France,1988/10/11
384,Tammy,Amorine,tamorinean@parallels.com,Male,Somalia,1997/11/10
385,Olivero,Alexandre,oalexandreao@studiopress.com,Male,Yemen,1961/02/28
386,Frannie,Hasnip,fhasnipap@nba.com,Male,Greece,1975/01/13
387,Jasun,Gatley,jgatleyaq@exblog.jp,Male,China,1972/03/23
388,Regen,Heeley,rheeleyar@marriott.com,Male,Palestinian Territory,1957/11/12
389,Elaine,Tooze,etoozeas@paginegialle.it,Female,China,1978/05/31
390,Nicolette,Naile,nnaileat@smugmug.com,Female,Vietnam,1953/06/18
391,Willard,Ogden,wogdenau@adobe.com,Male,Indonesia,1956/08/27
392,Wilbur,O'Cannan,wocannanav@reference.com,Male,Indonesia,1984/04/24
393,Kimberlee,Enoch,kenochaw@mapy.cz,Female,Philippines,1995/11/17
394,Stacy,Mabley,smableyax@ask.com,Male,United States,1962/10/23
395,Zuzana,Beig,zbeigay@cdbaby.com,Female,Peru,1970/08/31
396,Rhett,Baus,rbausaz@hexun.com,Male,Montenegro,1990/01/23
397,Noble,Von Helmholtz,nvonhelmholtzb0@exblog.jp,Male,Brazil,1992/05/18
398,Pearle,Hudspith,phudspithb1@xrea.com,Female,Indonesia,1994/10/05
399,Ephrayim,Beccera,ebeccerab2@google.com,Male,China,1957/04/06
400,Eziechiele,Shakesby,eshakesbyb3@usnews.com,Male,Cameroon,1970/03/03
401,Clare,Orrett,correttb4@berkeley.edu,Female,Brazil,1987/06/16
402,Kelcy,Burtwistle,kburtwistleb5@redcross.org,Female,Philippines,1965/06/27
403,Jeffry,Gianneschi,jgianneschib6@scribd.com,Male,Russia,1967/02/24
404,Ines,Verity,iverityb7@google.fr,Female,Japan,1960/04/13
405,Corrina,Rutherforth,crutherforthb8@seesaa.net,Female,Ukraine,1968/10/04
406,Suzie,Kleinberer,skleinbererb9@seattletimes.com,Bigender,Portugal,1992/11/30
407,Giovanni,Bockler,gbocklerba@stanford.edu,Male,Belarus,1976/04/20
408,Deva,Acton,dactonbb@mozilla.org,Female,Ghana,1960/09/27
409,Aveline,Gleasane,agleasanebc@exblog.jp,Female,Thailand,1996/05/31
410,Fabio,Schukert,fschukertbd@naver.com,Male,Honduras,1991/01/25
411,Barnard,Joderli,bjoderlibe@bloglovin.com,Male,Poland,1979/03/10
412,Herman,Wattisham,hwattishambf@si.edu,Male,China,1981/07/07
413,Ailene,Pockey,apockeybg@mail.ru,Female,Portugal,1978/11/10
414,Beulah,Smylie,bsmyliebh@slashdot.org,Female,Indonesia,1959/10/07
415,Archambault,Poupard,apoupardbi@upenn.edu,Male,Croatia,1964/11/25
416,Allen,Skipper,askipperbj@rakuten.co.jp,Male,Indonesia,1955/11/18
417,Scotti,Flaws,sflawsbk@ask.com,Male,South Africa,1955/06/11
418,Carmencita,Mourbey,cmourbeybl@amazon.de,Female,Thailand,1957/06/15
419,Abran,Licari,alicaribm@exblog.jp,Male,France,1987/09/10
420,Victoir,Penticost,vpenticostbn@wisc.edu,Male,Honduras,1961/03/16
421,Velma,Di Lucia,vdiluciabo@dion.ne.jp,Polygender,Philippines,1991/08/12
422,Gil,Gilmour,ggilmourbp@sitemeter.com,Genderqueer,China,1963/10/09
423,Melamie,Joriot,mjoriotbq@creativecommons.org,Female,Indonesia,1970/09/08
424,Wadsworth,Munroe,wmunroebr@hexun.com,Male,Russia,1980/08/12
425,Shara,Offill,soffillbs@theguardian.com,Female,Sweden,1962/02/08
426,Bevon,Howse,bhowsebt@google.com,Male,Guatemala,1975/10/29
427,Kati,Heiden,kheidenbu@freewebs.com,Female,Indonesia,1986/03/20
428,Mick,MacDonagh,mmacdonaghbv@usatoday.com,Male,Honduras,1992/11/04
429,Brendin,Debell,bdebellbw@zimbio.com,Male,China,1998/02/18
430,Rogerio,Kisbee,rkisbeebx@latimes.com,Male,Nicaragua,1961/02/15
431,Nicholle,Massard,nmassardby@mapquest.com,Genderfluid,Liberia,1958/11/04
432,Isidor,De Caville,idecavillebz@shutterfly.com,Male,Argentina,1997/09/21
433,Roland,Oman,romanc0@prnewswire.com,Male,Indonesia,1992/11/04
434,Ford,Holttom,fholttomc1@infoseek.co.jp,Male,Indonesia,1989/08/09
435,Hymie,Foux,hfouxc2@skype.com,Agender,Indonesia,1979/01/01
436,Petronilla,Prettjohn,pprettjohnc3@salon.com,Female,Croatia,1986/09/23
437,Colan,Woosnam,cwoosnamc4@fotki.com,Male,China,1986/02/07
438,Dallis,Stonestreet,dstonestreetc5@csmonitor.com,Male,Greece,1975/11/12
439,Terencio,Wallbrook,twallbrookc6@bloomberg.com,Male,Vietnam,1961/07/22
440,Elnora,Corp,ecorpc7@google.co.uk,Female,China,1966/02/25
441,Siward,Infante,sinfantec8@telegraph.co.uk,Male,Indonesia,1951/02/20
442,Faydra,Sabati,fsabatic9@naver.com,Female,Peru,1969/01/20
443,Drucill,Angric,dangricca@earthlink.net,Female,Japan,1962/08/15
444,Gayleen,Makinson,gmakinsoncb@msu.edu,Female,Italy,1992/03/04
445,Lorelei,Lillford,llillfordcc@amazon.co.uk,Female,Russia,1962/11/16
446,Broderick,Rottger,brottgercd@webmd.com,Male,Tunisia,1992/05/20
447,Lutero,Jancy,ljancyce@over-blog.com,Male,Argentina,1951/02/10
448,Ado,Bulled,abulledcf@flickr.com,Male,Indonesia,1965/09/25
449,Natalee,Adelman,nadelmancg@wp.com,Female,China,1969/10/05
450,Jemimah,Pllu,jplluch@thetimes.co.uk,Female,Brazil,1996/07/07
451,Charis,Geraudy,cgeraudyci@storify.com,Female,China,1973/05/05
452,Bowie,Pruckner,bprucknercj@barnesandnoble.com,Male,Indonesia,1968/06/07
453,Danni,Mogford,dmogfordck@kickstarter.com,Female,Japan,1963/11/06
454,Mirna,Cattle,mcattlecl@newyorker.com,Female,Poland,1973/12/24
455,Foss,Thomsen,fthomsencm@reference.com,Male,Peru,1959/06/20
456,Melitta,Conibere,mconiberecn@51.la,Female,Ukraine,1979/03/27
457,Fields,Copin,fcopinco@sourceforge.net,Male,China,1977/05/03
458,Lynnette,Axelby,laxelbycp@weebly.com,Female,Indonesia,1953/03/17
459,Rhodie,MacDavitt,rmacdavittcq@people.com.cn,Non-binary,Slovenia,1975/07/21
460,Vivien,MacGee,vmacgeecr@nsw.gov.au,Female,China,1970/07/17
461,Cullen,Garrique,cgarriquecs@bravesites.com,Male,Russia,1979/10/30
462,Marlowe,Payne,mpaynect@ifeng.com,Genderfluid,Vietnam,1982/02/08
463,Andre,Muffen,amuffencu@hud.gov,Male,China,1996/01/26
464,Skylar,Roze,srozecv@china.com.cn,Male,Sweden,1976/02/25
465,Shelby,Gummow,sgummowcw@oracle.com,Male,China,1994/10/28
466,Jethro,Abramowsky,jabramowskycx@bizjournals.com,Male,Kazakhstan,1982/04/28
467,Con,Ladyman,cladymancy@ibm.com,Female,Sweden,1980/03/07
468,Tull,Paddemore,tpaddemorecz@ycombinator.com,Male,Spain,1968/03/19
469,Halimeda,Prestige,hprestiged0@illinois.edu,Female,Nicaragua,1988/03/07
470,Giovanna,Artharg,garthargd1@blinklist.com,Female,Kazakhstan,1979/03/21
471,Renata,Ellingham,rellinghamd2@epa.gov,Female,China,1970/10/13
472,Stormie,Maude,smauded3@mashable.com,Female,Guatemala,1971/02/02
473,Annabella,Meddows,ameddowsd4@artisteer.com,Female,Sweden,1975/05/02
474,Joscelin,Rosander,jrosanderd5@prlog.org,Female,Indonesia,1974/12/15
475,Constancy,Carayol,ccarayold6@biblegateway.com,Female,China,1977/09/09
476,Jo-ann,Tomalin,jtomalind7@imdb.com,Female,Colombia,1954/08/01
477,Karola,Bestman,kbestmand8@furl.net,Female,China,1985/09/13
478,Philbert,Suermeiers,psuermeiersd9@xrea.com,Male,China,1953/02/05
479,Evelyn,Kehri,ekehrida@xing.com,Female,Democratic Republic of the Congo,1989/12/03
480,Cherilynn,Seaman,cseamandb@nba.com,Non-binary,Indonesia,1952/07/16
481,Britt,Feaveer,bfeaveerdc@about.com,Male,Portugal,1991/08/23
482,Arch,Charrington,acharringtondd@google.fr,Male,Burkina Faso,1996/01/15
483,Kennedy,Kulicke,kkulickede@spotify.com,Male,China,1988/09/06
484,Dora,Cawood,dcawooddf@gravatar.com,Female,Indonesia,1995/05/25
485,Brina,Rubinovici,brubinovicidg@webnode.com,Female,Oman,1967/09/16
486,Melitta,Thackeray,mthackeraydh@storify.com,Female,Mexico,1976/11/01
487,Cristine,Finnimore,cfinnimoredi@miitbeian.gov.cn,Female,Brazil,1990/05/08
488,Marna,Cosby,mcosbydj@guardian.co.uk,Genderfluid,China,1991/12/31
489,Anitra,Foort,afoortdk@sfgate.com,Female,Serbia,1995/12/02
490,Bernetta,Kingzett,bkingzettdl@senate.gov,Female,Indonesia,1958/08/14
491,Neron,Cammidge,ncammidgedm@youtube.com,Male,Sweden,1990/07/07
492,Evered,Cavozzi,ecavozzidn@google.pl,Male,Tokelau,1980/04/21
493,Ardelia,Inglish,ainglishdo@zdnet.com,Female,Japan,1956/10/13
494,Bernetta,Blais,bblaisdp@bloomberg.com,Female,China,1985/07/20
495,Ros,Corsan,rcorsandq@tumblr.com,Female,Malaysia,1998/09/26
496,Derron,Liptrot,dliptrotdr@java.com,Genderfluid,Portugal,1965/05/25
497,Mike,Huggill,mhuggillds@europa.eu,Male,China,1983/02/26
498,Tobin,Catenot,tcatenotdt@salon.com,Male,Indonesia,1989/05/17
499,Rollins,Cleynaert,rcleynaertdu@furl.net,Male,Netherlands,1985/01/14
500,Frazer,Dumingos,fdumingosdv@webmd.com,Male,Estonia,1971/11/26
501,Merle,Magor,mmagordw@privacy.gov.au,Male,Vietnam,1958/10/23
502,Ernestus,Markwelley,emarkwelleydx@geocities.jp,Male,China,1974/03/03
503,Valida,Golthorpp,vgolthorppdy@123-reg.co.uk,Female,Morocco,1994/07/12
504,Antonia,Caveau,acaveaudz@phpbb.com,Female,Indonesia,1959/02/17
505,Chelsae,Kingswoode,ckingswoodee0@un.org,Female,Ukraine,1963/04/13
506,Rodi,Succamore,rsuccamoree1@nbcnews.com,Agender,Indonesia,1985/04/30
507,Ardenia,Karlsen,akarlsene2@scribd.com,Female,China,1958/03/27
508,Damian,Reuter,dreutere3@aboutads.info,Male,Czech Republic,1989/10/03
509,Vonny,Spores,vsporese4@toplist.cz,Female,Sweden,1971/11/14
510,Perkin,Maydwell,pmaydwelle5@disqus.com,Male,Mongolia,1951/09/03
511,Allistir,Ubsdell,aubsdelle6@prnewswire.com,Male,Philippines,1967/06/14
512,Winny,Faulconbridge,wfaulconbridgee7@uiuc.edu,Female,China,1964/09/16
513,Lula,Biever,lbievere8@com.com,Female,Indonesia,1974/03/12
514,Tuck,Ludlam,tludlame9@wiley.com,Male,China,1996/02/21
515,Valentin,Pavese,vpaveseea@opera.com,Male,Brazil,1971/05/13
516,Bert,Turbayne,bturbayneeb@forbes.com,Male,Dominican Republic,1978/12/20
517,Tobin,Blake,tblakeec@biglobe.ne.jp,Male,Colombia,1960/05/21
518,Harri,Hawgood,hhawgooded@cornell.edu,Female,Bahamas,1992/08/20
519,Colline,Skoate,cskoateee@unc.edu,Female,Indonesia,1970/07/16
520,Fidela,Riglesford,friglesfordef@t-online.de,Polygender,Cameroon,1969/09/20
521,Laurie,Osmar,losmareg@amazonaws.com,Female,Kuwait,1954/01/26
522,Obidiah,Sinney,osinneyeh@accuweather.com,Male,Japan,1973/12/29
523,Stacia,Gretham,sgrethamei@microsoft.com,Female,Indonesia,1994/09/12
524,Vally,Clemoes,vclemoesej@redcross.org,Female,Mexico,1990/07/08
525,Cordell,Wagstaff,cwagstaffek@discovery.com,Male,Japan,1970/08/04
526,Berk,Tink,btinkel@jiathis.com,Male,Brazil,1980/04/29
527,Codi,Drexel,cdrexelem@51.la,Female,Panama,1957/06/10
528,Wynnie,Hasney,whasneyen@dagondesign.com,Female,Niger,1977/07/26
529,Tate,Luetkemeyers,tluetkemeyerseo@webeden.co.uk,Female,Portugal,1973/05/07
530,Adrianna,Ord,aordep@cam.ac.uk,Female,Spain,1954/09/17
531,Dorian,Slane,dslaneeq@independent.co.uk,Non-binary,China,1981/02/14
532,Modestia,Willshere,mwillshereer@yahoo.co.jp,Agender,China,1953/04/15
533,Ora,Marchington,omarchingtones@ebay.co.uk,Female,Brazil,1962/03/23
534,Rona,Castaignet,rcastaignetet@wikispaces.com,Female,China,1969/11/11
535,Erik,Twiggins,etwigginseu@java.com,Male,Iran,1977/04/24
536,Marj,Burbank,mburbankev@naver.com,Female,Philippines,1951/05/01
537,Andreas,Hatton,ahattonew@yolasite.com,Male,Mexico,1977/09/25
538,Claudetta,Jaquest,cjaquestex@shop-pro.jp,Female,Sweden,1954/07/03
539,Reube,Calver,rcalverey@de.vu,Male,Greece,1983/04/11
540,Ansley,Bertenshaw,abertenshawez@nasa.gov,Female,Tunisia,1964/09/01
541,Fairleigh,Deeson,fdeesonf0@twitpic.com,Male,Russia,1976/07/11
542,Nerti,Benzi,nbenzif1@symantec.com,Genderfluid,Russia,1968/03/19
543,Kial,Fivey,kfiveyf2@163.com,Female,Argentina,1990/02/18
544,Urbanus,Mance,umancef3@salon.com,Polygender,Indonesia,1986/02/04
545,Katherine,Dunley,kdunleyf4@deliciousdays.com,Female,Russia,1980/01/10
546,Caroljean,Collison,ccollisonf5@google.cn,Non-binary,Argentina,1973/01/05
547,Andreas,Ropartz,aropartzf6@apple.com,Male,France,1965/08/22
548,Gauthier,Mushrow,gmushrowf7@wufoo.com,Male,China,1967/09/25
549,Saree,Djuricic,sdjuricicf8@google.com,Polygender,Russia,1968/04/25
550,Ronny,Nicholes,rnicholesf9@blogtalkradio.com,Male,Nepal,1953/09/17
551,Nappie,Broke,nbrokefa@nationalgeographic.com,Male,Mexico,1987/09/07
552,Kippar,Hazleton,khazletonfb@cbc.ca,Male,Indonesia,1954/08/12
553,Timothee,Preto,tpretofc@parallels.com,Agender,Thailand,1972/10/19
554,Vinson,Como,vcomofd@earthlink.net,Male,Japan,1954/05/21
555,Darbee,Pavlovsky,dpavlovskyfe@samsung.com,Male,Ireland,1952/06/09
556,Rogers,Drever,rdreverff@cpanel.net,Male,China,1981/11/26
557,Holt,Mylchreest,hmylchreestfg@cisco.com,Male,Russia,1974/07/17
558,Malissa,Melbury,mmelburyfh@ucoz.ru,Female,Poland,1996/05/21
559,Ninnetta,Hickeringill,nhickeringillfi@mtv.com,Female,Togo,1984/07/06
560,Nyssa,Dartan,ndartanfj@cornell.edu,Female,Czech Republic,1999/01/08
561,Wilmar,Crookshank,wcrookshankfk@ft.com,Male,United Kingdom,1977/02/20
562,Jase,O'Sheils,josheilsfl@bandcamp.com,Male,Palestinian Territory,1951/06/27
563,Marcel,Cherry,mcherryfm@noaa.gov,Male,Indonesia,1965/07/22
564,Forrester,Drust,fdrustfn@hud.gov,Male,Brazil,1996/05/01
565,Virgil,Dahlback,vdahlbackfo@indiatimes.com,Male,China,1963/04/25
566,Daile,Northbridge,dnorthbridgefp@netscape.com,Female,Czech Republic,1966/07/31
567,Riki,Bowdrey,rbowdreyfq@ca.gov,Female,United States,1964/12/04
568,Kiersten,Brammar,kbrammarfr@nps.gov,Female,Dominican Republic,1970/01/25
569,Traci,Fergusson,tfergussonfs@hibu.com,Female,Mexico,1986/01/22
570,Uriah,Leroy,uleroyft@macromedia.com,Male,Dominican Republic,1962/06/15
571,Foster,Mitchelmore,fmitchelmorefu@printfriendly.com,Male,Senegal,1988/08/26
572,Truman,Ginity,tginityfv@ucoz.ru,Male,China,1976/09/17
573,El,Goshawke,egoshawkefw@wired.com,Male,Kyrgyzstan,1998/07/14
574,Sylvia,Sachno,ssachnofx@t.co,Female,Colombia,1991/01/25
575,Karlie,Angrock,kangrockfy@miibeian.gov.cn,Female,China,1995/08/15
576,Arri,Dach,adachfz@ox.ac.uk,Male,Argentina,1976/03/29
577,Prudence,Spelling,pspellingg0@printfriendly.com,Female,Indonesia,1964/10/29
578,Josias,Tattam,jtattamg1@theatlantic.com,Male,Nigeria,1966/07/14
579,Shalne,Hazeman,shazemang2@seattletimes.com,Female,Malta,1968/03/26
580,Walliw,Damarell,wdamarellg3@sohu.com,Genderfluid,Indonesia,1974/05/03
581,Kimmie,Fyrth,kfyrthg4@samsung.com,Female,Greece,1992/11/01
582,Clarette,Heal,chealg5@comsenz.com,Female,Greece,1957/07/16
583,Robbin,Berth,rberthg6@amazon.co.uk,Female,Peru,1995/11/28
584,Milo,Shreeves,mshreevesg7@quantcast.com,Male,France,1957/10/03
585,Catlee,Godwyn,cgodwyng8@discuz.net,Female,Croatia,1982/08/25
586,Perry,Fetters,pfettersg9@ibm.com,Female,Argentina,1960/10/25
587,Bruce,Pentycost,bpentycostga@google.ru,Male,Portugal,1999/03/14
588,Clementius,Tancock,ctancockgb@businessinsider.com,Male,Malaysia,1959/04/08
589,Tildi,Waterworth,twaterworthgc@netlog.com,Female,China,1955/05/31
590,D'arcy,Gowrich,dgowrichgd@mtv.com,Male,Puerto Rico,1980/05/26
591,Andra,Kavanagh,akavanaghge@accuweather.com,Female,Portugal,1985/02/07
592,Alleyn,Rikkard,arikkardgf@irs.gov,Male,South Africa,1962/06/07
593,Marc,Cuseick,mcuseickgg@loc.gov,Male,South Korea,1992/05/12
594,Gail,Turmel,gturmelgh@npr.org,Female,Greece,1964/10/17
595,Lorianne,Tallman,ltallmangi@nature.com,Female,Switzerland,1983/08/19
596,Norby,Giacometti,ngiacomettigj@canalblog.com,Male,Russia,1996/04/18
597,Elihu,Barry,ebarrygk@is.gd,Male,China,1979/08/02
598,Ransell,Seggie,rseggiegl@histats.com,Male,China,1976/02/07
599,Fidela,Andreasson,fandreassongm@ftc.gov,Female,Canada,1997/04/11
600,Elia,Cromblehome,ecromblehomegn@bizjournals.com,Male,Peru,1985/09/09
601,Billie,Beetlestone,bbeetlestonego@ibm.com,Agender,Thailand,1954/02/27
602,Joby,Matusson,jmatussongp@altervista.org,Female,Pakistan,1961/09/28
603,Lonni,Ashwood,lashwoodgq@irs.gov,Female,Russia,1970/11/02
604,Sheffy,Stoppe,sstoppegr@symantec.com,Male,Serbia,1951/02/19
605,Ardeen,Cattrall,acattrallgs@eepurl.com,Female,Philippines,1952/12/13
606,Wald,Botright,wbotrightgt@barnesandnoble.com,Male,China,1951/09/06
607,Bert,Pawlowicz,bpawlowiczgu@rakuten.co.jp,Male,Indonesia,1959/07/01
608,Lorry,Quartermaine,lquartermainegv@fastcompany.com,Male,Russia,1993/07/15
609,Vivian,Wicher,vwichergw@addtoany.com,Female,Peru,1999/09/03
610,Magnum,Jenson,mjensongx@bloglines.com,Bigender,China,2000/05/24
611,Eden,Langstrath,elangstrathgy@icio.us,Female,China,1995/09/18
612,Cherice,Rodrig,crodriggz@cmu.edu,Female,Portugal,1999/02/04
613,Lionello,Streeton,lstreetonh0@qq.com,Male,China,1956/06/26
614,Noby,Demko,ndemkoh1@t.co,Male,China,1978/08/24
615,Alverta,Vittel,avittelh2@drupal.org,Female,China,1983/01/18
616,Merrilee,Vondracek,mvondracekh3@auda.org.au,Female,Mexico,1995/11/23
617,Rhonda,Leeman,rleemanh4@xing.com,Female,Democratic Republic of the Congo,1957/02/05
618,Feodor,Crosgrove,fcrosgroveh5@youtu.be,Male,France,1967/07/02
619,Fredrika,Gubbins,fgubbinsh6@howstuffworks.com,Female,Kenya,1978/08/13
620,Teddy,O'Sirin,tosirinh7@oakley.com,Female,China,1952/04/10
621,Remus,Finlry,rfinlryh8@sphinn.com,Male,China,1957/03/11
622,Elizabet,Dingle,edingleh9@google.com.hk,Female,New Zealand,1991/08/27
623,Kennith,Gavriel,kgavrielha@oakley.com,Male,Czech Republic,1957/01/08
624,Pia,Pritchitt,ppritchitthb@bloglines.com,Female,Indonesia,1993/09/05
625,Elston,Schwant,eschwanthc@ucsd.edu,Male,United States,1991/02/15
626,Delainey,Braunter,dbraunterhd@gizmodo.com,Male,Czech Republic,1965/02/15
627,Cece,Ridett,cridetthe@washington.edu,Male,Argentina,1989/12/30
628,Kip,Hensmans,khensmanshf@cbslocal.com,Female,Belarus,1982/07/24
629,Bernete,Veldstra,bveldstrahg@dmoz.org,Female,Guatemala,1977/11/08
630,Florri,McKelloch,fmckellochhh@netvibes.com,Female,Kazakhstan,1983/03/18
631,Whittaker,Grinter,wgrinterhi@spiegel.de,Male,Argentina,1979/10/29
632,Sib,Sperwell,ssperwellhj@twitter.com,Female,Russia,1985/11/06
633,Mariette,Lowerson,mlowersonhk@theatlantic.com,Female,China,1998/04/08
634,Levin,Fallon,lfallonhl@cnet.com,Male,Ethiopia,1999/09/15
635,Booth,Mostin,bmostinhm@arstechnica.com,Male,Brazil,1958/08/18
636,Decca,Crop,dcrophn@utexas.edu,Male,France,2000/04/25
637,Eddie,Godbold,egodboldho@smugmug.com,Polygender,Czech Republic,1961/11/29
638,Davine,Heyfield,dheyfieldhp@seesaa.net,Female,Indonesia,1996/11/19
639,Philippa,Pegrum,ppegrumhq@tumblr.com,Female,Ukraine,1990/09/11
640,Kendall,Woodfin,kwoodfinhr@hubpages.com,Male,China,1997/09/05
641,Saraann,Geikie,sgeikiehs@redcross.org,Female,Bosnia and Herzegovina,1974/07/15
642,Dominica,Melarkey,dmelarkeyht@tinypic.com,Female,Bosnia and Herzegovina,1994/03/12
643,Graham,Zorzini,gzorzinihu@usgs.gov,Male,Russia,1972/10/03
644,Ethel,Atchly,eatchlyhv@cpanel.net,Female,China,1962/09/23
645,Garrard,Nekrews,gnekrewshw@vimeo.com,Male,Indonesia,1977/10/03
646,Tamma,Andreu,tandreuhx@census.gov,Female,United States,1966/11/07
647,Romain,Ledington,rledingtonhy@economist.com,Male,China,1982/09/20
648,Deane,Sanney,dsanneyhz@eepurl.com,Genderqueer,Cameroon,1970/01/14
649,Leoine,Pickervance,lpickervancei0@va.gov,Female,Serbia,1988/03/23
650,Othilia,Muncey,omunceyi1@sohu.com,Female,Thailand,1969/11/03
651,Findley,Jancy,fjancyi2@bloglovin.com,Male,Portugal,1984/01/05
652,Man,Scading,mscadingi3@home.pl,Male,Syria,1954/05/30
653,Bobette,Cruwys,bcruwysi4@usnews.com,Female,United States,1971/02/28
654,Lowe,McAlpin,lmcalpini5@diigo.com,Male,New Zealand,1998/08/12
655,Emmalee,Goulden,egouldeni6@mozilla.org,Female,Indonesia,1973/04/01
656,Darla,Bernaldez,dbernaldezi7@patch.com,Genderqueer,China,1966/07/20
657,Stanislaw,Robberts,srobbertsi8@latimes.com,Genderqueer,Liberia,1982/09/06
658,Marla,Grigoli,mgrigolii9@sphinn.com,Female,Peru,1965/07/06
659,Maxwell,Lyal,mlyalia@businessweek.com,Male,Indonesia,1984/08/13
660,Urban,Henriques,uhenriquesib@canalblog.com,Male,Indonesia,1953/12/13
661,Sylvan,Gellier,sgellieric@hubpages.com,Male,Ukraine,1996/06/26
662,Theodor,McNeilley,tmcneilleyid@psu.edu,Male,Nicaragua,1996/05/08
663,Ivette,De Gregario,idegregarioie@goo.ne.jp,Female,Bolivia,1986/04/07
664,Car,Merrgen,cmerrgenif@umn.edu,Male,Chile,1963/02/23
665,Annabel,Halburton,ahalburtonig@tripod.com,Female,Portugal,1959/03/02
666,Julie,Fadden,jfaddenih@oracle.com,Male,China,1979/03/19
667,Nye,Mawhinney,nmawhinneyii@businessweek.com,Male,Sudan,1980/09/13
668,Godfree,Antrim,gantrimij@trellian.com,Male,Spain,1962/10/09
669,Inglis,Bulger,ibulgerik@purevolume.com,Male,Indonesia,1996/10/30
670,Calvin,Sandey,csandeyil@list-manage.com,Agender,China,1992/10/07
671,Hatti,Gallatly,hgallatlyim@chicagotribune.com,Female,Poland,1972/06/28
672,Phillip,Yukhin,pyukhinin@irs.gov,Male,Russia,1988/06/09
673,Allister,Leyman,aleymanio@soundcloud.com,Male,Japan,1997/06/19
674,Salvatore,Heasman,sheasmanip@weibo.com,Male,Philippines,1989/03/02
675,Lauretta,Upsale,lupsaleiq@pagesperso-orange.fr,Female,China,1973/03/04
676,Prescott,Iban,pibanir@photobucket.com,Male,Philippines,1979/07/20
677,Tynan,Isley,tisleyis@ox.ac.uk,Male,Czech Republic,1961/01/08
678,Padraig,Bednell,pbednellit@npr.org,Male,China,1977/01/19
679,Munmro,Wardington,mwardingtoniu@t-online.de,Male,Belize,1964/08/15
680,Parry,Amphlett,pamphlettiv@whitehouse.gov,Male,Faroe Islands,1952/04/19
681,Sunny,Traice,straiceiw@over-blog.com,Female,Mongolia,1961/06/28
682,Maura,Redsall,mredsallix@tuttocitta.it,Female,Palestinian Territory,1984/03/01
683,Raimondo,Botha,rbothaiy@etsy.com,Male,China,1971/05/06
684,Alexio,Pioch,apiochiz@opensource.org,Male,China,1963/05/08
685,Virgie,Imeson,vimesonj0@unicef.org,Female,China,1957/05/24
686,Carmella,Housbey,chousbeyj1@google.com.br,Female,Indonesia,1984/02/07
687,Deedee,Kupker,dkupkerj2@fastcompany.com,Female,Brazil,1976/11/09
688,Therese,Drinkall,tdrinkallj3@devhub.com,Female,Russia,1990/05/24
689,Muire,Donaho,mdonahoj4@etsy.com,Female,Macedonia,1997/03/16
690,Bartholomew,Murrthum,bmurrthumj5@ed.gov,Male,Poland,1993/11/13
691,Drake,Braniff,dbraniffj6@dropbox.com,Male,China,1996/06/04
692,Stephi,Biffen,sbiffenj7@hc360.com,Female,China,1977/05/18
693,Markus,Sprouls,msproulsj8@prnewswire.com,Male,China,1978/09/08
694,Lula,Bilbery,lbilberyj9@wunderground.com,Female,China,1962/06/18
695,Quinton,Humpherson,qhumphersonja@tinypic.com,Male,Japan,1968/06/17
696,Gwenette,Orrock,gorrockjb@time.com,Female,France,1996/11/11
697,Zara,Longmire,zlongmirejc@lulu.com,Female,Denmark,1968/07/05
698,Kathie,Wicklin,kwicklinjd@infoseek.co.jp,Genderqueer,Indonesia,1957/08/03
699,Loni,Echelle,lechelleje@google.ru,Female,China,1999/07/04
700,Gloriane,Phateplace,gphateplacejf@telegraph.co.uk,Female,Indonesia,1976/12/23
701,Lutero,Fellowes,lfellowesjg@wired.com,Male,Portugal,1999/06/19
702,Clayborne,Favill,cfavilljh@t.co,Male,Portugal,1983/12/26
703,Kin,Checkley,kcheckleyji@imageshack.us,Male,China,1961/03/12
704,Ruy,Wille,rwillejj@multiply.com,Male,United States,1992/01/07
705,Ange,Thrift,athriftjk@slashdot.org,Male,Vietnam,1956/06/18
706,Joyous,Veregan,jvereganjl@people.com.cn,Female,Brazil,1971/04/27
707,Dorey,Grushin,dgrushinjm@miibeian.gov.cn,Male,Thailand,1998/05/07
708,Modestine,Cottu,mcottujn@intel.com,Female,Sweden,1953/09/20
709,Milo,Scallon,mscallonjo@1und1.de,Male,Brazil,1975/11/10
710,Corey,Creelman,ccreelmanjp@uiuc.edu,Male,China,1990/08/06
711,Joya,Durand,jdurandjq@tripadvisor.com,Female,Peru,1982/04/22
712,Waylen,MacLeese,wmacleesejr@slideshare.net,Agender,Indonesia,1996/03/29
713,Bartram,Willgoose,bwillgoosejs@bandcamp.com,Male,Portugal,1968/04/08
714,Magda,Crookes,mcrookesjt@telegraph.co.uk,Female,Poland,1979/07/25
715,Damara,Mathison,dmathisonju@uol.com.br,Female,Ukraine,1995/02/16
716,Elaina,Sikora,esikorajv@ebay.com,Female,China,1978/01/03
717,Darby,Lazenby,dlazenbyjw@virginia.edu,Female,Philippines,1992/01/23
718,Alvina,Sanbroke,asanbrokejx@archive.org,Female,United States,1964/04/04
719,Weber,Storrah,wstorrahjy@chron.com,Male,Ukraine,1998/12/04
720,Cross,Aberdeen,caberdeenjz@europa.eu,Male,Pakistan,1975/08/11
721,Bruno,Michiel,bmichielk0@shinystat.com,Male,China,1960/04/19
722,Valaria,Whitechurch,vwhitechurchk1@soundcloud.com,Polygender,Japan,1993/06/10
723,Aeriel,McCorley,amccorleyk2@quantcast.com,Agender,Iran,2000/04/24
724,Miguela,Mengue,mmenguek3@fotki.com,Female,Russia,2000/05/15
725,Thacher,Popland,tpoplandk4@youku.com,Male,Belarus,1959/05/07
726,Kaylee,Zambon,kzambonk5@about.com,Female,China,1975/06/09
727,Gareth,Elias,geliask6@mapy.cz,Male,Jordan,1978/10/08
728,Barclay,Keinrat,bkeinratk7@yahoo.co.jp,Male,Thailand,1977/04/19
729,Montgomery,Phillip,mphillipk8@wp.com,Male,Tunisia,1990/09/23
730,Tiffy,Kettow,tkettowk9@chronoengine.com,Female,China,1968/06/21
731,Isidore,Jeannet,ijeannetka@nature.com,Male,Netherlands,1969/07/28
732,Alfy,Phibb,aphibbkb@geocities.jp,Male,China,1957/02/13
733,Gabey,Chilton,gchiltonkc@freewebs.com,Non-binary,Indonesia,1975/10/10
734,Hyacinth,Robardey,hrobardeykd@examiner.com,Female,Mexico,1966/01/19
735,Ardelis,Decourcy,adecourcyke@princeton.edu,Female,South Africa,1962/09/26
736,Willi,Copcote,wcopcotekf@oracle.com,Male,Russia,1990/11/13
737,Guntar,Greir,ggreirkg@chron.com,Male,China,1957/05/10
738,Cati,Zecchinelli,czecchinellikh@dell.com,Female,Ireland,1966/03/07
739,Prudence,Carah,pcarahki@tuttocitta.it,Polygender,Indonesia,1956/02/02
740,Alexis,Tribbeck,atribbeckkj@blogs.com,Female,France,1967/04/20
741,Merrili,Scopyn,mscopynkk@paginegialle.it,Female,Bolivia,1991/09/29
742,Devan,Stiffkins,dstiffkinskl@apache.org,Female,Albania,1983/06/17
743,Mable,Kleinstern,mkleinsternkm@walmart.com,Female,Iraq,1957/05/15
744,Hartwell,Tidbury,htidburykn@netvibes.com,Male,Pakistan,1980/01/15
745,Garey,Judgkins,gjudgkinsko@reference.com,Male,Cape Verde,1984/03/03
746,Bobine,Hugueville,bhuguevillekp@usa.gov,Female,Nigeria,1984/02/27
747,Leonora,O'Scully,loscullykq@mac.com,Female,Poland,1971/08/23
748,Rozamond,Roobottom,rroobottomkr@gmpg.org,Bigender,China,1979/07/06
749,Emma,Castells,ecastellsks@wikia.com,Female,Democratic Republic of the Congo,1960/09/07
750,Georgeanna,Acheson,gachesonkt@intel.com,Female,Brazil,1971/07/22
751,Arther,Rowter,arowterku@ameblo.jp,Male,Mongolia,1988/10/06
752,Gavan,Lemary,glemarykv@japanpost.jp,Genderfluid,Indonesia,1979/04/27
753,Abbot,Andino,aandinokw@bbb.org,Male,Yemen,1992/01/23
754,Elsi,Phare,epharekx@acquirethisname.com,Female,United States,1980/12/25
755,Celine,Bwy,cbwyky@typepad.com,Female,Norway,1960/11/26
756,Bobby,Berzon,bberzonkz@qq.com,Male,Colombia,1983/10/09
757,Colan,Rosbotham,crosbothaml0@china.com.cn,Male,Brazil,1983/01/18
758,Linn,Chasson,lchassonl1@fastcompany.com,Female,China,1973/04/03
759,Blondell,Kollas,bkollasl2@gov.uk,Female,Canada,1969/09/01
760,Ibbie,Du Fray,idufrayl3@miitbeian.gov.cn,Female,Indonesia,1983/03/31
761,Lenore,Hayesman,lhayesmanl4@seesaa.net,Female,China,1995/08/31
762,Lyon,Felderer,lfeldererl5@ebay.com,Male,Philippines,1998/04/01
763,Livvie,Lentsch,llentschl6@washington.edu,Female,Russia,1998/02/10
764,Elwood,Rothery,erotheryl7@virginia.edu,Male,Portugal,1986/11/06
765,Leigha,Dei,ldeil8@is.gd,Non-binary,China,1991/06/22
766,Cherilynn,Walkingshaw,cwalkingshawl9@trellian.com,Female,China,1994/09/13
767,Reamonn,Bridgstock,rbridgstockla@tumblr.com,Male,Colombia,1963/12/02
768,Morna,Griffithe,mgriffithelb@uiuc.edu,Female,China,2000/01/26
769,Tanny,O'Halleghane,tohalleghanelc@ted.com,Male,Russia,1984/11/19
770,Kristy,Stuckey,kstuckeyld@typepad.com,Female,Brazil,1981/02/22
771,Mirabelle,Styles,mstylesle@theguardian.com,Female,Indonesia,1989/01/05
772,Carroll,Rawes,craweslf@sourceforge.net,Female,China,1983/05/15
773,Camile,Stoeck,cstoecklg@bizjournals.com,Female,Argentina,1952/08/12
774,Justen,Waddilove,jwaddilovelh@geocities.jp,Male,Russia,1953/04/24
775,Cherye,Casaletto,ccasalettoli@gizmodo.com,Female,Russia,1972/02/16
776,Kitty,Banat,kbanatlj@slideshare.net,Female,Ukraine,1981/01/22
777,Orlando,Balint,obalintlk@sitemeter.com,Male,China,1965/04/20
778,Pablo,Huskinson,phuskinsonll@github.io,Male,Kenya,1995/03/05
779,Coop,Aery,caerylm@miitbeian.gov.cn,Male,Russia,1997/11/21
780,Lyell,Gabriel,lgabrielln@51.la,Male,Portugal,1985/01/27
781,Annora,Rosell,aroselllo@dell.com,Female,Kazakhstan,1978/04/07
782,Rube,Potticary,rpotticarylp@noaa.gov,Male,China,1957/04/22
783,Francesca,Yitzhakov,fyitzhakovlq@admin.ch,Female,Honduras,1999/11/16
784,Marge,Farrent,mfarrentlr@cdbaby.com,Female,Philippines,1981/11/11
785,Catlee,Peltzer,cpeltzerls@flavors.me,Female,Peru,1985/04/06
786,Corey,Giraudat,cgiraudatlt@nymag.com,Bigender,Honduras,1993/09/10
787,Tadeas,Gambie,tgambielu@xrea.com,Male,Sweden,1965/03/26
788,Adelina,Bussens,abussenslv@abc.net.au,Female,France,1991/01/27
789,Travis,Sacaze,tsacazelw@furl.net,Male,Poland,1999/10/08
790,Kiri,Robuchon,krobuchonlx@eventbrite.com,Female,Russia,1990/09/10
791,Tisha,Shoveller,tshovellerly@fotki.com,Genderfluid,China,1983/08/21
792,Harrison,Sparway,hsparwaylz@clickbank.net,Male,Brazil,1999/11/03
793,Giraud,Woolhouse,gwoolhousem0@blogspot.com,Male,Indonesia,1979/03/06
794,Cicely,Mellish,cmellishm1@cmu.edu,Genderfluid,Colombia,1983/11/06
795,Marji,Gatman,mgatmanm2@time.com,Female,Brazil,1955/10/03
796,Leo,Joselevitz,ljoselevitzm3@fotki.com,Male,Serbia,1974/06/23
797,Daniel,Millwall,dmillwallm4@shareasale.com,Male,Brazil,1990/02/26
798,Wells,Segot,wsegotm5@businesswire.com,Genderqueer,Thailand,1987/01/13
799,Dynah,Kynvin,dkynvinm6@miibeian.gov.cn,Bigender,China,1996/06/18
800,Mata,Bichard,mbichardm7@ycombinator.com,Male,Brazil,1976/02/05
801,Massimo,Kasher,mkasherm8@pinterest.com,Male,Russia,1983/12/03
802,Marley,Springate,mspringatem9@webeden.co.uk,Female,Indonesia,2000/10/26
803,Abbott,Scarlan,ascarlanma@github.com,Male,Indonesia,1977/01/22
804,Wade,Cornock,wcornockmb@tmall.com,Male,Czech Republic,1985/08/26
805,Lamont,Meneo,lmeneomc@mit.edu,Male,Poland,1988/10/27
806,Emanuel,Anniwell,eanniwellmd@1und1.de,Genderfluid,China,1997/12/05
807,Billy,Chatell,bchatellme@quantcast.com,Female,Poland,1992/04/02
808,Adelaide,Goatman,agoatmanmf@godaddy.com,Female,Philippines,1989/08/23
809,Riva,Braidford,rbraidfordmg@dedecms.com,Female,Germany,1964/11/15
810,Shane,Figures,sfiguresmh@infoseek.co.jp,Female,China,1966/06/05
811,Basil,Anfonsi,banfonsimi@senate.gov,Male,Indonesia,1986/11/17
812,Flem,Harder,fhardermj@phoca.cz,Male,China,1980/06/24
813,Kameko,Eatherton,keathertonmk@ca.gov,Agender,Indonesia,1956/04/15
814,Magdaia,O'Corrane,mocorraneml@vk.com,Female,Uruguay,1999/02/07
815,Lindi,Leathard,lleathardmm@weather.com,Female,Czech Republic,1991/08/12
816,Elvina,McReath,emcreathmn@mtv.com,Female,Afghanistan,1956/12/31
817,Kaitlin,Cleynman,kcleynmanmo@dmoz.org,Female,China,1981/11/04
818,Edna,Treen,etreenmp@netlog.com,Female,United States,1965/08/23
819,Fianna,Chiommienti,fchiommientimq@qq.com,Polygender,Poland,1974/04/02
820,Sallyanne,Imlock,simlockmr@mapquest.com,Female,Portugal,1962/02/13
821,Findley,Pfaffe,fpfaffems@gov.uk,Bigender,Ukraine,1976/07/28
822,Madel,Moden,mmodenmt@dell.com,Female,Honduras,1982/01/02
823,Michelina,Duchatel,mduchatelmu@discuz.net,Agender,Russia,1975/01/16
824,Cathryn,Semens,csemensmv@behance.net,Female,Morocco,1999/07/07
825,Conney,Doel,cdoelmw@imdb.com,Male,Greece,1960/10/20
826,Haley,Giottoi,hgiottoimx@google.de,Male,China,1973/09/10
827,Lari,Adamczewski,ladamczewskimy@seattletimes.com,Female,Croatia,1952/06/02
828,Etta,Blaszkiewicz,eblaszkiewiczmz@toplist.cz,Female,China,1993/12/31
829,Dominick,Coucher,dcouchern0@hud.gov,Male,Uzbekistan,1963/05/30
830,Nealson,Allsup,nallsupn1@flickr.com,Male,Paraguay,1954/08/29
831,Mamie,Yaxley,myaxleyn2@cargocollective.com,Female,China,1990/06/20
832,Antonie,Blannin,ablanninn3@surveymonkey.com,Genderqueer,China,1983/04/16
833,Maggie,Hesbrook,mhesbrookn4@imdb.com,Female,Brazil,1984/08/06
834,Melvyn,Rustidge,mrustidgen5@people.com.cn,Male,China,1975/02/28
835,Cate,Syphus,csyphusn6@washington.edu,Female,Poland,1989/09/08
836,Rene,Utridge,rutridgen7@nasa.gov,Male,Netherlands,1977/10/17
837,Cristiano,Tett,ctettn8@google.co.jp,Male,Philippines,1960/03/16
838,Hester,Lainge,hlaingen9@photobucket.com,Female,Bangladesh,1980/11/19
839,Jonas,Scholtis,jscholtisna@chicagotribune.com,Male,Palestinian Territory,1965/07/01
840,Mic,Skeels,mskeelsnb@nymag.com,Male,Ukraine,1987/10/18
841,Carmita,Wiggall,cwiggallnc@addthis.com,Female,China,1994/02/09
842,Karrah,Canfield,kcanfieldnd@myspace.com,Female,Belarus,1969/11/25
843,Marlon,Crewdson,mcrewdsonne@chronoengine.com,Male,Venezuela,1977/08/08
844,Alexandro,McKnish,amcknishnf@examiner.com,Male,Syria,1988/07/11
845,Bertram,Forward,bforwardng@moonfruit.com,Male,Indonesia,1980/10/14
846,Eb,Linsey,elinseynh@is.gd,Male,Malawi,1988/04/25
847,Vernen,Greener,vgreenerni@bluehost.com,Male,China,1982/04/17
848,Errol,Manthorpe,emanthorpenj@irs.gov,Male,Indonesia,1990/10/13
849,Jana,Trumper,jtrumpernk@cam.ac.uk,Female,Albania,1999/03/20
850,Andrea,Jiracek,ajiraceknl@quantcast.com,Male,Indonesia,1987/11/14
851,David,Sign,dsignnm@e-recht24.de,Male,China,1983/03/29
852,Gabriella,Olexa,golexann@unicef.org,Female,France,1984/11/24
853,Donetta,Lardge,dlardgeno@list-manage.com,Female,Afghanistan,1959/11/04
854,Marice,Leedes,mleedesnp@edublogs.org,Female,Ivory Coast,1981/04/09
855,Shurlocke,Reimer,sreimernq@51.la,Polygender,Poland,1978/06/27
856,Porter,Huson,phusonnr@homestead.com,Male,Indonesia,2000/02/11
857,Gwyn,Siehard,gsiehardns@goodreads.com,Female,Bhutan,1981/09/19
858,Teodoor,Snodden,tsnoddennt@linkedin.com,Male,Macedonia,1979/07/28
859,Gabriel,Ortas,gortasnu@oaic.gov.au,Male,Russia,2000/09/21
860,Janetta,Druce,jdrucenv@umn.edu,Female,Thailand,1990/11/27
861,Kennett,Golsby,kgolsbynw@phoca.cz,Male,Indonesia,1954/04/19
862,Maddy,Goosnell,mgoosnellnx@tamu.edu,Male,China,1996/10/20
863,Web,McConnel,wmcconnelny@theatlantic.com,Male,China,1968/02/14
864,Eolanda,Shimuk,eshimuknz@canalblog.com,Female,Brazil,1981/09/09
865,Koo,Janku,kjankuo0@umn.edu,Female,Indonesia,1995/05/29
866,Humbert,Adamec,hadameco1@storify.com,Male,Poland,1958/07/31
867,Burl,Lingner,blingnero2@accuweather.com,Male,China,1979/06/03
868,Abramo,Darby,adarbyo3@csmonitor.com,Genderfluid,China,1989/02/03
869,Valene,Fominov,vfominovo4@odnoklassniki.ru,Female,Poland,1976/08/16
870,Cristi,Meikle,cmeikleo5@qq.com,Female,South Korea,1964/09/21
871,Natale,Wansbury,nwansburyo6@google.fr,Bigender,China,1999/12/09
872,Delphine,Attree,dattreeo7@istockphoto.com,Female,Cameroon,1955/12/03
873,Benjamen,Kuban,bkubano8@exblog.jp,Agender,Russia,1978/10/18
874,Eveline,Banbridge,ebanbridgeo9@businessinsider.com,Female,China,1959/11/01
875,Pauline,Daulby,pdaulbyoa@hatena.ne.jp,Female,Lithuania,1994/08/24
876,Shae,Knowler,sknowlerob@who.int,Male,Mongolia,1960/05/16
877,Tito,Brattan,tbrattanoc@forbes.com,Male,China,1980/05/10
878,Guillaume,Eakley,geakleyod@reference.com,Male,Belarus,1957/10/05
879,Sibbie,Mayne,smayneoe@dmoz.org,Agender,Canada,1994/02/26
880,Cointon,Scading,cscadingof@skype.com,Male,Portugal,1994/07/26
881,Melany,Esilmon,mesilmonog@hubpages.com,Female,Indonesia,1999/10/06
882,Flss,Mc Comb,fmccomboh@princeton.edu,Female,Nigeria,2000/09/26
883,Ivie,Showte,ishowteoi@taobao.com,Agender,Philippines,1997/10/14
884,Gauthier,Dalgliesh,gdalglieshoj@sfgate.com,Male,Portugal,1971/10/20
885,Gerri,Scrooby,gscroobyok@sciencedaily.com,Female,Norway,1987/04/20
886,Mallorie,Elsmere,melsmereol@dmoz.org,Female,Argentina,1971/03/02
887,Waverley,Warrillow,wwarrillowom@canalblog.com,Male,Peru,1983/12/08
888,Ferrel,Spridgen,fspridgenon@sciencedaily.com,Male,Portugal,1997/03/23
889,Agace,Lynd,alyndoo@home.pl,Female,Brazil,1987/08/11
890,Shawna,Oldale,soldaleop@wix.com,Female,Poland,1974/11/30
891,Saudra,Pratty,sprattyoq@dropbox.com,Female,Portugal,1963/05/14
892,Fanchon,Wylie,fwylieor@diigo.com,Female,Portugal,1967/10/24
893,Jsandye,Geraldez,jgeraldezos@eventbrite.com,Female,Russia,1989/11/26
894,Raymond,Giannazzi,rgiannazziot@wired.com,Male,Netherlands,1957/06/30
895,Denyse,Shewon,dshewonou@mac.com,Female,Peru,2000/02/20
896,Georgina,Faithorn,gfaithornov@slashdot.org,Female,Indonesia,1985/04/21
897,Suzanna,Fawks,sfawksow@myspace.com,Polygender,China,1961/12/01
898,Verge,Winstanley,vwinstanleyox@house.gov,Polygender,China,1982/01/18
899,Cathryn,Haddington,chaddingtonoy@cisco.com,Female,China,1966/02/14
900,Ursuline,Cardwell,ucardwelloz@mayoclinic.com,Female,Albania,1994/02/16
901,Melvin,Bannard,mbannardp0@columbia.edu,Male,Russia,1977/01/22
902,Rogerio,Manuaud,rmanuaudp1@opera.com,Male,Zambia,1964/09/19
903,Car,Callendar,ccallendarp2@admin.ch,Male,China,1976/11/01
904,Ulises,Detoc,udetocp3@newyorker.com,Male,Portugal,1974/12/30
905,Archambault,Windrum,awindrump4@cbslocal.com,Male,Japan,1991/03/11
906,Perri,Smeaton,psmeatonp5@unc.edu,Female,Portugal,1954/07/13
907,Murvyn,Hampstead,mhampsteadp6@cornell.edu,Male,Indonesia,1997/02/19
908,Basia,Pellett,bpellettp7@hubpages.com,Female,China,1985/04/21
909,Kirstyn,Drowsfield,kdrowsfieldp8@walmart.com,Female,Philippines,1965/04/01
910,Darice,Philippson,dphilippsonp9@elpais.com,Female,Japan,1976/04/13
911,Chryste,Treleaven,ctreleavenpa@ibm.com,Female,Serbia,1975/11/15
912,Morlee,Abbatini,mabbatinipb@youtu.be,Male,United States,1961/04/25
913,Celia,Golding,cgoldingpc@state.tx.us,Female,Poland,1998/04/04
914,Dina,Harberer,dharbererpd@163.com,Female,Czech Republic,1990/03/04
915,Keary,de Keep,kdekeeppe@springer.com,Male,China,1963/01/02
916,Aubrey,Jopling,ajoplingpf@dell.com,Male,Bulgaria,1954/02/07
917,Ginnie,Reinisch,greinischpg@wiley.com,Genderqueer,Brazil,1994/09/18
918,Terrel,Yare,tyareph@creativecommons.org,Male,Poland,1980/10/24
919,Daron,Gallier,dgallierpi@admin.ch,Male,Tanzania,1988/01/17
920,Barris,Penzer,bpenzerpj@tumblr.com,Male,China,1990/08/15
921,Beulah,Rowlings,browlingspk@simplemachines.org,Female,Russia,1957/03/15
922,Cecilio,Brown,cbrownpl@webnode.com,Agender,Malaysia,1960/09/13
923,Alasteir,Bahde,abahdepm@cnn.com,Male,Sweden,1985/12/09
924,Wright,de Clercq,wdeclercqpn@youtube.com,Male,China,1960/12/26
925,Zora,Chestney,zchestneypo@statcounter.com,Female,Vietnam,1952/04/16
926,Brnaby,Tyce,btycepp@sohu.com,Male,Portugal,1960/09/16
927,Rolfe,Dowry,rdowrypq@yandex.ru,Male,Thailand,1976/09/08
928,Vanna,Stairmond,vstairmondpr@tinyurl.com,Female,Philippines,1973/06/16
929,Sansone,Clohissy,sclohissyps@typepad.com,Male,China,1977/09/11
930,Brandi,Scoble,bscoblept@symantec.com,Female,Russia,1985/08/23
931,Silvain,Marple,smarplepu@webmd.com,Male,Turkmenistan,1992/09/15
932,Arlen,Fust,afustpv@fastcompany.com,Male,Syria,1972/04/07
933,Erik,Brightling,ebrightlingpw@github.com,Male,Mexico,1993/02/14
934,Frasier,Bennetts,fbennettspx@furl.net,Genderqueer,Philippines,1958/12/25
935,Rafe,Rushbrook,rrushbrookpy@simplemachines.org,Male,Portugal,1962/05/31
936,Kippar,Nevet,knevetpz@economist.com,Male,Indonesia,1965/06/21
937,Suzanne,Aldgate,saldgateq0@infoseek.co.jp,Female,Paraguay,1973/09/13
938,Dante,Impey,dimpeyq1@yellowbook.com,Male,Tanzania,1994/02/12
939,Raimundo,Dicty,rdictyq2@4shared.com,Genderfluid,Iraq,1961/09/19
940,Mercedes,Corse,mcorseq3@hao123.com,Female,Portugal,1987/08/31
941,Ban,Kordas,bkordasq4@nydailynews.com,Male,Sweden,1965/01/29
942,Asher,Rioch,ariochq5@sun.com,Male,Philippines,1991/09/29
943,Jordan,Fenech,jfenechq6@typepad.com,Female,Ghana,1978/05/01
944,Shermy,Gheorghescu,sgheorghescuq7@canalblog.com,Male,Indonesia,1977/03/18
945,Judye,Zannotti,jzannottiq8@bing.com,Genderfluid,Indonesia,1976/02/23
946,Algernon,Shapland,ashaplandq9@hexun.com,Male,South Korea,1962/02/22
947,Alejandrina,Emmins,aemminsqa@google.co.uk,Female,Poland,1964/06/27
948,Germana,Blazejewski,gblazejewskiqb@tripadvisor.com,Female,China,1954/08/04
949,Blaire,Rickerd,brickerdqc@examiner.com,Female,Senegal,1982/04/16
950,Charmane,Points,cpointsqd@nih.gov,Female,Poland,1984/10/23
951,Fancy,Le Brom,flebromqe@zimbio.com,Female,Thailand,1955/09/20
952,Candis,Gingles,cginglesqf@elegantthemes.com,Female,China,1979/06/23
953,Jamesy,Rollins,jrollinsqg@google.ca,Male,United States,1999/09/19
954,Doloritas,Stubbings,dstubbingsqh@illinois.edu,Female,China,1978/08/02
955,Gib,Nettleship,gnettleshipqi@eventbrite.com,Male,Indonesia,2000/04/13
956,Riannon,Clery,rcleryqj@statcounter.com,Female,China,1959/08/11
957,Cathe,Twidle,ctwidleqk@amazon.co.jp,Female,Germany,1989/06/27
958,Jayne,Shivell,jshivellql@last.fm,Female,China,1963/01/05
959,Nikita,Mainstone,nmainstoneqm@discuz.net,Male,Russia,1952/10/08
960,Briano,Butcher,bbutcherqn@mapquest.com,Polygender,Argentina,1970/06/27
961,Maryjane,Leeder,mleederqo@ocn.ne.jp,Female,China,1975/02/24
962,Orelee,Ondrusek,oondrusekqp@statcounter.com,Female,Belarus,1988/10/24
963,Ricki,Challicombe,rchallicombeqq@deviantart.com,Non-binary,China,1978/11/09
964,Leora,Camilleri,lcamilleriqr@paypal.com,Female,Russia,2000/05/30
965,Bernardine,Richel,brichelqs@indiatimes.com,Female,Costa Rica,1971/12/20
966,Eloise,Burborough,eburboroughqt@4shared.com,Female,Egypt,1962/07/21
967,Lari,Waldron,lwaldronqu@usatoday.com,Female,Indonesia,1965/08/29
968,Emmie,Frangello,efrangelloqv@macromedia.com,Female,Indonesia,1980/06/18
969,Blair,Hamley,bhamleyqw@timesonline.co.uk,Male,Poland,1950/11/12
970,Dell,Brik,dbrikqx@ameblo.jp,Male,China,1984/03/14
971,Lutero,Ast,lastqy@icq.com,Male,Sint Maarten,1998/11/24
972,Dex,Ferreri,dferreriqz@naver.com,Male,China,1993/08/17
973,Adlai,Simonetto,asimonettor0@geocities.jp,Male,Cuba,1958/01/02
974,Gayelord,Price,gpricer1@unblog.fr,Male,Indonesia,1952/12/08
975,Rouvin,Petrulis,rpetrulisr2@aol.com,Male,United States,1982/06/26
976,Webb,Melburg,wmelburgr3@answers.com,Male,Portugal,1951/07/28
977,Phelia,Brideaux,pbrideauxr4@parallels.com,Female,Argentina,1993/01/01
978,Kizzee,Habbema,khabbemar5@google.com.hk,Female,Indonesia,1953/08/01
979,Rosemaria,Janiak,rjaniakr6@miibeian.gov.cn,Female,China,1963/07/29
980,Louisa,Bradfield,lbradfieldr7@google.co.jp,Female,Aruba,1968/07/29
981,Sharline,Rhucroft,srhucroftr8@java.com,Female,Greece,1951/09/19
982,Kirstyn,Gabites,kgabitesr9@abc.net.au,Female,Ukraine,1990/12/24
983,Camala,Borg,cborgra@ed.gov,Female,Albania,1968/03/30
984,Claiborn,Puttan,cputtanrb@slashdot.org,Male,Russia,1961/07/14
985,Jody,Teasell,jteasellrc@google.com.br,Male,Ukraine,1979/09/01
986,Daron,Van de Castele,dvandecastelerd@mapquest.com,Female,Sudan,1967/07/07
987,Andrej,Doy,adoyre@prweb.com,Male,Brazil,1981/12/10
988,Linzy,Lazar,llazarrf@guardian.co.uk,Non-binary,Brazil,1967/06/09
989,Caz,Loude,clouderg@prnewswire.com,Male,Canada,1995/01/20
990,Aylmer,Iffland,aifflandrh@symantec.com,Genderqueer,Syria,1960/04/20
991,Nettle,Guppy,nguppyri@delicious.com,Female,Russia,1956/01/30
992,Isabel,Maylam,imaylamrj@live.com,Female,Ireland,1983/10/22
993,Correy,Gledhill,cgledhillrk@geocities.com,Male,Philippines,1995/02/05
994,Almira,Duffin,aduffinrl@jiathis.com,Female,Russia,1954/10/16
995,Russ,Espinay,respinayrm@netvibes.com,Male,Pakistan,1972/09/23
996,Krishnah,Twiddy,ktwiddyrn@bandcamp.com,Male,Argentina,1962/06/27
997,Rahel,Hachard,rhachardro@bigcartel.com,Female,Philippines,1984/10/31
998,Baron,Panter,bpanterrp@google.ru,Male,Bolivia,1959/10/22
999,Dallis,Beams,dbeamsrq@admin.ch,Male,China,1979/08/03
1000,Rodina,Kagan,rkaganrr@amazon.com,Female,Malaysia,1990/09/26
