id,first_name,last_name,email,gender,country,birthday
1,Sioux,Marczyk,smarczyk0@auda.org.au,Genderfluid,Czech Republic,1973/06/22
2,Wallie,Sidney,wsidney1@wikispaces.com,Male,Indonesia,1988/09/14
3,Daffy,Donnachie,ddonnachie2@1688.com,Female,China,1978/08/24
4,Perry,Franzini,pfranzini3@discuz.net,Male,France,1965/07/01
5,Roy,Swynley,rswynley4@booking.com,Male,Burundi,1966/01/20
6,Roze,Lackmann,rlackmann5@ask.com,Female,Kazakhstan,1971/03/14
7,Barb,Anfonsi,banfonsi6@nba.com,Bigender,Indonesia,1959/06/21
8,Orazio,Khalid,okhalid7@angelfire.com,Male,Brazil,1995/09/08
9,Ardelis,Ninnotti,aninnotti8@addtoany.com,Female,Russia,1957/12/03
10,Bank,McKinless,bmckinless9@nydailynews.com,Male,Poland,1972/12/30
11,Kippy,Liley,klileya@1und1.de,Female,China,1964/10/15
12,Gris,Isted,gistedb@sakura.ne.jp,Male,Colombia,1994/06/27
13,Gray,Bullard,gbullardc@alexa.com,Male,Israel,1968/03/08
14,Bax,Tebbs,btebbsd@cargocollective.com,Polygender,China,1966/03/09
15,Antonino,Everall,aeveralle@diigo.com,Male,Indonesia,1969/05/04
16,Clifford,Ricco,criccof@odnoklassniki.ru,Male,China,1981/12/22
17,Locke,Edgeson,ledgesong@istockphoto.com,Male,Russia,1963/06/11
18,Kath,Ollcott,kollcotth@bbb.org,Female,China,1961/02/15
19,Lora,Yerill,lyerilli@cdbaby.com,Female,Poland,1987/11/21
20,Margi,Guiel,mguielj@soundcloud.com,Female,Finland,1996/04/28
21,Vasili,Cowie,vcowiek@thetimes.co.uk,Male,France,1995/11/13
22,Averell,Wernher,awernherl@home.pl,Male,Mexico,1965/02/14
23,Granthem,Mowday,gmowdaym@com.com,Male,Croatia,1974/11/29
24,Melissa,Fuge,mfugen@gravatar.com,Female,France,1997/05/26
25,Ludwig,Goncaves,lgoncaveso@bluehost.com,Male,United States,1965/09/21
26,Imojean,Rodrigues,irodriguesp@squidoo.com,Female,China,1998/08/01
27,Griz,Havoc,ghavocq@bloomberg.com,Male,Chad,1967/05/10
28,Jo ann,Treble,jtrebler@cornell.edu,Female,Malaysia,1963/09/20
29,Brenda,Lippatt,blippatts@slashdot.org,Female,Russia,1980/03/12
30,Parker,Sirrell,psirrellt@parallels.com,Male,Czech Republic,1979/11/03
31,Finn,Ernshaw,fernshawu@ted.com,Male,China,1968/02/05
32,Julius,Desporte,jdesportev@free.fr,Male,China,1982/06/03
33,Nathaniel,Minthorpe,nminthorpew@epa.gov,Male,China,1960/01/11
34,Roxi,Newlands,rnewlandsx@about.com,Female,Peru,1998/09/04
35,Malachi,Reven,mreveny@geocities.com,Male,France,1995/07/02
36,Lacee,Szymanek,lszymanekz@free.fr,Female,Haiti,1975/11/04
37,Bevan,Francillo,bfrancillo10@theatlantic.com,Male,Argentina,1969/04/14
38,Amalee,Blanchflower,ablanchflower11@uol.com.br,Female,China,1957/05/31
39,Shanan,Rookesby,srookesby12@mail.ru,Male,New Zealand,1998/02/07
40,Sharleen,Milborn,smilborn13@bigcartel.com,Female,China,1959/07/05
41,Bucky,Moxley,bmoxley14@oakley.com,Male,Philippines,1966/05/12
42,Aleksandr,Eadon,aeadon15@alibaba.com,Male,Mongolia,1964/02/21
43,Silvie,Trattles,strattles16@ebay.co.uk,Female,Philippines,1967/04/02
44,Eldridge,Martin,emartin17@squidoo.com,Male,China,1963/08/13
45,Constantin,Mutlow,cmutlow18@bandcamp.com,Male,France,1964/02/05
46,Diandra,Springthorp,dspringthorp19@webs.com,Female,Nigeria,1958/10/28
47,Morgun,O'Mullally,momullally1a@goo.ne.jp,Male,Russia,1962/08/05
48,Noe,Senton,nsenton1b@sciencedaily.com,Male,Madagascar,1985/05/06
49,Fiann,Dibley,fdibley1c@trellian.com,Female,Philippines,1954/02/06
50,Maynard,Turpin,mturpin1d@xing.com,Male,Greece,1980/01/31
51,Ulrica,Fendley,ufendley1e@walmart.com,Non-binary,Estonia,1990/12/20
52,Marlene,Strick,mstrick1f@shareasale.com,Female,Indonesia,1970/10/13
53,Mirabel,Anelay,manelay1g@freewebs.com,Female,France,1956/11/23
54,Falkner,Cossins,fcossins1h@scribd.com,Male,Indonesia,1986/12/15
55,Domini,Jaumet,djaumet1i@cnn.com,Female,Indonesia,1963/07/19
56,Shelly,Shackell,sshackell1j@wisc.edu,Bigender,Portugal,1959/05/06
57,Eugen,Maryin,emaryin1k@example.com,Male,Sweden,1978/12/13
58,Parry,Holleworth,pholleworth1l@house.gov,Male,France,1972/08/29
59,Allie,Dy,ady1m@zdnet.com,Female,China,1986/02/17
60,Darsie,Longwood,dlongwood1n@boston.com,Female,Croatia,1976/06/24
61,Piotr,Chessell,pchessell1o@europa.eu,Male,Chile,1965/12/16
62,Mayor,De Vaan,mdevaan1p@vimeo.com,Male,Russia,1952/09/12
63,Reagan,Szymonowicz,rszymonowicz1q@fastcompany.com,Male,Indonesia,1950/11/06
64,Karel,Wiffill,kwiffill1r@businessinsider.com,Female,France,1997/09/13
65,Anson,Cattach,acattach1s@bbc.co.uk,Male,Canada,1968/08/29
66,Alonso,Vasilevich,avasilevich1t@dmoz.org,Male,Philippines,1968/08/10
67,Ruthie,Alcott,ralcott1u@themeforest.net,Female,Czech Republic,1975/05/31
68,Nicholas,Peddowe,npeddowe1v@oaic.gov.au,Male,China,1993/05/22
69,Guntar,Dillestone,gdillestone1w@wikispaces.com,Male,China,1983/08/01
70,Lesley,Kippax,lkippax1x@e-recht24.de,Female,Tanzania,1965/10/25
71,Claudio,Loudwell,cloudwell1y@goo.gl,Male,Indonesia,1988/09/02
72,Lisetta,Norker,lnorker1z@unblog.fr,Female,China,1985/12/18
73,Moritz,Gimeno,mgimeno20@linkedin.com,Male,China,1971/11/02
74,Baily,Weinmann,bweinmann21@biglobe.ne.jp,Male,Namibia,1954/03/13
75,Doe,Bilovsky,dbilovsky22@wired.com,Bigender,Peru,1966/08/31
76,Moe,Demaid,mdemaid23@biblegateway.com,Male,France,1964/06/29
77,Sibelle,Lortz,slortz24@reuters.com,Female,Sri Lanka,1964/05/13
78,Dave,Dreossi,ddreossi25@youku.com,Male,Uganda,1952/09/22
79,Thedrick,Pavic,tpavic26@list-manage.com,Male,China,1980/05/06
80,Rockie,Halbeard,rhalbeard27@npr.org,Male,Syria,1975/03/10
81,Kalindi,Scrange,kscrange28@economist.com,Female,China,1990/07/04
82,Ann,Storek,astorek29@cnbc.com,Female,South Korea,1977/07/03
83,Corrinne,Grissett,cgrissett2a@studiopress.com,Female,Israel,1990/11/23
84,Baryram,Halston,bhalston2b@technorati.com,Male,Philippines,1994/02/19
85,Brina,Pischel,bpischel2c@photobucket.com,Female,Armenia,1977/03/27
86,Kirstyn,Cristol,kcristol2d@furl.net,Female,China,1978/12/29
87,Daniela,Hearley,dhearley2e@hp.com,Female,Portugal,1966/12/09
88,Amii,Jaimez,ajaimez2f@paginegialle.it,Female,Brazil,2000/02/20
89,Vern,Hounsham,vhounsham2g@stumbleupon.com,Male,China,1963/02/18
90,Kelley,Robinson,krobinson2h@yandex.ru,Female,China,1988/08/12
91,Kilian,Oxtarby,koxtarby2i@51.la,Male,Canada,1964/08/31
92,Nikolia,Spickett,nspickett2j@unc.edu,Female,Indonesia,1955/12/10
93,Veda,Danieli,vdanieli2k@flavors.me,Female,Colombia,1979/03/22
94,Pearle,Telega,ptelega2l@blogs.com,Female,Russia,1956/04/18
95,Noll,Kingscote,nkingscote2m@jimdo.com,Male,Argentina,1971/08/09
96,Matias,Urlin,murlin2n@noaa.gov,Male,Russia,1978/03/26
97,Zorana,Haszard,zhaszard2o@state.gov,Female,Vietnam,1999/09/13
98,Hedwig,Glendining,hglendining2p@people.com.cn,Female,Afghanistan,1952/03/01
99,Giulia,Hanley,ghanley2q@webeden.co.uk,Female,Japan,1985/01/12
100,Kai,Chishull,kchishull2r@elegantthemes.com,Agender,Costa Rica,1954/01/08
101,Ferd,Trulock,ftrulock2s@hhs.gov,Male,Russia,1988/02/05
102,Jule,MacBey,jmacbey2t@japanpost.jp,Male,Indonesia,1994/03/20
103,Nicola,Flicker,nflicker2u@arstechnica.com,Male,Indonesia,2000/03/15
104,Penn,Sayers,psayers2v@squidoo.com,Male,Indonesia,1979/08/31
105,Myrle,Fishly,mfishly2w@cbslocal.com,Female,China,1964/11/14
106,Oberon,Feedome,ofeedome2x@hc360.com,Male,China,1965/08/07
107,Raimundo,Gorey,rgorey2y@alexa.com,Male,China,1969/04/02
108,Rhetta,Sweeting,rsweeting2z@jalbum.net,Polygender,Poland,1987/09/28
109,Celeste,Thridgould,cthridgould30@list-manage.com,Female,China,1997/10/24
110,Maia,Sisneros,msisneros31@mail.ru,Female,Morocco,1988/08/23
111,Wesley,Crannage,wcrannage32@meetup.com,Male,China,1975/12/28
112,Ramonda,Craine,rcraine33@yahoo.co.jp,Female,China,1986/03/22
113,Artemas,Magner,amagner34@infoseek.co.jp,Male,China,1973/02/04
114,Benedick,Volet,bvolet35@wix.com,Male,South Africa,1981/02/24
115,Ryley,Seivwright,rseivwright36@marriott.com,Bigender,China,1998/09/03
116,Panchito,Duckerin,pduckerin37@tripod.com,Male,Syria,1986/01/31
117,Quintana,Nowaczyk,qnowaczyk38@cdbaby.com,Female,Sweden,1968/03/19
118,Reinaldo,Windas,rwindas39@twitpic.com,Male,Brazil,1975/06/22
119,Cathee,Towe,ctowe3a@uiuc.edu,Female,Greece,1968/09/11
120,Emlyn,Hallatt,ehallatt3b@histats.com,Male,Thailand,1992/12/02
121,Davita,Lincey,dlincey3c@jalbum.net,Female,China,1978/06/27
122,Ava,Parres,aparres3d@cdbaby.com,Female,Costa Rica,1962/11/25
123,Caralie,Dyment,cdyment3e@ask.com,Female,China,1986/01/30
124,Barbie,Squire,bsquire3f@webs.com,Female,Sweden,1981/04/23
125,Hillery,Eaglen,heaglen3g@ustream.tv,Non-binary,Brazil,1968/01/21
126,Nathalie,Morehall,nmorehall3h@berkeley.edu,Female,Poland,1983/05/15
127,Ina,Dinneges,idinneges3i@bbb.org,Female,Brazil,1991/10/06
128,Stearne,Winspare,swinspare3j@lycos.com,Male,Philippines,1974/08/06
129,Anne-corinne,Stuckow,astuckow3k@census.gov,Female,Colombia,1995/12/21
130,Brice,Brotheridge,bbrotheridge3l@un.org,Genderfluid,China,1974/03/29
131,Maison,Riehm,mriehm3m@so-net.ne.jp,Male,Indonesia,1953/04/27
132,Hammad,McKennan,hmckennan3n@sogou.com,Male,Bulgaria,1993/01/21
133,Barnaby,Abbott,babbott3o@elpais.com,Male,Argentina,1976/11/12
134,Trixy,Capp,tcapp3p@skyrock.com,Female,Estonia,1951/01/23
135,Reinwald,Blaes,rblaes3q@marriott.com,Male,Pakistan,1984/01/01
136,Michale,Bote,mbote3r@geocities.jp,Male,Russia,1958/02/01
137,Garnet,Catterill,gcatterill3s@shop-pro.jp,Female,Brazil,1963/07/18
138,Danie,Reubens,dreubens3t@pbs.org,Genderqueer,Brazil,1979/03/16
139,Claudell,Tesseyman,ctesseyman3u@vkontakte.ru,Male,Afghanistan,1971/07/14
140,Dill,Shearmur,dshearmur3v@gov.uk,Male,Peru,1964/09/28
141,Saraann,Pennicott,spennicott3w@princeton.edu,Female,Russia,1960/02/17
142,Abdel,Harmon,aharmon3x@domainmarket.com,Male,Syria,1956/02/09
143,Mervin,Phillpotts,mphillpotts3y@google.es,Male,Indonesia,1998/11/26
144,Ramonda,Lapides,rlapides3z@pinterest.com,Female,Brazil,1978/05/28
145,Garrot,Januszkiewicz,gjanuszkiewicz40@ftc.gov,Male,Russia,1963/06/09
146,Perri,Hanhart,phanhart41@cornell.edu,Female,Indonesia,1997/10/13
147,Brittney,Boundey,bboundey42@miibeian.gov.cn,Female,Thailand,1992/11/26
148,Jason,Sisse,jsisse43@blog.com,Male,Russia,1999/08/16
149,Bonnee,Macenzy,bmacenzy44@prlog.org,Female,China,1995/01/10
150,Tedra,Itzkovich,titzkovich45@time.com,Female,Portugal,1954/09/19
151,Darius,Ransbury,dransbury46@wunderground.com,Male,China,1980/07/24
152,Angie,Schonfeld,aschonfeld47@w3.org,Male,Pakistan,1951/03/18
153,Iggy,Kelwaybamber,ikelwaybamber48@columbia.edu,Male,Portugal,1989/06/20
154,Tobiah,Chominski,tchominski49@merriam-webster.com,Male,China,1972/12/24
155,Allyn,Spalding,aspalding4a@kickstarter.com,Male,Mexico,1996/05/25
156,Tamara,Dinsale,tdinsale4b@upenn.edu,Female,Indonesia,1988/11/28
157,Laurent,Logesdale,llogesdale4c@go.com,Male,Portugal,1981/04/04
158,Vicki,Whetson,vwhetson4d@hatena.ne.jp,Female,Japan,1963/09/15
159,Layne,Genner,lgenner4e@shop-pro.jp,Female,Poland,1967/02/13
160,Ruth,Propper,rpropper4f@networksolutions.com,Female,Bulgaria,1951/02/28
161,Iseabal,Seston,iseston4g@over-blog.com,Female,Czech Republic,1982/12/11
162,Matteo,Wickes,mwickes4h@nature.com,Male,China,1961/04/29
163,Allix,Vasyushkhin,avasyushkhin4i@comsenz.com,Female,China,1995/04/24
164,Benedict,Longbothom,blongbothom4j@edublogs.org,Male,China,1997/12/03
165,Cindelyn,Skule,cskule4k@infoseek.co.jp,Female,Portugal,1994/06/27
166,Aluino,Nutbean,anutbean4l@tinypic.com,Male,Indonesia,1982/12/26
167,Birgit,Priddis,bpriddis4m@nydailynews.com,Female,Russia,1971/11/25
168,Elli,Broughton,ebroughton4n@naver.com,Female,Sri Lanka,1992/04/29
169,Jacquie,Monshall,jmonshall4o@wordpress.org,Female,Tajikistan,1983/10/16
170,Kliment,Lawley,klawley4p@tinyurl.com,Male,Brazil,1965/08/20
171,Ilse,Stoodale,istoodale4q@sakura.ne.jp,Female,China,1971/08/30
172,Kirby,Lygo,klygo4r@canalblog.com,Female,Russia,1957/06/17
173,Alli,Rozet,arozet4s@omniture.com,Female,Ukraine,1982/09/24
174,Christyna,Mansuer,cmansuer4t@bigcartel.com,Female,Sweden,1985/09/06
175,Jeffy,Levene,jlevene4u@cnet.com,Male,Brazil,1971/06/25
176,Darill,Shreeves,dshreeves4v@yelp.com,Male,Portugal,1955/12/05
177,Amie,Cosgreave,acosgreave4w@ox.ac.uk,Female,Palestinian Territory,2000/09/10
178,Berget,Donnison,bdonnison4x@devhub.com,Female,China,1981/12/07
179,Brandy,Winks,bwinks4y@ebay.com,Male,China,1977/02/17
180,Calida,Hallen,challen4z@ocn.ne.jp,Female,Macedonia,1982/08/18
181,Vinita,Line,vline50@fda.gov,Female,Ukraine,1971/04/04
182,Perry,Jacobovitch,pjacobovitch51@chronoengine.com,Male,China,1975/08/13
183,Auberon,De Blasi,adeblasi52@is.gd,Male,Indonesia,1990/10/24
184,Thebault,Dufton,tdufton53@irs.gov,Male,Philippines,1971/09/21
185,Spenser,Carles,scarles54@archive.org,Male,China,1993/09/16
186,Shellysheldon,Rendbaek,srendbaek55@i2i.jp,Male,Colombia,1952/09/03
187,Micky,Tiddy,mtiddy56@howstuffworks.com,Non-binary,Brazil,1970/02/28
188,Kiele,Fearick,kfearick57@discuz.net,Female,Philippines,1952/07/25
189,Aubry,Oliffe,aoliffe58@washington.edu,Agender,Indonesia,1977/03/23
190,Artus,Wheelhouse,awheelhouse59@cbslocal.com,Male,Afghanistan,1960/01/10
191,Jeramey,Kemshell,jkemshell5a@icio.us,Male,China,1953/12/24
192,Arnuad,Cazalet,acazalet5b@epa.gov,Bigender,Thailand,1994/06/18
193,Clarie,Vogele,cvogele5c@blogtalkradio.com,Female,Mongolia,1961/12/31
194,Lothario,Vasic,lvasic5d@hugedomains.com,Male,Philippines,1994/08/22
195,Sibbie,Walkley,swalkley5e@wikimedia.org,Polygender,Czech Republic,1984/08/10
196,Augy,Channon,achannon5f@typepad.com,Male,United States,1960/01/24
197,Anneliese,Jellis,ajellis5g@wikimedia.org,Female,China,1982/09/14
198,Diarmid,Westwood,dwestwood5h@umich.edu,Male,Colombia,1955/07/01
199,Jammal,Risebrow,jrisebrow5i@mayoclinic.com,Male,Indonesia,1982/06/04
200,Willy,Lambourne,wlambourne5j@themeforest.net,Male,Ukraine,1996/10/11
201,Nertie,Neeve,nneeve5k@engadget.com,Female,Indonesia,1994/06/11
202,Uta,Courtenay,ucourtenay5l@marketwatch.com,Female,Puerto Rico,1974/06/15
203,Kamilah,Dudenie,kdudenie5m@howstuffworks.com,Female,Czech Republic,1950/11/07
204,Bethina,Ragot,bragot5n@purevolume.com,Female,Brazil,1969/09/01
205,Pincus,Heymann,pheymann5o@behance.net,Male,Ivory Coast,1991/11/10
206,Blair,Eagland,beagland5p@creativecommons.org,Male,China,1999/10/22
207,Inge,Houseman,ihouseman5q@cdc.gov,Female,Russia,1966/07/15
208,Saba,Gowthrop,sgowthrop5r@moonfruit.com,Female,Japan,1983/01/13
209,Obediah,Mowatt,omowatt5s@networksolutions.com,Male,Sweden,1968/09/11
210,Dallis,Faires,dfaires5t@spotify.com,Male,Russia,1981/04/18
211,Venus,Parlot,vparlot5u@prlog.org,Female,Japan,1987/05/14
212,Lavena,Antonich,lantonich5v@cisco.com,Female,Poland,1953/11/03
213,Marcia,Mordan,mmordan5w@themeforest.net,Female,China,1978/07/01
214,Brandyn,Jursch,bjursch5x@bizjournals.com,Male,Philippines,1988/07/17
215,Aldwin,Hannah,ahannah5y@tiny.cc,Male,Indonesia,1960/03/06
216,Lindy,Leehane,lleehane5z@live.com,Male,Indonesia,1968/05/14
217,Kathryne,Quinnelly,kquinnelly60@auda.org.au,Female,Indonesia,1958/07/21
218,Davis,Debrick,ddebrick61@bbb.org,Male,Belarus,1975/04/10
219,Chandler,Meynell,cmeynell62@comsenz.com,Male,South Africa,1994/05/04
220,Jory,Abrashkov,jabrashkov63@paypal.com,Male,Philippines,1966/07/02
221,Dunstan,Reckus,dreckus64@epa.gov,Male,Poland,1974/07/28
222,Bernette,Treagus,btreagus65@reddit.com,Female,China,1970/07/14
223,Kaylil,Grundle,kgrundle66@blogs.com,Female,Guatemala,1964/06/16
224,Wheeler,McNamara,wmcnamara67@live.com,Male,China,1981/09/15
225,Frans,Kornacki,fkornacki68@yolasite.com,Male,Russia,1957/04/01
226,Dwain,Mizzi,dmizzi69@ted.com,Male,Brazil,1959/08/28
227,Jeremiah,Bernardinelli,jbernardinelli6a@istockphoto.com,Male,Russia,1989/09/19
228,Willamina,Waistall,wwaistall6b@histats.com,Female,Sweden,1992/05/30
229,Dino,Johns,djohns6c@prnewswire.com,Male,Philippines,1994/10/15
230,Teodoor,Claricoates,tclaricoates6d@nationalgeographic.com,Male,Norway,1965/12/30
231,Kathleen,Camelia,kcamelia6e@desdev.cn,Female,China,1953/11/09
232,Ewart,Bottomore,ebottomore6f@constantcontact.com,Male,Indonesia,1974/02/22
233,Aeriell,Whate,awhate6g@51.la,Female,China,1980/06/07
234,Saxon,Hauck,shauck6h@wiley.com,Male,Honduras,1986/07/01
235,Shawna,De Beauchemp,sdebeauchemp6i@newyorker.com,Female,Ukraine,1980/05/03
236,Sapphire,Triggle,striggle6j@parallels.com,Female,Greece,1980/03/07
237,Paule,Cantrill,pcantrill6k@globo.com,Female,China,1974/11/08
238,Aubry,Collibear,acollibear6l@ted.com,Female,Peru,1967/03/13
239,Raphael,Geraldo,rgeraldo6m@netvibes.com,Male,Portugal,1956/01/16
240,Jo,Tyre,jtyre6n@unesco.org,Female,Indonesia,1973/10/28
241,Bibbye,Casier,bcasier6o@fc2.com,Female,China,1994/03/18
242,Euell,Ellam,eellam6p@scribd.com,Male,China,1992/10/17
243,Farrand,Iacovolo,fiacovolo6q@boston.com,Female,Afghanistan,1970/08/27
244,Kariotta,Dawbery,kdawbery6r@hostgator.com,Female,Thailand,1993/08/11
245,Annabelle,O'Dwyer,aodwyer6s@wiley.com,Female,Canada,1962/03/03
246,Baldwin,Dreus,bdreus6t@epa.gov,Genderqueer,Finland,1971/08/02
247,Rena,Choke,rchoke6u@biglobe.ne.jp,Female,Netherlands,1980/04/26
248,Valera,Oldaker,voldaker6v@thetimes.co.uk,Female,Canada,1968/07/30
249,Ursa,Lukock,ulukock6w@ibm.com,Bigender,China,1993/12/21
250,Otes,Jacobssen,ojacobssen6x@vimeo.com,Male,China,1991/06/22
251,Rich,Beviss,rbeviss6y@feedburner.com,Male,Bulgaria,1981/01/26
252,Ida,Balma,ibalma6z@canalblog.com,Female,Indonesia,1956/01/05
253,Sephira,Jewsbury,sjewsbury70@meetup.com,Agender,Greece,1958/12/30
254,Shannon,Drakers,sdrakers71@shutterfly.com,Non-binary,China,1981/09/08
255,Sheena,Gullan,sgullan72@php.net,Genderqueer,Indonesia,1996/09/26
256,Lindon,Baynom,lbaynom73@123-reg.co.uk,Male,Ukraine,1974/09/09
257,Emmott,Milington,emilington74@mediafire.com,Male,China,1972/09/17
258,Hector,Dellatorre,hdellatorre75@census.gov,Male,Nicaragua,1964/08/16
259,Shalne,Beahan,sbeahan76@geocities.com,Female,Czech Republic,1968/11/21
260,Chancey,Shevlin,cshevlin77@trellian.com,Male,Poland,1986/08/07
261,Alanson,Maberley,amaberley78@bloglines.com,Male,Argentina,1961/01/03
262,Levi,Mora,lmora79@tamu.edu,Male,Sri Lanka,1986/09/01
263,Emilie,Dow,edow7a@github.io,Female,Honduras,1963/04/14
264,Zulema,Demicoli,zdemicoli7b@thetimes.co.uk,Female,Mexico,1971/11/07
265,Dalis,Grishin,dgrishin7c@ftc.gov,Male,Malaysia,1951/01/05
266,Gamaliel,Thamelt,gthamelt7d@cyberchimps.com,Male,Sweden,1985/02/01
267,Hill,Bourne,hbourne7e@toplist.cz,Male,Indonesia,1962/12/09
268,Crystal,Paulack,cpaulack7f@cbslocal.com,Female,Czech Republic,1955/05/13
269,Jessamine,McVity,jmcvity7g@clickbank.net,Polygender,Nigeria,1968/06/22
270,Graehme,Musto,gmusto7h@tuttocitta.it,Male,Portugal,1994/11/08
271,Mina,Pacher,mpacher7i@blogger.com,Female,Portugal,1989/06/14
272,Durante,Machin,dmachin7j@wired.com,Male,China,1966/10/01
273,Leonid,Tocqueville,ltocqueville7k@yale.edu,Male,Finland,1997/02/02
274,Symon,Garrick,sgarrick7l@chronoengine.com,Agender,Hungary,1978/10/11
275,Quintin,Ambrosoni,qambrosoni7m@berkeley.edu,Male,Greece,1964/08/05
276,Jervis,Hurle,jhurle7n@ucla.edu,Male,Indonesia,1993/03/30
277,Ella,Moulton,emoulton7o@skyrock.com,Female,Indonesia,1980/05/22
278,Myrta,Haggeth,mhaggeth7p@latimes.com,Female,Tunisia,1997/11/23
279,Hodge,Vaughan-Hughes,hvaughanhughes7q@cpanel.net,Polygender,France,1969/11/08
280,Celia,Jorger,cjorger7r@opera.com,Female,Dominican Republic,1980/11/14
281,Lionello,Mansour,lmansour7s@squarespace.com,Male,China,1976/12/24
282,Celestyn,Aspinal,caspinal7t@wordpress.com,Female,Russia,1978/11/18
283,Tabby,Pimerick,tpimerick7u@macromedia.com,Female,Uzbekistan,1990/07/28
284,Waring,Hellin,whellin7v@1und1.de,Male,Canada,1994/05/13
285,Morly,Rookes,mrookes7w@ftc.gov,Male,China,1974/05/24
286,Lonni,Oldland,loldland7x@diigo.com,Female,Philippines,1950/11/12
287,Maire,Elmhirst,melmhirst7y@netlog.com,Female,Costa Rica,1998/04/22
288,Ario,Mahady,amahady7z@theglobeandmail.com,Male,Canada,1956/10/25
289,Cory,Hoyland,choyland80@shutterfly.com,Male,Lithuania,1971/12/03
290,Barbabas,Shankland,bshankland81@gizmodo.com,Bigender,Netherlands,1995/07/27
291,Margarete,Wasielewicz,mwasielewicz82@google.com.hk,Female,North Korea,1991/05/26
292,Lulita,Mughal,lmughal83@plala.or.jp,Female,China,1992/10/04
293,Clarine,Feavers,cfeavers84@home.pl,Female,China,1964/07/05
294,Florencia,Buckel,fbuckel85@wikia.com,Polygender,South Africa,1998/02/12
295,Lise,Easen,leasen86@ovh.net,Female,Armenia,1998/02/08
296,Alexei,Goldston,agoldston87@ustream.tv,Polygender,China,1976/04/30
297,Tova,Martell,tmartell88@phoca.cz,Female,Argentina,1981/08/14
298,Brien,Inworth,binworth89@ocn.ne.jp,Male,Indonesia,1980/07/23
299,Yardley,Eyden,yeyden8a@ucsd.edu,Genderfluid,Ukraine,1961/08/18
300,Tallie,Purrier,tpurrier8b@mtv.com,Male,China,1966/12/11
301,Vachel,Fann,vfann8c@nyu.edu,Agender,Argentina,1976/02/08
302,Bernie,Thompstone,bthompstone8d@networkadvertising.org,Female,Uruguay,1974/04/13
303,Gloriana,Partlett,gpartlett8e@wp.com,Female,China,1960/01/19
304,Trstram,Stitle,tstitle8f@spiegel.de,Male,United States,1975/08/10
305,Lars,Hickford,lhickford8g@vistaprint.com,Male,Finland,1994/05/02
306,Farlee,Heinonen,fheinonen8h@icq.com,Male,China,1956/08/06
307,Norrie,Splevins,nsplevins8i@boston.com,Genderqueer,China,1985/07/08
308,Conrade,Spillett,cspillett8j@acquirethisname.com,Male,China,1974/11/28
309,Sol,Grason,sgrason8k@free.fr,Male,Ukraine,1968/01/14
310,Tedie,Kerford,tkerford8l@goo.gl,Male,Argentina,1957/12/10
311,Marys,Pulford,mpulford8m@pagesperso-orange.fr,Bigender,Tanzania,1980/05/31
312,Elvis,Whiteley,ewhiteley8n@webs.com,Male,Philippines,1956/07/09
313,D'arcy,Ogles,dogles8o@qq.com,Male,China,1960/04/30
314,Pearce,Killick,pkillick8p@dmoz.org,Male,Mexico,1978/11/30
315,Waly,Crean,wcrean8q@businessinsider.com,Female,Poland,1975/10/20
316,Dolley,Nesey,dnesey8r@hibu.com,Female,North Korea,1967/08/29
317,Hal,McIlrath,hmcilrath8s@meetup.com,Male,France,1970/06/01
318,Augusto,Cleveley,acleveley8t@forbes.com,Male,Somalia,1968/11/03
319,Cece,Scipsey,cscipsey8u@github.io,Male,Russia,1974/09/15
320,Karalee,Hawthorne,khawthorne8v@seattletimes.com,Female,Indonesia,1970/03/21
321,Gregory,Brazil,gbrazil8w@angelfire.com,Male,Norway,1970/12/15
322,Rollo,Ryles,rryles8x@disqus.com,Male,Bahrain,1971/07/20
323,Camel,Elsbury,celsbury8y@goodreads.com,Female,Kazakhstan,1966/12/09
324,Ynez,O'Cosgra,yocosgra8z@icq.com,Female,Peru,1957/02/22
325,Dan,Bohike,dbohike90@yale.edu,Male,China,1979/01/01
326,Gene,Ingles,gingles91@aol.com,Male,Bosnia and Herzegovina,1977/02/24
327,Cinderella,Witherington,cwitherington92@mail.ru,Female,Mozambique,1987/12/24
328,Adriaens,Rooney,arooney93@china.com.cn,Female,Russia,1974/03/24
329,Patton,Huglin,phuglin94@newyorker.com,Male,Bangladesh,1967/03/21
330,Saba,Evens,sevens95@ocn.ne.jp,Female,China,1957/04/02
331,Friederike,Maycock,fmaycock96@oracle.com,Female,Peru,1960/03/03
332,Judah,Doulton,jdoulton97@xinhuanet.com,Male,Colombia,1954/02/11
333,Sargent,Forrington,sforrington98@homestead.com,Male,Sweden,1953/05/15
334,Rivy,Buckmaster,rbuckmaster99@is.gd,Female,Sweden,1984/08/28
335,Antoine,Chazerand,achazerand9a@rambler.ru,Male,Poland,1974/03/30
336,Port,Passey,ppassey9b@earthlink.net,Male,Afghanistan,1983/10/29
337,Gabriel,Gladyer,ggladyer9c@comcast.net,Female,China,1951/02/05
338,Allyn,Ipplett,aipplett9d@imgur.com,Male,Finland,1999/06/10
339,Nani,Tynewell,ntynewell9e@google.ca,Female,Czech Republic,1991/06/10
340,Gretna,Sexcey,gsexcey9f@salon.com,Genderfluid,Portugal,1976/01/31
341,Irving,Caunt,icaunt9g@tripadvisor.com,Male,Portugal,1993/12/09
342,Amy,Cruddas,acruddas9h@infoseek.co.jp,Female,Philippines,1970/05/05
343,Hinze,Barrett,hbarrett9i@hp.com,Male,Palestinian Territory,1993/09/15
344,Barbey,Ladell,bladell9j@google.pl,Female,Japan,1972/10/20
345,Byrom,Slater,bslater9k@creativecommons.org,Male,China,1964/12/15
346,Ad,Brookes,abrookes9l@uiuc.edu,Male,Saudi Arabia,1998/05/27
347,Celestyn,Kryzhov,ckryzhov9m@vimeo.com,Female,Iran,1978/06/18
348,Annissa,Eckart,aeckart9n@surveymonkey.com,Female,France,1969/12/29
349,Elladine,Vanini,evanini9o@shutterfly.com,Female,Sweden,1980/03/16
350,Brady,Russon,brusson9p@ed.gov,Male,Philippines,1975/09/17
351,Jay,McKinney,jmckinney9q@pcworld.com,Genderfluid,China,1960/05/01
352,Gloria,Sharrard,gsharrard9r@mac.com,Female,Indonesia,1961/12/02
353,Olenolin,Shurey,oshurey9s@ftc.gov,Male,South Korea,1980/12/15
354,Erna,Dellow,edellow9t@gov.uk,Female,Canada,1972/02/28
355,Malissa,Brown,mbrown9u@scribd.com,Female,Kenya,1996/08/20
356,Kylie,Deedes,kdeedes9v@weather.com,Female,China,1991/10/12
357,Ransom,Beste,rbeste9w@ifeng.com,Male,South Korea,1958/10/22
358,Ashia,Tewkesberrie,atewkesberrie9x@businessweek.com,Female,Russia,1972/06/05
359,Edouard,Warman,ewarman9y@issuu.com,Non-binary,Norway,2000/09/23
360,Fabian,Nellies,fnellies9z@rediff.com,Male,Philippines,1973/05/03
361,Bride,Olle,bollea0@trellian.com,Female,Philippines,1979/11/30
362,Jerrie,Cordelette,jcordelettea1@vinaora.com,Female,Nigeria,1983/03/11
363,Nathanial,Bucktharp,nbucktharpa2@bbc.co.uk,Male,Yemen,1991/11/28
364,Tan,Newbegin,tnewbegina3@businessweek.com,Male,Honduras,1957/07/25
365,Pablo,Hanks,phanksa4@java.com,Male,China,1958/01/20
366,Mannie,Winscomb,mwinscomba5@usatoday.com,Male,Brazil,1965/05/28
367,Kori,Congdon,kcongdona6@example.com,Female,Brazil,1965/08/15
368,Hubey,Camerati,hcameratia7@tamu.edu,Male,Indonesia,1990/07/28
369,Godfree,Peckham,gpeckhama8@photobucket.com,Male,China,1967/06/21
370,Roldan,Tourot,rtourota9@vk.com,Male,Philippines,1994/05/26
371,Jemimah,Chipperfield,jchipperfieldaa@eventbrite.com,Female,Portugal,1981/07/26
372,Llywellyn,Niesegen,lniesegenab@twitpic.com,Male,China,1993/01/23
373,Luce,Creavin,lcreavinac@dropbox.com,Male,Greece,1964/08/23
374,Tanitansy,Cominoli,tcominoliad@yolasite.com,Female,France,1963/04/05
375,Luke,Bingell,lbingellae@ca.gov,Male,Thailand,1992/03/18
376,Shanda,Fairbank,sfairbankaf@jigsy.com,Female,Syria,1980/09/01
377,Steffen,Ivantsov,sivantsovag@wix.com,Male,China,1952/11/18
378,Marty,Pymm,mpymmah@businesswire.com,Female,Greece,1985/03/01
379,Christi,Pittem,cpittemai@wikipedia.org,Female,Mauritius,1969/06/06
380,Theo,Hynson,thynsonaj@xing.com,Male,Pakistan,1981/04/15
381,Tova,Coulman,tcoulmanak@soup.io,Female,Ukraine,1966/02/13
382,Raleigh,Behr,rbehral@squidoo.com,Male,North Korea,1969/05/20
383,Herbert,Burrus,hburrusam@google.com.au,Male,Latvia,1971/10/26
384,Maynord,Dowzell,mdowzellan@rambler.ru,Non-binary,Indonesia,1967/07/04
385,Blanch,Hablet,bhabletao@hibu.com,Female,Croatia,1965/02/24
386,Maryjane,Anand,manandap@sourceforge.net,Female,Russia,1996/08/20
387,Aldo,Lammie,alammieaq@tmall.com,Male,France,1961/07/29
388,Brianna,Lorrimer,blorrimerar@devhub.com,Female,Thailand,1999/11/26
389,Silvana,Humpage,shumpageas@answers.com,Genderfluid,Argentina,1997/07/23
390,Carmelia,Canas,ccanasat@irs.gov,Non-binary,Indonesia,1984/11/22
391,Rebekkah,Heighway,rheighwayau@msu.edu,Female,Colombia,1955/02/26
392,Eamon,Bortolini,ebortoliniav@spiegel.de,Genderfluid,Japan,1953/06/29
393,Dinah,Skerm,dskermaw@fotki.com,Female,Indonesia,1982/08/17
394,Sim,Gress,sgressax@angelfire.com,Genderqueer,Russia,1987/05/23
395,Shelley,Clewarth,sclewarthay@mapy.cz,Female,Philippines,1964/05/02
396,Earle,Southeran,esoutheranaz@timesonline.co.uk,Male,Indonesia,1999/08/10
397,Rickert,Geffen,rgeffenb0@drupal.org,Male,China,1955/10/01
398,Arel,Isacke,aisackeb1@springer.com,Male,China,1994/08/07
399,Franzen,Thorald,fthoraldb2@globo.com,Male,Czech Republic,1972/08/28
400,Prisca,Lambden,plambdenb3@github.com,Female,Portugal,1987/09/03
401,Christoph,O'Cahsedy,cocahsedyb4@fastcompany.com,Male,Germany,1965/04/26
402,Brade,MacSween,bmacsweenb5@harvard.edu,Male,China,1971/05/19
403,Lynda,Collough,lcolloughb6@huffingtonpost.com,Female,Philippines,1964/07/23
404,Alisha,Romme,arommeb7@liveinternet.ru,Female,Jamaica,1967/06/18
405,Shandra,Ryce,sryceb8@github.io,Female,Ukraine,1956/10/27
406,Tremain,Lanktree,tlanktreeb9@google.com.au,Male,Indonesia,1959/01/16
407,Oralee,Glaum,oglaumba@wunderground.com,Female,Indonesia,1974/09/29
408,Joanna,O' Culligan,joculliganbb@macromedia.com,Female,Indonesia,1990/03/28
409,Cort,Wardrope,cwardropebc@nature.com,Male,Paraguay,1965/10/12
410,Tammie,Pridden,tpriddenbd@narod.ru,Female,United Kingdom,1972/10/01
411,Judah,Barltrop,jbarltropbe@ustream.tv,Male,China,1955/06/27
412,Gerri,Dalliston,gdallistonbf@ucoz.ru,Female,Colombia,1999/01/11
413,Hillary,Berkelay,hberkelaybg@bloomberg.com,Female,China,1960/11/15
414,Arv,Rawlinson,arawlinsonbh@wordpress.com,Male,China,1983/07/16
415,Chiquia,Eliaz,celiazbi@linkedin.com,Female,Japan,1951/07/15
416,Meredithe,Nicholes,mnicholesbj@gnu.org,Female,Norway,1999/11/08
417,Constantina,Lansdowne,clansdownebk@merriam-webster.com,Female,Gambia,1975/10/23
418,Marketa,Cringle,mcringlebl@cocolog-nifty.com,Non-binary,Indonesia,1986/05/04
419,Enrica,Highway,ehighwaybm@abc.net.au,Female,Venezuela,1964/12/08
420,Blane,Raffeorty,braffeortybn@delicious.com,Male,China,1975/05/27
421,Baldwin,Aggs,baggsbo@tmall.com,Male,Indonesia,1998/06/22
422,Ned,Aplin,naplinbp@nasa.gov,Male,Brazil,1997/03/26
423,Clio,Boxill,cboxillbq@auda.org.au,Bigender,Indonesia,1982/02/03
424,Saunderson,Sackler,ssacklerbr@princeton.edu,Male,Croatia,1974/10/04
425,Mickie,Vigors,mvigorsbs@walmart.com,Male,South Africa,1994/05/05
426,Georges,Jori,gjoribt@webs.com,Male,Slovenia,1961/06/25
427,Aloin,Cadigan,acadiganbu@123-reg.co.uk,Male,China,1977/11/18
428,Korrie,Boughey,kbougheybv@netlog.com,Female,Brazil,1988/07/08
429,Bertrando,Rozec,brozecbw@tripadvisor.com,Male,China,1956/04/20
430,Thaddeus,Bisiker,tbisikerbx@usgs.gov,Male,Czech Republic,1959/03/11
431,Hanson,Everex,heverexby@bigcartel.com,Male,Greece,1960/04/16
432,Ron,Pettwood,rpettwoodbz@artisteer.com,Male,Ivory Coast,1953/11/26
433,Ola,Shippam,oshippamc0@example.com,Female,Colombia,1979/01/02
434,Leonardo,Benyon,lbenyonc1@yelp.com,Male,Indonesia,1958/12/25
435,Anestassia,Pescod,apescodc2@economist.com,Female,Indonesia,1994/04/27
436,Harlie,Giacoppoli,hgiacoppolic3@joomla.org,Female,Indonesia,1961/05/11
437,Chrissie,Westby,cwestbyc4@illinois.edu,Male,Brazil,1958/02/08
438,Rowan,Rubinowitsch,rrubinowitschc5@elpais.com,Male,Portugal,1969/02/10
439,Carena,Stanford,cstanfordc6@ted.com,Female,China,1985/04/28
440,Nari,Benoix,nbenoixc7@cbsnews.com,Female,Russia,1956/10/02
441,Land,Edgson,ledgsonc8@businesswire.com,Male,Russia,1967/12/05
442,Devan,Rudledge,drudledgec9@google.nl,Female,Philippines,1977/10/30
443,Willem,Dikes,wdikesca@epa.gov,Male,Serbia,1988/05/18
444,Sibeal,Biernacki,sbiernackicb@vistaprint.com,Female,Indonesia,1950/12/24
445,Sherman,Teanby,steanbycc@sakura.ne.jp,Male,China,1988/05/03
446,Ernest,Record,erecordcd@goo.ne.jp,Agender,Mexico,1974/06/14
447,Coralie,Stuckley,cstuckleyce@wufoo.com,Female,Nigeria,1989/04/08
448,Cornelia,Mularkey,cmularkeycf@google.nl,Female,Malaysia,1996/09/02
449,Don,Indge,dindgecg@telegraph.co.uk,Male,Brazil,1968/02/04
450,Abie,Johannesson,ajohannessonch@elegantthemes.com,Non-binary,Indonesia,1953/05/15
451,Rhoda,Chart,rchartci@pcworld.com,Agender,Serbia,1954/01/22
452,Gasper,Baynard,gbaynardcj@reverbnation.com,Male,Brazil,1972/06/27
453,Gertrud,Spinello,gspinellock@sfgate.com,Female,Russia,1960/12/06
454,Leopold,Durand,ldurandcl@columbia.edu,Genderfluid,France,1960/05/06
455,Ugo,Reveley,ureveleycm@cdc.gov,Male,Portugal,1965/12/18
456,Corrie,Semeradova,csemeradovacn@tuttocitta.it,Non-binary,Finland,1998/05/03
457,Mildrid,Cardenoso,mcardenosoco@ihg.com,Female,Brazil,1981/08/16
458,Ellie,Joska,ejoskacp@bbb.org,Female,Mexico,1960/12/15
459,Vernen,Bodycote,vbodycotecq@cnbc.com,Non-binary,China,1980/09/13
460,Peggi,Patton,ppattoncr@oracle.com,Female,Russia,1979/01/10
461,Johnna,Farnsworth,jfarnsworthcs@a8.net,Female,Indonesia,2000/04/07
462,Isadore,Donaway,idonawayct@cmu.edu,Bigender,Colombia,1984/08/07
463,Adrianne,O'Hannen,aohannencu@123-reg.co.uk,Non-binary,France,1996/07/04
464,Gunther,MacInerney,gmacinerneycv@squarespace.com,Male,China,1965/01/08
465,Sigfried,Hagan,shagancw@w3.org,Male,Russia,1996/11/28
466,Danila,Trinkwon,dtrinkwoncx@ning.com,Female,Russia,1990/12/31
467,Kariotta,McFaul,kmcfaulcy@merriam-webster.com,Female,China,1987/08/10
468,Morley,Rockwell,mrockwellcz@comsenz.com,Male,China,1986/08/07
469,Palm,Rosenhaupt,prosenhauptd0@usnews.com,Male,Serbia,1969/01/09
470,Dode,Edgcumbe,dedgcumbed1@vimeo.com,Female,Russia,1958/10/26
471,Lamar,Wickey,lwickeyd2@issuu.com,Male,Ukraine,1974/04/18
472,Jasun,Holdron,jholdrond3@wikia.com,Male,Philippines,1977/11/12
473,Carolus,Pavese,cpavesed4@hao123.com,Male,Colombia,1971/07/01
474,Emilia,Gonsalvez,egonsalvezd5@mozilla.org,Female,Spain,1983/03/16
475,Livvy,Kalisz,lkaliszd6@networksolutions.com,Female,Chile,1965/06/20
476,Margarete,Rillett,mrillettd7@fema.gov,Female,Afghanistan,1956/05/03
477,Rolland,Borkin,rborkind8@rambler.ru,Male,Peru,1984/04/29
478,Maurita,Carnall,mcarnalld9@huffingtonpost.com,Female,Argentina,1990/01/29
479,Violette,Coveny,vcovenyda@bigcartel.com,Genderfluid,China,1982/02/25
480,Rawley,Rosson,rrossondb@cornell.edu,Male,Russia,1986/07/01
481,Karla,Mc Andrew,kmcandrewdc@ustream.tv,Genderfluid,China,1984/03/23
482,Nessy,Eagger,neaggerdd@mozilla.com,Female,Philippines,1996/04/09
483,Skelly,Craggs,scraggsde@exblog.jp,Male,France,1991/10/16
484,Annabal,Gellert,agellertdf@imdb.com,Female,Philippines,1999/06/17
485,Yuma,Meak,ymeakdg@purevolume.com,Male,Finland,1996/09/30
486,Flem,Chang,fchangdh@plala.or.jp,Bigender,Ukraine,1956/11/02
487,Moselle,Stern,msterndi@dailymotion.com,Female,Japan,1962/05/10
488,Malachi,McPeice,mmcpeicedj@twitpic.com,Male,Kyrgyzstan,1964/03/10
489,Lydon,Domb,ldombdk@dedecms.com,Agender,China,1957/12/10
490,Eugene,Anstice,eansticedl@simplemachines.org,Polygender,Pakistan,1998/07/30
491,Dian,Mardlin,dmardlindm@networksolutions.com,Female,Egypt,1960/11/17
492,Becky,Peach,bpeachdn@stanford.edu,Female,Serbia,1977/08/10
493,Astra,Dmitrovic,admitrovicdo@blogtalkradio.com,Female,China,1951/01/31
494,Cindy,McRobert,cmcrobertdp@wikia.com,Female,Indonesia,1998/03/10
495,Cale,Gamlyn,cgamlyndq@google.fr,Male,Spain,1977/06/11
496,Brew,Hayto,bhaytodr@fotki.com,Male,China,1954/09/07
497,Karoly,Courtney,kcourtneyds@youtube.com,Male,China,2000/10/12
498,Ced,Duffil,cduffildt@flickr.com,Male,Indonesia,1998/03/04
499,Charmine,Fillis,cfillisdu@hatena.ne.jp,Female,China,1998/06/10
500,Constantin,Edworthie,cedworthiedv@last.fm,Non-binary,Poland,1983/10/11
501,Thea,Thirtle,tthirtledw@hexun.com,Female,Russia,1979/07/14
502,Shaw,Vigours,svigoursdx@jimdo.com,Male,Portugal,1955/08/04
503,Christian,Huard,chuarddy@miibeian.gov.cn,Male,United States,1996/05/02
504,Phebe,Tinsley,ptinsleydz@indiatimes.com,Female,Chile,1992/05/11
505,Chrotoem,Poynor,cpoynore0@cdbaby.com,Male,Thailand,1974/05/05
506,Kyle,Baldin,kbaldine1@1und1.de,Male,Portugal,1965/08/31
507,Bruce,Pinkie,bpinkiee2@quantcast.com,Male,Uganda,1997/01/27
508,Ileana,Portlock,iportlocke3@uiuc.edu,Female,China,1972/10/11
509,Sherm,Garnsworthy,sgarnsworthye4@aboutads.info,Male,France,1967/05/14
510,Malchy,Pohling,mpohlinge5@unc.edu,Male,China,1965/04/22
511,Duffie,Mallindine,dmallindinee6@indiegogo.com,Male,Peru,1979/01/25
512,Gavin,Olivet,golivete7@state.gov,Genderfluid,China,1994/07/30
513,Krispin,Maides,kmaidese8@ca.gov,Male,Namibia,1973/04/27
514,Ethelda,Cowsby,ecowsbye9@liveinternet.ru,Female,Portugal,1993/07/02
515,Holden,Hyndson,hhyndsonea@barnesandnoble.com,Genderqueer,China,1960/08/23
516,Geri,Heigold,gheigoldeb@archive.org,Male,Ukraine,1991/04/21
517,Lynelle,Meeland,lmeelandec@theglobeandmail.com,Female,Portugal,1974/04/27
518,Mandy,Toffoloni,mtoffolonied@unblog.fr,Female,Colombia,1957/09/05
519,Bearnard,Snowdon,bsnowdonee@home.pl,Male,Albania,1973/12/17
520,Ashlen,Whellans,awhellansef@addthis.com,Female,Guatemala,1954/09/15
521,Gasper,Tupper,gtuppereg@parallels.com,Male,Indonesia,1957/02/09
522,Kimmi,Jeaycock,kjeaycockeh@google.de,Female,Indonesia,1957/04/21
523,Felipa,Coatham,fcoathamei@blogtalkradio.com,Female,Uzbekistan,1957/02/01
524,Waldemar,Keary,wkearyej@reference.com,Male,Philippines,1991/06/20
525,Herby,Goldby,hgoldbyek@com.com,Male,Russia,1963/09/08
526,Jefferey,Hayer,jhayerel@creativecommons.org,Male,Maldives,1966/02/21
527,Fred,Howie,fhowieem@cdbaby.com,Female,China,1953/12/26
528,Aleksandr,Pischel,apischelen@nymag.com,Male,Sweden,1991/05/05
529,Anastasia,Mingame,amingameeo@weebly.com,Female,Ethiopia,1967/07/16
530,Calypso,Tigwell,ctigwellep@goo.gl,Female,Guyana,1954/09/15
531,Dorri,Alekseev,dalekseeveq@ed.gov,Female,Yemen,1987/11/15
532,Stefanie,Scholer,sscholerer@cocolog-nifty.com,Female,Guatemala,1957/04/10
533,Reagen,Skaife d'Ingerthorpe,rskaifedingerthorpees@hubpages.com,Male,Senegal,1964/07/19
534,Edlin,Spadazzi,espadazziet@list-manage.com,Male,France,1953/08/08
535,Micah,Bingle,mbingleeu@topsy.com,Male,Philippines,1977/01/14
536,Budd,Klousner,bklousnerev@uol.com.br,Male,China,1959/05/30
537,Salomone,Ianson,siansonew@topsy.com,Male,China,1970/11/12
538,Lowell,Iban,libanex@yale.edu,Male,Mongolia,1971/05/12
539,Ciro,Knowlman,cknowlmaney@sciencedaily.com,Male,Indonesia,1998/10/14
540,Justus,Vockins,jvockinsez@sohu.com,Male,Argentina,1965/07/31
541,Tierney,Jandak,tjandakf0@msu.edu,Female,Thailand,1993/02/04
542,Margi,Hurdwell,mhurdwellf1@nbcnews.com,Female,Philippines,2000/10/16
543,Modesta,Flement,mflementf2@51.la,Female,France,1952/09/04
544,Garrott,Proschek,gproschekf3@reuters.com,Male,Indonesia,1953/10/16
545,Ansell,Rhymes,arhymesf4@yale.edu,Male,Philippines,1999/12/04
546,Taddeusz,Coryndon,tcoryndonf5@goodreads.com,Male,Slovenia,1956/02/09
547,Petra,Papes,ppapesf6@jimdo.com,Female,Russia,1984/07/22
548,Stafani,Ropp,sroppf7@princeton.edu,Female,United States,1955/02/13
549,Myrilla,Semper,msemperf8@github.io,Female,Venezuela,1960/06/13
550,Gustie,Livard,glivardf9@princeton.edu,Female,Benin,1987/07/29
551,Audra,Leeburne,aleeburnefa@thetimes.co.uk,Female,Kuwait,1964/07/04
552,Willamina,Pinock,wpinockfb@walmart.com,Female,Indonesia,1962/03/24
553,Henderson,Cheverell,hcheverellfc@ustream.tv,Male,Mongolia,1960/10/24
554,Biddy,Neeson,bneesonfd@wikipedia.org,Genderqueer,Somalia,1984/04/14
555,Kale,Pheazey,kpheazeyfe@nydailynews.com,Male,China,1974/09/03
556,Frants,Meriguet,fmeriguetff@statcounter.com,Polygender,Dominican Republic,1993/06/11
557,Amory,Springall,aspringallfg@vkontakte.ru,Male,China,1985/11/22
558,Lydia,Leverette,lleverettefh@reference.com,Female,Vietnam,1977/04/11
559,Grady,Simnor,gsimnorfi@fotki.com,Male,Sweden,1976/12/03
560,Amata,Sambath,asambathfj@smh.com.au,Female,China,1952/09/30
561,Peterus,Moss,pmossfk@abc.net.au,Male,Portugal,1988/10/11
562,Silvester,Parman,sparmanfl@fastcompany.com,Male,Japan,1999/12/16
563,Hilarius,Pettet,hpettetfm@yelp.com,Male,Japan,1987/12/03
564,Artus,Staddom,astaddomfn@ovh.net,Male,Peru,1971/12/23
565,Fulton,Yanele,fyanelefo@typepad.com,Male,United States,1963/05/14
566,Perrine,Treswell,ptreswellfp@psu.edu,Female,United States,1998/10/07
567,Kirby,Willows,kwillowsfq@paypal.com,Female,Nigeria,1999/11/28
568,Gustie,Dunnet,gdunnetfr@netvibes.com,Female,Russia,1988/07/30
569,Eran,Rosenfarb,erosenfarbfs@netvibes.com,Female,Portugal,1996/03/26
570,Cecilia,Millmoe,cmillmoeft@blogspot.com,Female,United States,1970/09/28
571,Bernetta,Skews,bskewsfu@ow.ly,Female,Philippines,1951/10/15
572,Eugenius,Vidgen,evidgenfv@booking.com,Male,Madagascar,1953/01/20
573,Herbie,Le Fleming,hleflemingfw@barnesandnoble.com,Male,Pakistan,1977/12/20
574,Daveen,Evesque,devesquefx@hao123.com,Female,Philippines,1965/03/08
575,Seward,Mewhirter,smewhirterfy@xrea.com,Male,China,1986/03/06
576,Brand,Gravestone,bgravestonefz@chicagotribune.com,Male,Portugal,1962/09/29
577,Oriana,Gorhardt,ogorhardtg0@yahoo.com,Female,United States,1989/10/29
578,Minnnie,Binestead,mbinesteadg1@jigsy.com,Female,Indonesia,1964/11/02
579,Freddy,Outibridge,foutibridgeg2@loc.gov,Female,Philippines,1987/08/17
580,Zaria,Burfitt,zburfittg3@webnode.com,Female,Russia,1984/06/17
581,Natal,O'Feeny,nofeenyg4@europa.eu,Male,Afghanistan,1961/07/15
582,Osmond,Tulloch,otullochg5@youtube.com,Genderqueer,China,1969/10/19
583,Amity,Sayburn,asayburng6@4shared.com,Female,Russia,1963/08/16
584,Meier,Surgener,msurgenerg7@ihg.com,Male,China,1963/03/19
585,Davis,Goldney,dgoldneyg8@cnbc.com,Male,Brazil,1987/01/27
586,Kile,Chettle,kchettleg9@goodreads.com,Male,Sweden,1992/04/11
587,Felice,Fairall,ffairallga@delicious.com,Female,Russia,1997/11/09
588,Joe,Wrathmell,jwrathmellgb@samsung.com,Male,Japan,1971/01/15
589,Evangeline,Mattersley,emattersleygc@yale.edu,Female,China,1995/09/29
590,Rustin,Maddy,rmaddygd@constantcontact.com,Male,Ukraine,1953/10/25
591,Roshelle,Palfreman,rpalfremange@yolasite.com,Female,Nigeria,1971/10/09
592,Jaclin,Martensen,jmartensengf@com.com,Female,Dominican Republic,1961/05/14
593,Lorianna,Epp,leppgg@weebly.com,Female,Philippines,1965/10/17
594,Alwyn,Castellaccio,acastellacciogh@w3.org,Male,Brazil,1957/10/11
595,Bartlett,Turfs,bturfsgi@nifty.com,Male,Brazil,1993/05/26
596,Mikael,Derington,mderingtongj@ted.com,Male,China,1964/01/06
597,Garrett,Jeanin,gjeaningk@bbb.org,Male,Yemen,2000/08/12
598,Cari,Lindop,clindopgl@plala.or.jp,Female,China,1978/09/22
599,Nolana,Lyte,nlytegm@youtu.be,Female,Norway,1979/12/06
600,Vite,Wentworth,vwentworthgn@ucoz.com,Male,Argentina,1957/10/06
601,Tremaine,Blount,tblountgo@blogspot.com,Male,France,1980/07/21
602,Hillyer,Proom,hproomgp@theglobeandmail.com,Male,Greece,1965/07/04
603,Maureene,Capelin,mcapelingq@archive.org,Female,China,1968/06/09
604,Marijn,Elnaugh,melnaughgr@tumblr.com,Male,Guatemala,1994/05/25
605,Aluin,Walczynski,awalczynskigs@github.com,Male,Japan,1956/11/06
606,Annaliese,Opdenort,aopdenortgt@nba.com,Female,Slovenia,1971/11/15
607,Vanna,Dimitresco,vdimitrescogu@craigslist.org,Female,Philippines,1989/02/18
608,Rufe,Pankettman,rpankettmangv@unicef.org,Male,Indonesia,1972/11/27
609,Davida,Slipper,dslippergw@biglobe.ne.jp,Female,China,1992/03/29
610,Morgana,Bonnefin,mbonnefingx@quantcast.com,Female,Indonesia,1998/04/23
611,Lilith,Capoun,lcapoungy@goo.ne.jp,Non-binary,Cuba,1957/12/29
612,Hinze,Messham,hmesshamgz@dagondesign.com,Male,Russia,1955/04/14
613,Bobby,Coulthart,bcoultharth0@hao123.com,Male,China,1996/11/09
614,Vern,Bulloch,vbullochh1@vk.com,Male,Indonesia,1979/07/25
615,Julius,Shopcott,jshopcotth2@oracle.com,Male,Uganda,1980/07/25
616,Nevins,Trank,ntrankh3@nba.com,Male,Colombia,1999/04/09
617,Addi,Muldrew,amuldrewh4@ifeng.com,Female,Indonesia,1978/03/12
618,Francesco,Lavelle,flavelleh5@ycombinator.com,Male,Zimbabwe,1975/06/30
619,Isacco,Mindenhall,imindenhallh6@google.ca,Male,Indonesia,1982/01/14
620,Sheffie,Malt,smalth7@lulu.com,Male,Indonesia,1970/11/10
621,Jocko,Stych,jstychh8@odnoklassniki.ru,Male,Poland,1996/08/01
622,Chick,Easlea,ceasleah9@engadget.com,Male,Russia,1987/09/22
623,Bertrand,Krystof,bkrystofha@engadget.com,Male,China,1968/01/28
624,Freddy,Buckby,fbuckbyhb@feedburner.com,Female,Portugal,1970/02/16
625,Jessica,Ivins,jivinshc@seattletimes.com,Genderfluid,New Zealand,1988/12/24
626,Chadd,Pomphrey,cpomphreyhd@github.com,Bigender,Kenya,1975/07/06
627,Dorri,Fearnley,dfearnleyhe@twitpic.com,Genderqueer,Argentina,1951/11/10
628,Malanie,Tunnock,mtunnockhf@mashable.com,Female,Tanzania,1969/03/10
629,Latrina,Wallenger,lwallengerhg@abc.net.au,Female,Philippines,1980/12/30
630,Tucky,Scotchmor,tscotchmorhh@parallels.com,Male,France,1980/06/12
631,Cordelia,Nand,cnandhi@yahoo.co.jp,Female,China,1984/09/14
632,Meagan,De Malchar,mdemalcharhj@google.ru,Female,United Kingdom,1994/06/06
633,Shandeigh,Ivantsov,sivantsovhk@walmart.com,Female,Cuba,1988/06/19
634,Ingeborg,Lening,ileninghl@rediff.com,Polygender,Russia,1989/07/04
635,Haleigh,Wanden,hwandenhm@nhs.uk,Female,Philippines,1952/11/09
636,Ann,Sumption,asumptionhn@infoseek.co.jp,Female,China,1958/11/23
637,Bryn,Naughton,bnaughtonho@ihg.com,Male,Croatia,1971/01/30
638,Udell,Pinchin,upinchinhp@aboutads.info,Male,China,1953/05/25
639,Stormi,MacKeller,smackellerhq@economist.com,Female,China,1964/05/27
640,Ali,MacEllen,amacellenhr@wikipedia.org,Female,Chile,1969/04/15
641,Gerrie,Chasier,gchasierhs@microsoft.com,Male,Greece,1975/11/27
642,Jolie,Gilpillan,jgilpillanht@craigslist.org,Female,Poland,1962/07/24
643,Guenna,Ruddoch,gruddochhu@technorati.com,Female,Indonesia,1982/01/01
644,Lodovico,Plaschke,lplaschkehv@lulu.com,Genderfluid,China,1994/04/03
645,Minda,Erswell,merswellhw@qq.com,Female,France,1955/11/21
646,Zandra,Girth,zgirthhx@shinystat.com,Female,Latvia,1975/01/31
647,Gretal,Halle,ghallehy@fotki.com,Female,Russia,1957/08/04
648,Oliver,Radke,oradkehz@purevolume.com,Male,Philippines,1958/04/22
649,Caleb,Clubley,cclubleyi0@apache.org,Male,China,1981/11/28
650,Pippy,Skirvin,pskirvini1@sbwire.com,Female,Portugal,1982/11/26
651,Georgie,Rose,grosei2@tuttocitta.it,Male,China,1987/10/23
652,Clare,Ellershaw,cellershawi3@yahoo.com,Female,Guatemala,1958/08/19
653,Laurent,MacConnulty,lmacconnultyi4@51.la,Male,Denmark,1988/01/02
654,Queenie,Allnutt,qallnutti5@scientificamerican.com,Female,Chile,1967/08/07
655,Annemarie,Gallehawk,agallehawki6@gnu.org,Female,Argentina,1999/01/19
656,Haydon,Chat,hchati7@sfgate.com,Male,Togo,1990/10/28
657,Hailey,Byres,hbyresi8@yandex.ru,Male,Philippines,1953/06/23
658,Shina,Abberley,sabberleyi9@apache.org,Female,Thailand,1981/04/12
659,Chaim,Belcham,cbelchamia@disqus.com,Male,China,1994/10/09
660,Giffer,Trenfield,gtrenfieldib@nifty.com,Male,China,1969/12/14
661,Meryl,Fenix,mfenixic@sbwire.com,Female,Guatemala,1981/04/02
662,Hyacinthie,Jerrans,hjerransid@plala.or.jp,Female,China,1996/12/26
663,Grissel,Seefus,gseefusie@cam.ac.uk,Female,Poland,1997/10/10
664,Yurik,Tyrone,ytyroneif@google.co.jp,Male,China,1990/11/30
665,Wendy,Tysall,wtysallig@imdb.com,Female,China,1976/10/09
666,Wallie,Plet,wpletih@stanford.edu,Female,Costa Rica,1989/06/07
667,Aron,Pleavin,apleavinii@t-online.de,Male,Brazil,1994/09/25
668,Brittni,Doyland,bdoylandij@about.com,Female,Brazil,1995/10/09
669,Ike,Lermouth,ilermouthik@spotify.com,Male,Indonesia,1980/10/20
670,Caleb,Alexandersen,calexandersenil@ebay.co.uk,Male,Israel,1976/06/17
671,Mabelle,Capel,mcapelim@vkontakte.ru,Female,Russia,1961/01/22
672,Noellyn,Ivanikhin,nivanikhinin@geocities.com,Female,Russia,1963/12/22
673,Sharon,O'Looney,solooneyio@narod.ru,Female,China,1959/08/11
674,Leodora,Tax,ltaxip@dropbox.com,Female,Ukraine,1961/05/30
675,Erastus,Wakely,ewakelyiq@intel.com,Male,Afghanistan,1953/07/08
676,Gail,Edgar,gedgarir@vimeo.com,Male,China,1985/04/05
677,Erinn,Eul,eeulis@exblog.jp,Female,China,1974/10/10
678,Elwood,Human,ehumanit@sciencedaily.com,Male,Bangladesh,1963/05/02
679,Cairistiona,Jirick,cjirickiu@trellian.com,Female,China,1974/10/16
680,Eldredge,Barreau,ebarreauiv@phoca.cz,Male,Philippines,1990/05/16
681,Frederico,Osburn,fosburniw@constantcontact.com,Male,China,2000/06/21
682,Jeanna,Rakestraw,jrakestrawix@yellowpages.com,Female,Japan,1999/05/31
683,Zsa zsa,Capinetti,zcapinettiiy@admin.ch,Female,Finland,1976/08/04
684,Cecily,Danett,cdanettiz@smh.com.au,Female,China,1972/05/04
685,Caressa,Arundell,carundellj0@cbc.ca,Female,Honduras,1960/12/21
686,Daisi,Portman,dportmanj1@istockphoto.com,Female,Belarus,1954/01/14
687,Caz,Roskelly,croskellyj2@booking.com,Male,Japan,1975/03/10
688,Montague,Roseborough,mroseboroughj3@angelfire.com,Male,Indonesia,1984/12/08
689,Hanan,Odcroft,hodcroftj4@addthis.com,Male,Portugal,1959/04/03
690,Kingsley,Boutwell,kboutwellj5@typepad.com,Male,China,1977/02/22
691,Mickey,Rapkins,mrapkinsj6@4shared.com,Male,Zambia,1961/09/23
692,Wilona,Birbeck,wbirbeckj7@mtv.com,Female,Indonesia,1956/11/14
693,Joane,Kilsby,jkilsbyj8@google.cn,Female,Ukraine,1994/07/26
694,Thebault,Mandrake,tmandrakej9@guardian.co.uk,Male,Canada,1983/08/08
695,Price,Kerfod,pkerfodja@smh.com.au,Male,Djibouti,1955/01/21
696,Conchita,Thay,cthayjb@google.ru,Female,Russia,1968/03/02
697,Filippo,Jahn,fjahnjc@netlog.com,Male,Mongolia,1976/04/26
698,Derick,Rowett,drowettjd@ibm.com,Male,Tanzania,1976/02/03
699,Perry,Monget,pmongetje@plala.or.jp,Male,France,1995/02/05
700,Justinn,Heditch,jheditchjf@instagram.com,Female,Belarus,1957/11/25
701,Ximenes,McFadden,xmcfaddenjg@ovh.net,Male,Brazil,1957/04/26
702,Ferdie,Puller,fpullerjh@webs.com,Genderqueer,Russia,1976/02/23
703,Konstantine,Laydon,klaydonji@unblog.fr,Male,Uruguay,1982/11/06
704,Herb,McGuffie,hmcguffiejj@google.it,Male,Portugal,1979/11/10
705,Flora,Rawcliff,frawcliffjk@ox.ac.uk,Genderfluid,Serbia,1960/05/02
706,Eddie,Poure,epourejl@howstuffworks.com,Female,Sweden,1968/02/05
707,Yurik,Casley,ycasleyjm@slideshare.net,Male,China,1969/02/20
708,Ryley,Aston,rastonjn@amazon.de,Male,East Timor,1989/10/01
709,Gottfried,Keyho,gkeyhojo@unc.edu,Male,Falkland Islands,1961/10/19
710,Maribeth,Vater,mvaterjp@joomla.org,Female,Croatia,1982/11/09
711,Sonya,Royal,sroyaljq@desdev.cn,Female,Tunisia,1991/10/30
712,Merissa,Sorley,msorleyjr@bloglovin.com,Female,China,1965/04/05
713,Maryanne,Woollacott,mwoollacottjs@google.it,Female,Poland,1980/01/17
714,Jacky,Smullin,jsmullinjt@wikipedia.org,Polygender,Argentina,1952/04/19
715,Bartholemy,Graveston,bgravestonju@printfriendly.com,Male,South Korea,1965/12/29
716,Quintina,Hollingdale,qhollingdalejv@taobao.com,Female,Greece,1976/05/27
717,Jarib,Christofor,jchristoforjw@vistaprint.com,Male,China,1977/11/14
718,Mariele,Swynley,mswynleyjx@dropbox.com,Female,Thailand,1974/01/02
719,Morly,Algate,malgatejy@opera.com,Male,Ivory Coast,1994/11/15
720,Remington,Gisborne,rgisbornejz@alibaba.com,Male,Philippines,1963/01/27
721,Garv,Crampton,gcramptonk0@dmoz.org,Male,Poland,1992/03/28
722,Ellsworth,Renehan,erenehank1@examiner.com,Male,Brazil,1983/03/28
723,Eugen,Naper,enaperk2@cbc.ca,Male,Tajikistan,1993/04/05
724,Deerdre,Hortop,dhortopk3@ox.ac.uk,Female,Sweden,1979/12/05
725,Ardra,Worrall,aworrallk4@fastcompany.com,Female,Indonesia,1990/06/25
726,Nollie,Yashnov,nyashnovk5@go.com,Male,China,1999/12/18
727,Marleah,Cuolahan,mcuolahank6@businessinsider.com,Non-binary,Philippines,1986/05/18
728,Cross,Marcham,cmarchamk7@instagram.com,Male,China,1998/09/16
729,Christos,Bateup,cbateupk8@plala.or.jp,Male,China,1974/07/28
730,Tracey,Shekle,tsheklek9@ibm.com,Male,Russia,1972/10/20
731,Uriel,Tolerton,utolertonka@bloomberg.com,Male,Thailand,1980/11/24
732,Gregorius,Polamontayne,gpolamontaynekb@qq.com,Male,Dominican Republic,1953/08/07
733,Dore,Balaison,dbalaisonkc@wiley.com,Bigender,Thailand,1993/08/13
734,Kayne,Jakovijevic,kjakovijevickd@qq.com,Male,China,1960/01/17
735,Kanya,Rogger,kroggerke@amazon.de,Female,China,1978/02/04
736,Karolina,Fardoe,kfardoekf@1und1.de,Female,Brazil,1967/10/16
737,Aretha,Augar,aaugarkg@berkeley.edu,Female,Philippines,1989/10/23
738,Carey,Reed,creedkh@utexas.edu,Female,Luxembourg,1988/10/26
739,Fawn,Ingleson,finglesonki@t.co,Genderqueer,Indonesia,1964/03/01
740,Marven,Phare,mpharekj@yale.edu,Male,Honduras,1954/04/23
741,Aarika,Whitear,awhitearkk@house.gov,Female,France,1981/05/07
742,Marleen,Hundall,mhundallkl@nhs.uk,Female,China,1982/04/01
743,Meredithe,Kenafaque,mkenafaquekm@sbwire.com,Female,New Zealand,1979/11/23
744,Paolo,Nare,pnarekn@about.com,Male,Portugal,1966/10/14
745,Eleni,Dibley,edibleyko@technorati.com,Female,China,1989/01/23
746,Jemmy,Blemen,jblemenkp@pbs.org,Polygender,China,1987/08/28
747,Austin,Meharg,amehargkq@t.co,Male,Sweden,1987/09/27
748,Martica,Ivanikhin,mivanikhinkr@e-recht24.de,Female,Mali,1963/12/14
749,Carlie,Janoschek,cjanoschekks@blinklist.com,Male,Portugal,1992/11/06
750,Glendon,Prenty,gprentykt@ezinearticles.com,Male,Canada,1984/03/02
751,Malissa,Chaize,mchaizeku@google.com.hk,Bigender,Brazil,1985/12/17
752,Ikey,Sked,iskedkv@skyrock.com,Male,Hungary,1982/07/10
753,Eldin,Bamford,ebamfordkw@mysql.com,Male,Brazil,1964/06/15
754,Thalia,Brookzie,tbrookziekx@ocn.ne.jp,Bigender,Greece,1987/11/15
755,Wendi,Hitzke,whitzkeky@sohu.com,Female,Hungary,2000/04/21
756,Pate,Grunwall,pgrunwallkz@tamu.edu,Male,Belarus,1977/03/08
757,Marietta,Towl,mtowll0@tmall.com,Female,Sweden,1964/10/31
758,Winnie,Schiersch,wschierschl1@e-recht24.de,Male,China,1980/06/06
759,Penelopa,Keveren,pkeverenl2@tinyurl.com,Female,China,1977/07/18
760,Hasty,Ahmed,hahmedl3@newsvine.com,Male,Poland,1992/07/24
761,Broddie,Bushen,bbushenl4@army.mil,Male,United States,1997/01/01
762,Aggi,Dymoke,adymokel5@fc2.com,Female,China,2000/09/09
763,Bradly,Djorvic,bdjorvicl6@mayoclinic.com,Genderfluid,Peru,2000/04/07
764,Meredithe,Pilpovic,mpilpovicl7@example.com,Female,China,1963/06/16
765,Allianora,Marklew,amarklewl8@cargocollective.com,Female,Yemen,1995/04/06
766,Ario,Squirrel,asquirrell9@webs.com,Male,Sweden,1984/03/08
767,Sharyl,Wooler,swoolerla@fotki.com,Female,Vietnam,1964/08/28
768,Henriette,Weatherhogg,hweatherhogglb@github.io,Non-binary,China,1958/09/27
769,Sue,Sparling,ssparlinglc@chronoengine.com,Female,Peru,1985/03/07
770,Kati,Bridywater,kbridywaterld@sohu.com,Female,Indonesia,1952/04/08
771,Elvina,Horsfield,ehorsfieldle@privacy.gov.au,Female,Venezuela,1971/02/17
772,Barbabas,Paddick,bpaddicklf@paypal.com,Male,Cambodia,1967/12/21
773,Bastien,Trencher,btrencherlg@google.co.jp,Male,Ukraine,1965/12/19
774,Zachery,Domnick,zdomnicklh@dedecms.com,Male,Indonesia,1972/08/14
775,Rozella,Couche,rcoucheli@nbcnews.com,Female,France,1960/05/10
776,Northrop,Ryles,nryleslj@reuters.com,Male,Indonesia,1980/10/27
777,Ancell,Redmile,aredmilelk@slashdot.org,Male,China,1976/04/21
778,Peg,Roubert,proubertll@cyberchimps.com,Female,Russia,1998/10/13
779,Rodrick,Hurl,rhurllm@mozilla.com,Non-binary,Poland,1971/12/27
780,Amargo,Badrock,abadrockln@edublogs.org,Female,Brazil,1978/08/21
781,Cyndie,Dhennin,cdhenninlo@mail.ru,Female,China,1991/02/16
782,Lorena,MacGeaney,lmacgeaneylp@sourceforge.net,Female,China,1970/10/29
783,My,Raecroft,mraecroftlq@comsenz.com,Male,Russia,1992/07/26
784,Kaleb,Calder,kcalderlr@xrea.com,Male,Ghana,1953/04/17
785,Lina,McMurty,lmcmurtyls@goodreads.com,Female,Russia,1988/02/20
786,Chiarra,Olsson,colssonlt@redcross.org,Female,China,1959/04/28
787,Theodor,Seamon,tseamonlu@qq.com,Male,Cameroon,1959/12/17
788,Francois,Craddock,fcraddocklv@redcross.org,Male,China,1961/10/12
789,Haley,Randalston,hrandalstonlw@toplist.cz,Female,Canada,1951/02/17
790,Lyssa,Cullinan,lcullinanlx@typepad.com,Female,Serbia,1991/10/20
791,Simona,Smethurst,ssmethurstly@google.pl,Female,Indonesia,1978/02/24
792,Harriet,MacGiany,hmacgianylz@netvibes.com,Female,Portugal,1996/10/06
793,Kerk,Gravenor,kgravenorm0@abc.net.au,Male,China,1991/01/14
794,Tadeas,McGrail,tmcgrailm1@europa.eu,Agender,Philippines,1990/06/22
795,Pollyanna,Dodd,pdoddm2@technorati.com,Female,Indonesia,1963/09/15
796,Fiona,Winton,fwintonm3@webnode.com,Female,Peru,1952/07/01
797,Fran,Luis,fluism4@scribd.com,Male,Thailand,1983/01/31
798,Bobby,O'Gavin,bogavinm5@biglobe.ne.jp,Female,Portugal,1975/02/13
799,Alys,Fryers,afryersm6@360.cn,Female,United States,1973/01/05
800,Cliff,Zumbusch,czumbuschm7@google.com.hk,Male,China,1990/07/13
801,Mordecai,Daville,mdavillem8@last.fm,Male,Ukraine,1970/08/16
802,Clive,Seviour,cseviourm9@usa.gov,Male,Argentina,1990/10/09
803,Johnette,Fluck,jfluckma@hud.gov,Female,Peru,1978/10/17
804,Cass,McGairl,cmcgairlmb@pagesperso-orange.fr,Polygender,Japan,1965/07/06
805,Kym,Vassay,kvassaymc@phpbb.com,Bigender,Czech Republic,1983/03/11
806,Ivan,Dormer,idormermd@etsy.com,Male,Niger,1966/04/10
807,Kelbee,Brydson,kbrydsonme@meetup.com,Male,South Africa,1983/10/10
808,Whit,Hatto,whattomf@linkedin.com,Male,Indonesia,1955/11/13
809,Fanni,Gjerde,fgjerdemg@cnbc.com,Female,Thailand,1957/01/23
810,Alessandro,Rohlfs,arohlfsmh@hubpages.com,Male,Belarus,1983/09/10
811,Guendolen,Oxtarby,goxtarbymi@people.com.cn,Female,Indonesia,1958/11/24
812,Britta,Pentelow,bpentelowmj@nationalgeographic.com,Female,South Africa,1956/02/14
813,Monroe,Noorwood,mnoorwoodmk@angelfire.com,Male,Indonesia,1959/01/24
814,Alonzo,Sartain,asartainml@cam.ac.uk,Male,China,1961/10/30
815,Nathanael,Dockrell,ndockrellmm@t-online.de,Male,Indonesia,1965/11/10
816,Caro,Rodolfi,crodolfimn@umn.edu,Female,Colombia,1953/06/27
817,Joela,Attock,jattockmo@cocolog-nifty.com,Female,China,1999/10/20
818,Isidro,Gainsford,igainsfordmp@reference.com,Male,Mexico,1951/08/10
819,Neddie,Sheran,nsheranmq@dailymotion.com,Male,Bolivia,1952/05/29
820,Darius,Joiris,djoirismr@blogtalkradio.com,Male,China,1952/09/04
821,Arvin,Pinnick,apinnickms@51.la,Male,Japan,1981/10/05
822,Annmarie,Chorlton,achorltonmt@admin.ch,Female,Indonesia,1973/04/04
823,Ealasaid,Willoughey,ewillougheymu@huffingtonpost.com,Female,Iran,1984/03/06
824,Bethany,Deshon,bdeshonmv@cbc.ca,Female,China,1999/03/16
825,Launce,Georgot,lgeorgotmw@odnoklassniki.ru,Male,Russia,1992/09/08
826,Alasteir,Kuhlen,akuhlenmx@google.co.jp,Male,Indonesia,2000/02/05
827,Shaylyn,Rumsby,srumsbymy@prlog.org,Female,Philippines,1998/01/24
828,Elisabet,Castellet,ecastelletmz@comcast.net,Female,Bulgaria,1952/08/25
829,Lowell,Miebes,lmiebesn0@sina.com.cn,Male,Ukraine,1955/09/02
830,Addison,Houdmont,ahoudmontn1@kickstarter.com,Male,Palestinian Territory,1987/05/18
831,Noell,Altree,naltreen2@dailymail.co.uk,Female,Nigeria,1973/05/18
832,Farr,McGibbon,fmcgibbonn3@technorati.com,Male,Russia,1976/05/17
833,Iormina,Duckham,iduckhamn4@imdb.com,Female,Sweden,1979/03/15
834,Jarvis,Bedbrough,jbedbroughn5@samsung.com,Male,Greece,1985/03/17
835,Mabelle,MacMickan,mmacmickann6@cocolog-nifty.com,Female,Luxembourg,1958/10/27
836,Ario,Baldrey,abaldreyn7@state.gov,Polygender,Jordan,1996/07/12
837,Lorette,Rubinov,lrubinovn8@yelp.com,Female,Ghana,1999/06/01
838,Rebekah,Iannini,rianninin9@uiuc.edu,Female,Brazil,1976/09/06
839,Markos,Wybron,mwybronna@nbcnews.com,Male,Indonesia,1961/09/24
840,Eldon,Cowling,ecowlingnb@mapy.cz,Male,China,1978/11/14
841,Worthington,Weedenburg,wweedenburgnc@state.gov,Male,Chile,1976/06/26
842,Jasen,de Voiels,jdevoielsnd@360.cn,Male,Philippines,1988/11/22
843,Darin,Isselee,disseleene@dagondesign.com,Male,United States,1952/10/15
844,Hersch,Sedgebeer,hsedgebeernf@slashdot.org,Agender,China,1987/04/10
845,Desmond,Eamer,deamerng@gnu.org,Male,China,1976/11/17
846,Hyacinthie,Taplin,htaplinnh@newyorker.com,Female,Colombia,1987/10/24
847,Staffard,Possek,spossekni@cargocollective.com,Male,Guatemala,1994/06/22
848,Andre,Hafford,ahaffordnj@blinklist.com,Male,Norway,1988/08/13
849,Maynard,Galle,mgallenk@prweb.com,Male,Indonesia,1986/12/21
850,Palm,Sleany,psleanynl@facebook.com,Male,Poland,1984/07/27
851,Kirstyn,Longthorne,klongthornenm@so-net.ne.jp,Non-binary,Thailand,1982/04/18
852,Winthrop,Garaghan,wgaraghannn@illinois.edu,Male,Poland,1975/02/25
853,Graham,Stoute,gstouteno@freewebs.com,Male,Indonesia,1957/07/19
854,Pepi,Galway,pgalwaynp@nasa.gov,Female,Indonesia,1993/09/28
855,Lotta,Cleminshaw,lcleminshawnq@soundcloud.com,Female,China,1971/03/07
856,Zorina,Connolly,zconnollynr@1und1.de,Female,Russia,1974/08/09
857,Tabor,Fleckness,tflecknessns@hugedomains.com,Male,France,1956/10/12
858,Tabby,Boig,tboignt@cargocollective.com,Male,Luxembourg,1979/11/17
859,Sonni,Kasman,skasmannu@ibm.com,Female,Greece,1988/12/22
860,Wilden,Agney,wagneynv@oracle.com,Male,Sweden,1965/05/21
861,Riki,Gronow,rgronownw@army.mil,Female,Nigeria,1952/06/07
862,Modestine,Herley,mherleynx@cbslocal.com,Female,Canada,1966/03/25
863,Rayshell,De Ath,rdeathny@google.ru,Female,Japan,1969/08/01
864,Wilden,Sturge,wsturgenz@fc2.com,Male,Brazil,1956/09/21
865,Fulton,Goroni,fgoronio0@mediafire.com,Male,Philippines,1958/11/02
866,Ardine,Ace,aaceo1@a8.net,Female,United States,1980/12/10
867,Madlin,Nisbith,mnisbitho2@ning.com,Genderfluid,Poland,1992/08/26
868,Rollie,McGee,rmcgeeo3@techcrunch.com,Male,Indonesia,1980/11/08
869,Kin,Kermon,kkermono4@tiny.cc,Male,Iraq,1963/11/20
870,Brendin,Cleiment,bcleimento5@tumblr.com,Male,Russia,1999/11/02
871,Garrott,Courtonne,gcourtonneo6@artisteer.com,Male,Indonesia,1998/11/20
872,Verne,Helling,vhellingo7@comsenz.com,Genderqueer,France,1981/07/03
873,Armstrong,Markey,amarkeyo8@printfriendly.com,Male,China,2000/04/23
874,Meggie,Doxey,mdoxeyo9@unesco.org,Female,China,1964/11/21
875,Barclay,Pinckard,bpinckardoa@youtu.be,Male,China,1978/04/04
876,Huberto,Fellenor,hfellenorob@un.org,Male,Philippines,1976/10/12
877,Bennie,McConnachie,bmcconnachieoc@va.gov,Male,China,1966/03/02
878,Isobel,Aikman,iaikmanod@comsenz.com,Female,Republic of the Congo,1972/11/11
879,Wenonah,Pozzo,wpozzooe@wunderground.com,Female,Czech Republic,1985/05/08
880,Augy,Bubb,abubbof@harvard.edu,Male,China,1971/05/06
881,Karisa,Dinzey,kdinzeyog@fastcompany.com,Female,Thailand,1995/11/07
882,Evangelia,Simmank,esimmankoh@w3.org,Female,China,1992/03/30
883,Wylma,Klaaassen,wklaaassenoi@clickbank.net,Female,Brazil,1981/08/10
884,Worthington,Grasner,wgrasneroj@mac.com,Male,China,1971/07/22
885,Nicholas,Dudding,nduddingok@tamu.edu,Male,Honduras,1986/05/02
886,Abbey,Samwayes,asamwayesol@jigsy.com,Male,Tanzania,1956/03/20
887,Etheline,Blick,eblickom@example.com,Female,Sweden,1997/07/24
888,Abie,Bloss,ablosson@ow.ly,Agender,Indonesia,1970/01/22
889,Isiahi,Vizard,ivizardoo@squarespace.com,Male,Thailand,1978/02/20
890,Everard,Purvis,epurvisop@apple.com,Male,Portugal,1990/04/27
891,Linell,Soares,lsoaresoq@cargocollective.com,Female,Poland,1965/04/27
892,Haleigh,Raddan,hraddanor@auda.org.au,Female,China,1953/05/07
893,Eddy,Braidman,ebraidmanos@mayoclinic.com,Male,France,1973/12/03
894,Perkin,Bigby,pbigbyot@macromedia.com,Male,China,1954/11/25
895,Onofredo,Quincey,oquinceyou@nydailynews.com,Male,Brazil,1985/06/08
896,Kain,Nisuis,knisuisov@virginia.edu,Male,Argentina,1997/07/03
897,Kimberly,Cunnane,kcunnaneow@ebay.co.uk,Female,China,1968/04/28
898,Mac,Housden,mhousdenox@list-manage.com,Male,Indonesia,1978/01/14
899,Rebeca,Lovart,rlovartoy@gmpg.org,Female,Sweden,1984/11/05
900,Stevena,Rzehor,srzehoroz@google.cn,Female,Poland,1995/01/06
901,Moselle,Napoleon,mnapoleonp0@github.io,Female,Russia,1985/04/11
902,Dona,Mulleary,dmullearyp1@addtoany.com,Female,Indonesia,1963/06/30
903,Jerald,Millberg,jmillbergp2@chron.com,Male,China,1960/02/14
904,Hector,Raggles,hragglesp3@spiegel.de,Male,Syria,1957/12/16
905,Tildy,Bocke,tbockep4@bloglovin.com,Female,Philippines,1997/07/03
906,Karol,Brigman,kbrigmanp5@discovery.com,Female,China,1993/12/11
907,Augy,Divine,adivinep6@netvibes.com,Male,Indonesia,1954/05/14
908,Frederigo,Rubenovic,frubenovicp7@nsw.gov.au,Genderqueer,Serbia,1967/05/02
909,Isahella,Leander,ileanderp8@harvard.edu,Female,Indonesia,1963/06/25
910,Barbie,Brindley,bbrindleyp9@patch.com,Female,Netherlands,1998/12/12
911,Lotte,Brennand,lbrennandpa@qq.com,Female,Bosnia and Herzegovina,1989/01/16
912,Gertrud,Bus,gbuspb@nsw.gov.au,Female,Ecuador,1989/02/25
913,Max,Bonds,mbondspc@washingtonpost.com,Female,China,1960/01/22
914,Lettie,Bannard,lbannardpd@nytimes.com,Female,Peru,1981/04/24
915,Yul,Goodoune,ygoodounepe@homestead.com,Male,Philippines,1963/06/08
916,Curtis,Celloni,ccellonipf@fc2.com,Male,China,1996/12/04
917,Marjory,Franklen,mfranklenpg@ning.com,Female,France,1986/01/12
918,Archy,Akrigg,aakriggph@cornell.edu,Polygender,Zambia,1992/03/04
919,Dmitri,Breckell,dbreckellpi@ehow.com,Male,China,2000/03/10
920,Babb,Lemasney,blemasneypj@google.com.br,Female,China,1995/10/31
921,Erda,Wragge,ewraggepk@state.tx.us,Female,Spain,1986/10/24
922,Dottie,Bodemeaid,dbodemeaidpl@ebay.co.uk,Polygender,China,1984/09/28
923,Ninnette,Brasier,nbrasierpm@wikimedia.org,Female,Saudi Arabia,1952/07/28
924,Kerrie,Porson,kporsonpn@mashable.com,Agender,Indonesia,1961/06/22
925,Rory,Sambell,rsambellpo@lycos.com,Male,China,1989/12/20
926,Samson,Jozsika,sjozsikapp@independent.co.uk,Male,Israel,1975/08/31
927,Leonidas,Call,lcallpq@state.tx.us,Male,China,1993/11/01
928,Sherline,Fortye,sfortyepr@homestead.com,Female,Russia,1971/11/28
929,Erwin,MacDunleavy,emacdunleavyps@hibu.com,Male,China,1994/10/30
930,Alphonse,Voller,avollerpt@4shared.com,Male,Cyprus,1967/04/15
931,Artur,Braisted,abraistedpu@blogtalkradio.com,Male,Thailand,1960/11/24
932,Sallee,Wayne,swaynepv@joomla.org,Female,Indonesia,1958/07/04
933,Sanderson,Isley,sisleypw@csmonitor.com,Male,Belarus,1955/09/09
934,Shelba,Klimes,sklimespx@dailymail.co.uk,Female,Portugal,1998/12/11
935,Joseito,Topes,jtopespy@businessinsider.com,Male,Portugal,1973/07/20
936,Benito,MacCaghan,bmaccaghanpz@admin.ch,Male,Russia,2000/08/10
937,Noelani,Eary,nearyq0@theatlantic.com,Female,Norway,1974/03/12
938,Lyon,Pehrsson,lpehrssonq1@techcrunch.com,Genderqueer,China,1953/04/01
939,Cory,Rigbye,crigbyeq2@xrea.com,Male,New Zealand,1980/08/08
940,Leodora,McGilvra,lmcgilvraq3@constantcontact.com,Female,Czech Republic,1993/12/17
941,Cami,Felce,cfelceq4@skype.com,Female,Japan,1973/05/17
942,Erin,Marty,emartyq5@mozilla.com,Male,Indonesia,1963/12/17
943,Harv,Cuppleditch,hcuppleditchq6@va.gov,Male,Russia,1961/03/06
944,Darrick,Lawfull,dlawfullq7@addtoany.com,Male,China,1961/07/21
945,Paxton,Gehringer,pgehringerq8@123-reg.co.uk,Male,China,1977/09/08
946,Chastity,Devon,cdevonq9@msn.com,Female,Hungary,1988/05/10
947,Cross,Rickets,cricketsqa@mozilla.org,Male,Tanzania,1999/03/12
948,Aida,Christoffels,achristoffelsqb@facebook.com,Female,China,1975/10/08
949,Den,Dewfall,ddewfallqc@scientificamerican.com,Male,United States,1975/01/17
950,Leelah,Allmark,lallmarkqd@123-reg.co.uk,Female,Czech Republic,1968/04/07
951,Jilli,Goaley,jgoaleyqe@go.com,Female,Bolivia,1972/05/24
952,Liv,Haggas,lhaggasqf@issuu.com,Female,Indonesia,1970/04/09
953,Gilles,Goulthorp,ggoulthorpqg@webeden.co.uk,Male,Central African Republic,1976/01/01
954,Heidie,Poxon,hpoxonqh@theatlantic.com,Female,China,1997/12/14
955,Clevey,Willment,cwillmentqi@wisc.edu,Male,Costa Rica,1957/10/31
956,Franny,Stathor,fstathorqj@cyberchimps.com,Female,Portugal,1957/01/14
957,Langsdon,Sibille,lsibilleqk@qq.com,Male,France,1975/10/26
958,Laney,Carrett,lcarrettql@ning.com,Female,China,1999/09/10
959,Georgi,Onthank,gonthankqm@dailymotion.com,Male,Indonesia,1955/02/22
960,Esme,Julyan,ejulyanqn@uiuc.edu,Female,Indonesia,1967/08/19
961,Veronica,Fielders,vfieldersqo@yellowpages.com,Female,Mexico,1989/08/31
962,Sampson,Hofton,shoftonqp@icq.com,Male,Panama,1956/03/13
963,Cindie,Colbridge,ccolbridgeqq@sun.com,Female,Uganda,1981/09/24
964,Lela,Greeves,lgreevesqr@ebay.co.uk,Female,Indonesia,1989/10/31
965,Andrej,Cummungs,acummungsqs@xing.com,Male,Portugal,1980/07/08
966,Elvera,Trout,etroutqt@mayoclinic.com,Female,Czech Republic,1993/08/31
967,Cathryn,Densie,cdensiequ@mysql.com,Female,Yemen,1956/08/06
968,Melly,Glassford,mglassfordqv@columbia.edu,Female,Sweden,1996/05/16
969,Derick,Dyka,ddykaqw@example.com,Male,France,1988/08/18
970,Kennan,Randals,krandalsqx@eepurl.com,Male,China,1962/04/20
971,Marylin,Withnall,mwithnallqy@tiny.cc,Female,Guatemala,1995/08/22
972,Nicolai,Cattonnet,ncattonnetqz@opensource.org,Male,Indonesia,1955/07/25
973,Elizabet,Hoggan,ehogganr0@last.fm,Female,Brazil,1981/12/29
974,Andeee,Redier,aredierr1@e-recht24.de,Female,Colombia,1961/02/19
975,Ginnifer,Yeude,gyeuder2@zdnet.com,Female,Poland,1959/08/29
976,Sherwynd,Shambrook,sshambrookr3@statcounter.com,Male,Brazil,1965/08/20
977,Deane,O'Regan,doreganr4@virginia.edu,Non-binary,Mauritania,1973/05/11
978,Hilly,Cornforth,hcornforthr5@msn.com,Polygender,Botswana,1977/10/06
979,Hyman,Lahiff,hlahiffr6@wix.com,Male,Brazil,1958/07/10
980,Sidonnie,Wreath,swreathr7@eepurl.com,Female,Indonesia,1951/06/03
981,Cayla,Bail,cbailr8@hostgator.com,Female,Indonesia,1967/05/13
982,Tyrus,Roddan,troddanr9@elpais.com,Male,Indonesia,1958/10/20
983,Lindsay,Lummasana,llummasanara@google.it,Male,Indonesia,1956/05/22
984,Thorndike,Lawson,tlawsonrb@census.gov,Male,Brazil,1977/10/19
985,Brittani,Van Giffen,bvangiffenrc@youtu.be,Female,Russia,1984/06/14
986,Dion,Hinken,dhinkenrd@odnoklassniki.ru,Male,Colombia,1990/10/10
987,Cheri,Bernardin,cbernardinre@who.int,Female,China,1968/05/11
988,Lacey,Ruffli,lrufflirf@prweb.com,Female,China,1967/07/08
989,Armin,Conford,aconfordrg@guardian.co.uk,Male,China,1962/05/03
990,Renell,Scheu,rscheurh@pagesperso-orange.fr,Female,Colombia,1997/01/21
991,Tony,Bentote,tbentoteri@chronoengine.com,Female,Indonesia,1964/03/29
992,Kikelia,Boerderman,kboerdermanrj@uol.com.br,Female,Russia,1981/11/12
993,Marijn,Weale,mwealerk@vinaora.com,Male,China,1974/10/13
994,Jill,Goad,jgoadrl@google.ca,Female,China,1960/06/02
995,Sanford,Flement,sflementrm@constantcontact.com,Male,China,1966/07/09
996,Gaynor,Haydon,ghaydonrn@mozilla.org,Female,Argentina,1970/05/22
997,Traci,Fenton,tfentonro@springer.com,Female,Indonesia,1976/07/07
998,Adriano,D'Oyley,adoyleyrp@cnbc.com,Male,Benin,1965/10/24
999,Hermine,Jagger,hjaggerrq@indiatimes.com,Female,China,1958/11/17
1000,Kristine,Hegg,kheggrr@nyu.edu,Female,Tunisia,1956/04/24
