id,first_name,last_name,email,gender,country,birthday
1,Ambrosio,Paintain,apaintain0@livejournal.com,Genderfluid,Greece,1963/07/17
2,Kenyon,Crossby,kcrossby1@xrea.com,Male,Chile,1952/01/29
3,Nada,Denley,ndenley2@gravatar.com,Female,Portugal,1965/02/07
4,Bondon,Vyvyan,bvyvyan3@joomla.org,Male,Indonesia,1951/06/19
5,Jasen,Katte,jkatte4@bloomberg.com,Genderfluid,China,1979/04/27
6,Benjie,Burree,bburree5@edublogs.org,Agender,Indonesia,1955/02/08
7,Onfre,Wood,owood6@mtv.com,Male,China,1959/12/15
8,Hillier,Poskitt,hposkitt7@amazon.co.uk,Male,Ukraine,1995/06/29
9,Ashia,Dawson,adawson8@opensource.org,Female,Botswana,1969/11/09
10,Candy,Olliver,colliver9@tinyurl.com,Agender,Mexico,1962/12/08
11,Jaquelyn,Ventura,jventuraa@google.it,Female,China,1969/05/12
12,Udell,Malafe,umalafeb@google.com.br,Polygender,Argentina,1967/07/19
13,Myra,Bartolic,mbartolicc@tuttocitta.it,Female,Sweden,1967/06/16
14,Peter,Kirk,pkirkd@csmonitor.com,Male,China,1970/04/06
15,Reina,Petracco,rpetraccoe@slideshare.net,Female,Sweden,1996/01/23
16,Luis,Decroix,ldecroixf@bbc.co.uk,Male,Czech Republic,1951/07/11
17,Derrek,Roussell,droussellg@etsy.com,Male,Guatemala,1978/12/27
18,Chrissy,Issacson,cissacsonh@aol.com,Male,Croatia,1970/06/10
19,Dalis,Kirstein,dkirsteini@scribd.com,Male,Nigeria,1954/07/06
20,Dacie,Birkenshaw,dbirkenshawj@phpbb.com,Female,Ukraine,1963/12/16
21,Aubine,Rolfs,arolfsk@altervista.org,Agender,Panama,1994/09/24
22,Evelin,Banford,ebanfordl@ocn.ne.jp,Male,New Caledonia,1964/11/03
23,Arlyn,Wadwell,awadwellm@state.tx.us,Female,Portugal,1978/11/28
24,Sunny,Schimpke,sschimpken@livejournal.com,Male,Peru,1994/08/10
25,Abelard,Ogger,aoggero@usatoday.com,Male,Burundi,1981/12/12
26,Joelle,Flewett,jflewettp@berkeley.edu,Female,South Africa,1998/06/14
27,Ricky,McCullen,rmccullenq@utexas.edu,Male,Tunisia,1960/08/27
28,Deck,Sibary,dsibaryr@microsoft.com,Male,China,1962/07/31
29,Ennis,Abbess,eabbesss@sina.com.cn,Male,China,1968/05/30
30,Ida,Celler,icellert@blogspot.com,Female,France,1954/02/05
31,Clerc,De la Perrelle,cdelaperrelleu@cmu.edu,Male,Indonesia,1983/05/13
32,Kai,Rubinowitsch,krubinowitschv@photobucket.com,Female,Ireland,1956/10/06
33,Dallon,Tommis,dtommisw@cdbaby.com,Male,Estonia,1999/12/14
34,Stacy,Calbrathe,scalbrathex@deviantart.com,Female,China,1965/03/12
35,Klarrisa,Keniwell,kkeniwelly@example.com,Bigender,Canada,1990/04/22
36,Aili,Tulloch,atullochz@umich.edu,Non-binary,Peru,1983/01/28
37,Efren,Granville,egranville10@cnbc.com,Male,Poland,1992/01/27
38,Shela,Keeltagh,skeeltagh11@uiuc.edu,Female,Japan,1952/07/29
39,Lief,Sutcliff,lsutcliff12@hud.gov,Male,China,1982/07/01
40,Artemis,Bushaway,abushaway13@smugmug.com,Male,Serbia,1986/10/14
41,Hiram,Itscowicz,hitscowicz14@photobucket.com,Male,Sweden,1988/11/15
42,Garnette,Coolican,gcoolican15@sfgate.com,Female,Finland,1961/10/17
43,Jacinta,Kupka,jkupka16@cafepress.com,Female,Egypt,1990/02/23
44,Andros,Worwood,aworwood17@ft.com,Male,Philippines,1973/08/10
45,Sandra,Letherbury,sletherbury18@nationalgeographic.com,Female,Indonesia,1967/02/12
46,Rosamond,McGookin,rmcgookin19@ftc.gov,Female,Poland,1985/05/14
47,Rivkah,Hoff,rhoff1a@wired.com,Female,Pakistan,1997/10/26
48,Del,McCully,dmccully1b@devhub.com,Female,China,1983/08/21
49,Slade,Mowson,smowson1c@gizmodo.com,Male,Philippines,1978/01/07
50,Fleming,Colegate,fcolegate1d@51.la,Male,Azerbaijan,1981/01/25
51,Kristopher,Klimus,kklimus1e@mozilla.org,Male,Czech Republic,1977/08/21
52,Gus,Semiraz,gsemiraz1f@baidu.com,Male,China,1973/12/18
53,Gustie,Winson,gwinson1g@tumblr.com,Female,Portugal,1954/06/14
54,Hy,Foan,hfoan1h@auda.org.au,Male,Philippines,1967/03/15
55,Ricoriki,Ferrarotti,rferrarotti1i@simplemachines.org,Male,Ukraine,1986/10/26
56,Shirley,Petz,spetz1j@princeton.edu,Female,Poland,1988/11/02
57,Iris,Northill,inorthill1k@go.com,Female,China,1952/02/05
58,Lucie,Pinnocke,lpinnocke1l@lulu.com,Female,United States,1988/07/22
59,Etta,Horley,ehorley1m@friendfeed.com,Female,Zimbabwe,1982/08/03
60,Dall,Whitwood,dwhitwood1n@nationalgeographic.com,Male,China,1969/05/09
61,Lydon,Lundberg,llundberg1o@furl.net,Male,China,1963/04/05
62,Trueman,Kinman,tkinman1p@paypal.com,Male,China,1955/05/19
63,Odie,Brumbie,obrumbie1q@nymag.com,Agender,Greece,1961/07/08
64,Fonz,Reoch,freoch1r@fastcompany.com,Male,Ivory Coast,1974/01/07
65,Taddeusz,Blunn,tblunn1s@go.com,Male,Mexico,1973/03/25
66,Ferdinanda,Hastler,fhastler1t@cbsnews.com,Female,Indonesia,1967/10/19
67,Conni,Panter,cpanter1u@freewebs.com,Female,Honduras,1989/11/07
68,Saudra,Heckney,sheckney1v@utexas.edu,Female,Estonia,1967/12/19
69,Erroll,Bousler,ebousler1w@nifty.com,Male,Argentina,1999/02/22
70,Ciro,Townson,ctownson1x@moonfruit.com,Male,Philippines,1963/07/29
71,Meg,Bagenal,mbagenal1y@cbslocal.com,Female,Czech Republic,1997/05/26
72,Inga,Petrosian,ipetrosian1z@g.co,Female,Andorra,1968/04/23
73,Devondra,Duligal,dduligal20@deliciousdays.com,Female,Ivory Coast,1967/01/23
74,Daffy,O'Callaghan,docallaghan21@webnode.com,Female,China,1978/02/01
75,Missie,Sonnenschein,msonnenschein22@sakura.ne.jp,Female,Russia,1960/11/28
76,Tomlin,Klimt,tklimt23@oracle.com,Male,Thailand,1995/10/04
77,Currey,Beeby,cbeeby24@craigslist.org,Male,Poland,1972/12/27
78,Marty,Farherty,mfarherty25@salon.com,Female,Slovenia,1981/07/08
79,Silvain,Beaven,sbeaven26@51.la,Male,Philippines,1992/04/25
80,Aymer,Wybron,awybron27@canalblog.com,Male,Philippines,1964/04/09
81,Zeb,Kevern,zkevern28@gizmodo.com,Male,Yemen,1956/09/25
82,Tessy,Manders,tmanders29@mac.com,Female,Poland,1961/09/22
83,Ruthann,Druhan,rdruhan2a@drupal.org,Female,Indonesia,1993/03/14
84,Roosevelt,Clarycott,rclarycott2b@sitemeter.com,Genderfluid,Brazil,1965/11/26
85,Ky,Alleyne,kalleyne2c@qq.com,Male,Indonesia,1963/10/12
86,Aleece,Blackey,ablackey2d@noaa.gov,Female,Dominican Republic,1971/03/11
87,Grace,Itscovitz,gitscovitz2e@amazon.co.jp,Female,Indonesia,1998/10/27
88,Pansie,Truesdale,ptruesdale2f@msn.com,Female,China,1964/03/10
89,Garrot,McCloy,gmccloy2g@over-blog.com,Male,Moldova,1980/07/02
90,Aleksandr,Zylberdik,azylberdik2h@cnbc.com,Male,Israel,1962/03/10
91,Daveen,Sollam,dsollam2i@ycombinator.com,Female,Philippines,1961/10/24
92,Belia,Buckett,bbuckett2j@google.pl,Female,China,1955/10/17
93,Jillie,Barnewelle,jbarnewelle2k@com.com,Female,Indonesia,1980/10/30
94,Inez,Champe,ichampe2l@about.com,Female,Poland,1964/12/30
95,Marje,Luckings,mluckings2m@techcrunch.com,Female,Portugal,1961/10/17
96,Chicky,McTrustrie,cmctrustrie2n@cornell.edu,Polygender,Ukraine,1968/06/08
97,Vassily,Fuxman,vfuxman2o@desdev.cn,Male,Poland,1992/12/09
98,Abdul,Cronkshaw,acronkshaw2p@cbc.ca,Male,Chile,1959/09/11
99,Fredelia,Cassely,fcassely2q@comsenz.com,Female,China,1974/09/07
100,Mayer,Cheley,mcheley2r@usgs.gov,Male,Poland,1971/09/22
101,Myranda,Bickerstasse,mbickerstasse2s@nba.com,Female,Indonesia,1954/12/16
102,Jacki,Balasin,jbalasin2t@ocn.ne.jp,Female,Cuba,1975/06/12
103,Herbie,Braunton,hbraunton2u@nyu.edu,Male,Philippines,1963/09/29
104,Olenolin,Ouldred,oouldred2v@cbc.ca,Male,Indonesia,1964/01/02
105,Guglielmo,Vincent,gvincent2w@zimbio.com,Male,Ukraine,1991/04/23
106,Donetta,Britnell,dbritnell2x@google.com.hk,Female,Ecuador,1994/01/02
107,Ailis,Clorley,aclorley2y@usa.gov,Female,Indonesia,1961/04/19
108,Dionisio,Whitington,dwhitington2z@yahoo.com,Male,Brazil,1988/05/07
109,Muire,Swain,mswain30@shareasale.com,Female,China,1973/04/05
110,Sidoney,Edelheit,sedelheit31@canalblog.com,Female,Nepal,1960/06/02
111,Morie,Roddy,mroddy32@mtv.com,Male,Indonesia,1951/08/22
112,Faustine,Raftery,fraftery33@loc.gov,Female,China,1955/07/17
113,Arne,Icke,aicke34@mysql.com,Male,Russia,1994/02/04
114,Oby,Warcop,owarcop35@quantcast.com,Male,China,1996/03/06
115,Stephanie,Skittreal,sskittreal36@nytimes.com,Female,China,1952/05/20
116,Fletch,Timblett,ftimblett37@ucoz.ru,Male,China,2000/02/23
117,Noach,Maytum,nmaytum38@themeforest.net,Male,China,1970/07/28
118,Daryle,Conisbee,dconisbee39@yahoo.co.jp,Male,China,1983/04/27
119,Louisette,Gandy,lgandy3a@hc360.com,Agender,Greece,1976/03/08
120,Jere,Barwis,jbarwis3b@about.com,Female,Poland,1968/09/22
121,Marlon,Philipet,mphilipet3c@printfriendly.com,Male,Portugal,1992/08/03
122,Bartram,Dumphries,bdumphries3d@mapy.cz,Male,Philippines,1973/03/28
123,Myrilla,Snoden,msnoden3e@vistaprint.com,Female,South Africa,1960/08/17
124,Orel,Gregon,ogregon3f@msn.com,Female,Russia,1965/04/03
125,Corbet,Rugiero,crugiero3g@ucla.edu,Male,Turkmenistan,1968/01/04
126,Koral,Corkitt,kcorkitt3h@dedecms.com,Agender,China,1996/11/05
127,Deloris,Thomazet,dthomazet3i@cmu.edu,Female,Poland,1992/05/26
128,Stewart,Conws,sconws3j@domainmarket.com,Genderqueer,Japan,1961/08/19
129,Cleo,Caps,ccaps3k@usnews.com,Female,France,1967/12/03
130,Leanora,Castellan,lcastellan3l@biblegateway.com,Female,Russia,1957/07/05
131,Willie,Cobley,wcobley3m@pagesperso-orange.fr,Female,Sweden,1955/05/23
132,Dominique,Laurence,dlaurence3n@nasa.gov,Male,Serbia,1958/06/18
133,Tobin,Hulburd,thulburd3o@tiny.cc,Male,China,1984/05/08
134,Adrienne,Munkley,amunkley3p@360.cn,Non-binary,Peru,1962/07/31
135,Bent,Doodson,bdoodson3q@tinyurl.com,Male,Venezuela,1993/02/22
136,Tiffie,Spratling,tspratling3r@irs.gov,Female,Mexico,1964/10/18
137,Melisent,Cutten,mcutten3s@ifeng.com,Female,Brazil,1989/05/01
138,Zane,Bazell,zbazell3t@springer.com,Male,Canada,1992/12/17
139,Rikki,Nertney,rnertney3u@amazon.com,Male,Greece,1997/12/17
140,Lennie,Wardesworth,lwardesworth3v@themeforest.net,Male,Russia,1968/04/29
141,Mitchell,Borel,mborel3w@addthis.com,Male,China,1999/07/20
142,Jania,Gillebert,jgillebert3x@mlb.com,Genderqueer,Ecuador,1969/08/22
143,Steffen,Norway,snorway3y@creativecommons.org,Male,Kuwait,1969/10/05
144,Somerset,Rooze,srooze3z@prlog.org,Male,France,1982/06/18
145,Jaquelin,Giovannazzi,jgiovannazzi40@ft.com,Female,Ukraine,1974/01/13
146,Collin,Hutchins,chutchins41@columbia.edu,Male,China,1962/07/14
147,Hadrian,Yankishin,hyankishin42@aboutads.info,Male,Guatemala,1981/07/03
148,Humfried,Fleeman,hfleeman43@delicious.com,Male,Honduras,1957/04/03
149,Pierre,MacIlriach,pmacilriach44@va.gov,Male,Afghanistan,1998/04/24
150,Orelee,Laise,olaise45@jigsy.com,Female,Greece,1992/10/19
151,Caesar,Vivers,cvivers46@guardian.co.uk,Male,Sweden,1957/07/01
152,Uri,Dobbings,udobbings47@scientificamerican.com,Male,Brazil,1976/07/12
153,Gillan,Delos,gdelos48@creativecommons.org,Female,France,1968/11/23
154,Janaye,Dublin,jdublin49@cnbc.com,Female,China,1977/07/12
155,Iorgo,Monnoyer,imonnoyer4a@netscape.com,Male,China,1951/11/08
156,Elvis,Armatidge,earmatidge4b@about.me,Male,Russia,1967/12/20
157,Elset,Maude,emaude4c@blinklist.com,Female,Germany,1985/07/08
158,Natividad,Bayston,nbayston4d@blinklist.com,Genderfluid,China,1967/07/22
159,Karol,Belfitt,kbelfitt4e@netlog.com,Female,China,1962/04/19
160,Whitman,Waything,wwaything4f@angelfire.com,Male,China,1969/02/05
161,Evin,O'Shesnan,eoshesnan4g@facebook.com,Male,Russia,1988/07/07
162,Rutherford,Hugonin,rhugonin4h@buzzfeed.com,Agender,Indonesia,1988/06/20
163,Leonidas,Cumber,lcumber4i@discovery.com,Agender,Cameroon,1999/07/02
164,Jedd,Laborda,jlaborda4j@bandcamp.com,Male,Indonesia,1980/01/29
165,Ailyn,Blucher,ablucher4k@123-reg.co.uk,Female,Poland,1967/03/04
166,Fan,Levensky,flevensky4l@example.com,Female,Poland,1963/03/23
167,Osmond,Stookes,ostookes4m@mozilla.org,Male,Democratic Republic of the Congo,1956/09/29
168,Miguelita,Dorbon,mdorbon4n@hud.gov,Genderqueer,Bolivia,1951/03/08
169,Steffen,Madner,smadner4o@opera.com,Male,Brazil,1966/08/17
170,Annaliese,Von Brook,avonbrook4p@reuters.com,Female,Sweden,1961/05/13
171,Hermia,Primo,hprimo4q@odnoklassniki.ru,Female,Colombia,1963/08/26
172,Helena,Cracknell,hcracknell4r@ca.gov,Female,Mexico,1975/04/21
173,Ashlin,Farnie,afarnie4s@businessinsider.com,Male,Ukraine,1982/08/02
174,Gweneth,Sotworth,gsotworth4t@simplemachines.org,Female,Ukraine,1986/01/12
175,Vito,Almeida,valmeida4u@state.tx.us,Male,China,1986/10/28
176,Parry,Trimming,ptrimming4v@census.gov,Male,Czech Republic,1953/02/11
177,Berenice,Dyzart,bdyzart4w@a8.net,Bigender,Brazil,1972/12/16
178,Jo-anne,Vanstone,jvanstone4x@booking.com,Female,Lithuania,1984/08/02
179,Marna,Haller,mhaller4y@linkedin.com,Female,Indonesia,1970/10/12
180,Ashlie,Ankrett,aankrett4z@opensource.org,Female,Philippines,1988/09/27
181,Aida,Kitteringham,akitteringham50@hud.gov,Agender,Indonesia,1968/02/18
182,Siusan,Matei,smatei51@springer.com,Female,Paraguay,1989/06/16
183,Sander,Ebenezer,sebenezer52@usa.gov,Male,Belarus,1968/06/27
184,Rollins,Hassur,rhassur53@yelp.com,Male,Indonesia,1999/11/24
185,Janelle,Lillie,jlillie54@cyberchimps.com,Female,Argentina,1991/02/16
186,Welsh,Houseman,whouseman55@berkeley.edu,Male,China,1952/12/02
187,Francklyn,Garvin,fgarvin56@biglobe.ne.jp,Genderqueer,Madagascar,1971/07/31
188,Sydelle,McGaughay,smcgaughay57@bandcamp.com,Female,China,1999/03/17
189,Dun,Vennings,dvennings58@salon.com,Male,Indonesia,1959/03/17
190,Krystyna,Keighly,kkeighly59@amazon.co.uk,Female,Poland,1998/07/03
191,Laurie,Stowers,lstowers5a@hubpages.com,Female,Ecuador,1990/12/10
192,Bradney,Tomei,btomei5b@mysql.com,Male,Argentina,2000/10/27
193,Roxie,Rosenberger,rrosenberger5c@earthlink.net,Female,China,1996/05/17
194,Brittney,Loynton,bloynton5d@phpbb.com,Female,Norway,1997/10/22
195,Guglielmo,Beau,gbeau5e@elegantthemes.com,Polygender,Tanzania,1962/07/28
196,Cory,Kilbride,ckilbride5f@pagesperso-orange.fr,Male,Sweden,1974/04/08
197,Dotty,Oleksinski,doleksinski5g@youtube.com,Female,Indonesia,1982/04/29
198,Justinian,Nono,jnono5h@cargocollective.com,Non-binary,China,1962/05/21
199,Inge,Madgett,imadgett5i@blinklist.com,Female,Peru,1954/05/16
200,Dorey,Durrett,ddurrett5j@ucla.edu,Genderqueer,Indonesia,1953/06/21
201,Madelina,Worledge,mworledge5k@cocolog-nifty.com,Female,Indonesia,1961/05/04
202,Myra,Sambell,msambell5l@blogger.com,Female,Russia,1981/06/26
203,Andromache,MacDermott,amacdermott5m@newyorker.com,Female,Indonesia,1972/08/02
204,Raina,Barthod,rbarthod5n@mediafire.com,Female,Canada,1983/03/19
205,Ashlan,Le Provest,aleprovest5o@histats.com,Female,Thailand,1996/04/20
206,Haydon,Petris,hpetris5p@businessweek.com,Male,China,1983/10/06
207,Gregoire,Platts,gplatts5q@yellowpages.com,Male,Indonesia,2000/05/24
208,Lilly,Franseco,lfranseco5r@ezinearticles.com,Female,Bolivia,1990/03/06
209,Klarika,Marchent,kmarchent5s@squidoo.com,Female,Norway,1997/05/22
210,Nancee,Drepp,ndrepp5t@blogger.com,Female,Philippines,1966/02/04
211,Clayborne,Pereira,cpereira5u@1688.com,Male,Indonesia,1955/09/28
212,Leontyne,Kellegher,lkellegher5v@sphinn.com,Genderfluid,Russia,1981/10/01
213,Nevsa,MacCrossan,nmaccrossan5w@yellowbook.com,Polygender,China,1965/11/21
214,Terri-jo,Duckerin,tduckerin5x@dagondesign.com,Female,Philippines,1978/06/15
215,Leshia,Bassil,lbassil5y@about.me,Female,Peru,1956/06/21
216,Ellis,Speke,espeke5z@networksolutions.com,Male,Malaysia,1951/11/19
217,Arnie,Arrington,aarrington60@telegraph.co.uk,Male,Peru,1952/09/14
218,Sonny,Bartlomieczak,sbartlomieczak61@baidu.com,Female,China,1990/08/21
219,Griselda,Blackeby,gblackeby62@eepurl.com,Female,China,1952/05/01
220,Jeanelle,Vasovic,jvasovic63@sphinn.com,Female,France,1999/05/14
221,Gigi,Petrello,gpetrello64@liveinternet.ru,Female,Serbia,1955/02/15
222,Sayer,Archer,sarcher65@1und1.de,Male,Russia,1970/06/24
223,Merrile,McCleary,mmccleary66@icio.us,Female,United States,1977/06/15
224,Erinna,Yashanov,eyashanov67@surveymonkey.com,Female,China,1955/07/21
225,Jermaine,Chasemoore,jchasemoore68@yolasite.com,Male,Philippines,2000/08/11
226,Sawyere,Rycraft,srycraft69@unblog.fr,Male,Bosnia and Herzegovina,1974/07/01
227,Pietra,Akister,pakister6a@infoseek.co.jp,Female,Russia,1961/02/18
228,Mercedes,Ferguson,mferguson6b@gmpg.org,Female,China,1951/10/25
229,Lorene,Grubbe,lgrubbe6c@blogs.com,Female,Russia,1993/04/23
230,Bevvy,Churching,bchurching6d@163.com,Female,Philippines,1987/11/13
231,Gregg,Wagon,gwagon6e@google.fr,Male,Egypt,1961/07/14
232,Skye,Grimble,sgrimble6f@google.com.au,Male,Russia,1979/12/26
233,Rooney,Caughey,rcaughey6g@arizona.edu,Male,China,1953/10/02
234,Bibi,Crinson,bcrinson6h@surveymonkey.com,Female,China,1957/02/16
235,Germayne,Lober,glober6i@miibeian.gov.cn,Male,Indonesia,1988/06/26
236,Sebastiano,Fairham,sfairham6j@wix.com,Polygender,Russia,1988/07/16
237,Guthrie,Dibbin,gdibbin6k@nps.gov,Male,China,1971/06/10
238,Jacquenetta,Hounsome,jhounsome6l@bandcamp.com,Female,Poland,1991/04/24
239,Shalna,Maciaszek,smaciaszek6m@mapy.cz,Female,Philippines,1998/06/15
240,Nathan,Jaqueme,njaqueme6n@sina.com.cn,Male,Indonesia,1991/05/11
241,Candie,Sartin,csartin6o@auda.org.au,Female,Indonesia,1997/06/22
242,Nathalie,Seers,nseers6p@imdb.com,Polygender,Indonesia,1977/04/29
243,Sig,Sherborne,ssherborne6q@theglobeandmail.com,Male,Brazil,1988/02/26
244,Nikki,Shoulders,nshoulders6r@fastcompany.com,Female,China,1959/03/16
245,Tansy,Handscomb,thandscomb6s@arstechnica.com,Genderfluid,Georgia,1967/09/08
246,Viviene,Glashby,vglashby6t@miibeian.gov.cn,Female,Indonesia,1959/04/24
247,Rube,Grzelewski,rgrzelewski6u@opensource.org,Male,Indonesia,1984/01/09
248,Nedda,Bramwell,nbramwell6v@w3.org,Genderfluid,China,1994/11/19
249,Maurizio,Pattington,mpattington6w@issuu.com,Male,Philippines,1972/03/05
250,Monah,McNair,mmcnair6x@usnews.com,Female,United States,1968/07/14
251,Romola,Petrakov,rpetrakov6y@wix.com,Female,China,1956/09/28
252,Xymenes,Tuke,xtuke6z@google.pl,Male,Poland,1986/11/24
253,Parrnell,Comberbach,pcomberbach70@photobucket.com,Male,Philippines,1985/05/22
254,Kellen,McCraine,kmccraine71@toplist.cz,Female,Azerbaijan,1977/12/05
255,Justinn,Schoolcroft,jschoolcroft72@go.com,Female,United States,1993/12/09
256,Othello,Gollop,ogollop73@pinterest.com,Male,Indonesia,1963/04/21
257,Jeanine,Shimwall,jshimwall74@hexun.com,Female,China,1967/04/30
258,Byrann,Cisar,bcisar75@trellian.com,Male,Philippines,1986/10/30
259,Valentine,Gwilym,vgwilym76@va.gov,Male,China,1960/02/29
260,Licha,Guile,lguile77@tinyurl.com,Female,Thailand,1952/01/22
261,Sherwynd,Sime,ssime78@blogtalkradio.com,Male,Mexico,1983/03/15
262,Ev,Pallin,epallin79@npr.org,Male,Ethiopia,1954/04/13
263,Ingaborg,Rebbeck,irebbeck7a@ovh.net,Female,Armenia,1985/08/15
264,Babara,Tantum,btantum7b@biblegateway.com,Non-binary,Guatemala,1992/02/07
265,Leoine,Benne,lbenne7c@tinypic.com,Female,China,1995/11/30
266,Joell,Arstingall,jarstingall7d@netvibes.com,Female,Indonesia,1988/07/28
267,Demetri,Horsefield,dhorsefield7e@youtube.com,Male,Cuba,1983/06/18
268,Gelya,Hindmoor,ghindmoor7f@storify.com,Female,Brazil,1987/03/13
269,Bastian,Shury,bshury7g@newsvine.com,Male,Indonesia,1988/06/06
270,Hobard,Blemen,hblemen7h@flavors.me,Male,China,1955/07/25
271,Giralda,Drinkwater,gdrinkwater7i@mtv.com,Female,China,1957/06/24
272,Will,Vannet,wvannet7j@ebay.com,Male,France,1991/12/11
273,Rae,Drillingcourt,rdrillingcourt7k@com.com,Female,France,1962/08/03
274,Marshal,Joder,mjoder7l@taobao.com,Male,France,1958/02/03
275,Laural,Neiland,lneiland7m@ycombinator.com,Female,Indonesia,1979/11/11
276,Poul,Docwra,pdocwra7n@state.gov,Male,Malaysia,1985/03/07
277,Adrian,Vasiliev,avasiliev7o@illinois.edu,Female,China,1964/05/06
278,Bartholomeus,Beckerleg,bbeckerleg7p@github.com,Male,United States,2000/07/20
279,Mallissa,Gibke,mgibke7q@google.de,Female,Israel,1980/04/19
280,Teressa,Gerrard,tgerrard7r@europa.eu,Female,Colombia,1985/05/10
281,Scott,Blazewicz,sblazewicz7s@hatena.ne.jp,Non-binary,China,1972/06/21
282,Kimbell,Aston,kaston7t@mapquest.com,Male,Russia,1954/05/29
283,Montgomery,Dorcey,mdorcey7u@flickr.com,Male,China,1999/08/30
284,Heloise,Bowe,hbowe7v@imdb.com,Female,China,1980/04/27
285,Philly,Seden,pseden7w@harvard.edu,Female,China,1994/01/04
286,Bartholomew,Cornfoot,bcornfoot7x@ftc.gov,Male,Nigeria,1984/04/24
287,Gilberte,Hilldrop,ghilldrop7y@unesco.org,Female,Cyprus,1981/09/13
288,Conan,Pawson,cpawson7z@ycombinator.com,Male,Malaysia,1957/07/11
289,Marabel,Snipe,msnipe80@1688.com,Genderqueer,Philippines,1961/04/26
290,Allison,Pashba,apashba81@vinaora.com,Polygender,Sweden,1961/02/10
291,Darrell,Reolfi,dreolfi82@spiegel.de,Male,Czech Republic,1997/03/29
292,Michaela,Harflete,mharflete83@usgs.gov,Agender,Russia,1991/01/15
293,Free,Lavielle,flavielle84@prnewswire.com,Male,Russia,1962/07/02
294,Marj,Novakovic,mnovakovic85@hhs.gov,Bigender,Indonesia,1958/07/18
295,Maddy,De Blasi,mdeblasi86@example.com,Male,Indonesia,1998/07/10
296,Margaret,Gwilym,mgwilym87@nydailynews.com,Bigender,Kenya,1962/09/26
297,Bondon,Debrick,bdebrick88@toplist.cz,Male,Poland,1995/11/27
298,Deb,Cranmore,dcranmore89@nydailynews.com,Female,Afghanistan,1957/04/13
299,Jobi,Zimmermanns,jzimmermanns8a@disqus.com,Female,China,1981/07/10
300,Augustin,Audry,aaudry8b@foxnews.com,Male,Czech Republic,1974/02/09
301,Peta,Sharrem,psharrem8c@ovh.net,Female,Croatia,1954/10/16
302,Rhianna,Float,rfloat8d@weebly.com,Female,Sweden,1983/11/23
303,Scotti,Pennigar,spennigar8e@nhs.uk,Male,Russia,1959/06/04
304,Bessy,Sixsmith,bsixsmith8f@cornell.edu,Female,Norway,1991/08/29
305,Min,Corrao,mcorrao8g@bigcartel.com,Female,Japan,1952/05/23
306,Skye,Sewell,ssewell8h@github.com,Male,Colombia,1993/07/08
307,Noemi,Casa,ncasa8i@plala.or.jp,Female,Russia,1983/07/11
308,Krista,Eleshenar,keleshenar8j@mediafire.com,Female,France,1966/12/04
309,Morley,Simonou,msimonou8k@w3.org,Genderfluid,Ukraine,1973/07/26
310,Thekla,Macbeth,tmacbeth8l@youku.com,Female,Thailand,1972/04/13
311,Dorene,Carlin,dcarlin8m@woothemes.com,Female,Philippines,1961/09/06
312,Donnie,Hradsky,dhradsky8n@slashdot.org,Female,Tajikistan,1979/06/23
313,Kristien,Cavalier,kcavalier8o@bloglines.com,Female,Philippines,1981/10/11
314,Deni,Marcroft,dmarcroft8p@va.gov,Female,Indonesia,1998/04/05
315,Georgianna,Lindenstrauss,glindenstrauss8q@rediff.com,Female,Philippines,1992/08/21
316,Jocko,Olenov,jolenov8r@ft.com,Male,Italy,1971/05/23
317,Peyton,Ketch,pketch8s@icio.us,Male,Portugal,1999/03/08
318,Stacy,Daton,sdaton8t@fc2.com,Female,United States,1994/05/11
319,Liana,Gulley,lgulley8u@nymag.com,Female,Philippines,1990/12/21
320,Alleyn,Doddridge,adoddridge8v@privacy.gov.au,Male,Indonesia,1976/05/04
321,Durand,Godbolt,dgodbolt8w@omniture.com,Male,China,1956/12/12
322,Nicolina,Wilstead,nwilstead8x@youtu.be,Female,Russia,1997/01/31
323,Aldin,Stollhofer,astollhofer8y@yale.edu,Male,China,1996/01/01
324,Lethia,Bennett,lbennett8z@tinypic.com,Female,Indonesia,1953/05/16
325,Jayne,Antognoni,jantognoni90@guardian.co.uk,Female,Indonesia,1951/08/08
326,Brad,Basili,bbasili91@meetup.com,Male,Denmark,1998/05/28
327,Chick,Adshed,cadshed92@pcworld.com,Male,China,1970/04/27
328,Kerby,Smithson,ksmithson93@digg.com,Male,Philippines,1968/08/30
329,Alvinia,Speed,aspeed94@nsw.gov.au,Female,Argentina,1975/06/29
330,Marline,Purdon,mpurdon95@economist.com,Genderfluid,Brazil,1963/02/23
331,Dukey,Sudlow,dsudlow96@desdev.cn,Bigender,China,1978/06/27
332,Abra,Gowenlock,agowenlock97@livejournal.com,Female,Portugal,1951/12/07
333,Jeramie,Renouf,jrenouf98@google.de,Agender,China,1960/04/23
334,Mella,Motte,mmotte99@mlb.com,Female,Sudan,1978/04/10
335,Rory,Rizon,rrizon9a@digg.com,Bigender,Sweden,1997/02/17
336,Cher,Drexel,cdrexel9b@cisco.com,Female,Cameroon,1966/05/01
337,Nell,Bumpus,nbumpus9c@google.com.br,Female,France,1987/12/06
338,Buffy,MacCarrick,bmaccarrick9d@devhub.com,Female,Afghanistan,1994/01/31
339,Dawna,Kielty,dkielty9e@acquirethisname.com,Female,Russia,1986/01/27
340,Dory,O'Hagerty,dohagerty9f@fastcompany.com,Male,Lithuania,1997/05/10
341,Upton,Duffield,uduffield9g@princeton.edu,Male,Russia,1986/10/19
342,Susan,Pellew,spellew9h@google.es,Female,China,1984/07/05
343,Murvyn,Dossett,mdossett9i@netvibes.com,Male,Nigeria,1978/10/14
344,Crawford,Nangle,cnangle9j@opera.com,Male,Brazil,1998/12/01
345,Christi,Carlon,ccarlon9k@seesaa.net,Female,China,1956/03/25
346,Fabe,Willavize,fwillavize9l@dyndns.org,Male,Sweden,1957/07/14
347,Sherwood,Dineen,sdineen9m@so-net.ne.jp,Male,China,1958/03/09
348,Corene,Otridge,cotridge9n@mail.ru,Female,Israel,1999/07/05
349,Filberto,De Courtney,fdecourtney9o@imageshack.us,Male,Portugal,1973/03/22
350,Shannon,McCathay,smccathay9p@apple.com,Male,Mexico,1972/05/15
351,Berke,Levicount,blevicount9q@nasa.gov,Male,Nigeria,1976/08/16
352,Allan,Daniele,adaniele9r@networksolutions.com,Male,Poland,1988/07/23
353,Wang,Leishman,wleishman9s@xing.com,Male,Brazil,1985/08/20
354,Pamela,Turvie,pturvie9t@odnoklassniki.ru,Female,Slovenia,1998/08/29
355,Laurella,Oxenham,loxenham9u@de.vu,Female,France,1984/05/28
356,Sansone,Matej,smatej9v@guardian.co.uk,Male,Thailand,1983/12/11
357,Nicholas,Glaves,nglaves9w@quantcast.com,Male,Indonesia,1951/04/01
358,Mar,O'Sheerin,mosheerin9x@google.ca,Male,Norway,1970/10/19
359,Mead,Bean,mbean9y@ustream.tv,Female,Poland,1979/08/20
360,Alecia,Stelfax,astelfax9z@blog.com,Female,Colombia,2000/07/14
361,Muffin,Brammar,mbrammara0@chron.com,Male,China,1961/06/09
362,Nicol,St Louis,nstlouisa1@etsy.com,Male,Indonesia,1970/09/14
363,Andros,Moult,amoulta2@icq.com,Male,Syria,1980/09/12
364,Cristobal,Maloney,cmaloneya3@wunderground.com,Male,China,1974/06/25
365,Allina,Rude,arudea4@reference.com,Female,Cameroon,1963/09/24
366,Cliff,Slisby,cslisbya5@unicef.org,Male,Israel,1966/12/06
367,Perice,Longcake,plongcakea6@naver.com,Male,China,1966/06/01
368,Thatcher,McLachlan,tmclachlana7@goodreads.com,Male,Greece,1954/12/20
369,Cleo,Tatem,ctatema8@princeton.edu,Female,Argentina,1990/09/21
370,Delcina,Baumber,dbaumbera9@chronoengine.com,Female,Poland,1959/03/21
371,Murry,Ornelas,mornelasaa@jalbum.net,Male,Thailand,1955/08/22
372,Michaela,Cluer,mcluerab@mozilla.com,Female,China,1999/11/07
373,Agathe,Rennolds,arennoldsac@forbes.com,Female,Ukraine,1987/01/01
374,Sunny,Ondracek,sondracekad@netscape.com,Male,Philippines,1956/03/11
375,Mata,Syfax,msyfaxae@multiply.com,Male,Greece,1967/04/08
376,Jenelle,Blockwell,jblockwellaf@list-manage.com,Female,Philippines,1956/02/08
377,Errol,Gostall,egostallag@vk.com,Male,Yemen,1987/09/10
378,Norine,Troy,ntroyah@bbb.org,Female,Sweden,1977/12/06
379,Pat,Linnane,plinnaneai@epa.gov,Male,Portugal,1991/02/16
380,Casar,Habergham,chaberghamaj@timesonline.co.uk,Male,China,1967/01/16
381,Cecil,Aleshintsev,caleshintsevak@eventbrite.com,Male,Sweden,1987/01/26
382,Mitch,But,mbutal@google.pl,Male,Poland,1975/06/19
383,Prisca,Pettecrew,ppettecrewam@themeforest.net,Female,France,1966/11/05
384,Astra,Bisgrove,abisgrovean@about.com,Female,Japan,1979/05/16
385,Jeniffer,Cottham,jcotthamao@patch.com,Female,Russia,1971/04/01
386,Debora,Klaiser,dklaiserap@sakura.ne.jp,Female,Greece,1977/02/03
387,Spense,Rysdale,srysdaleaq@51.la,Male,Philippines,1984/06/05
388,Michele,Scothron,mscothronar@nih.gov,Non-binary,China,1993/12/03
389,Chrisse,Cirlos,ccirlosas@hc360.com,Male,Pakistan,1956/06/20
390,Kerrie,Kleen,kkleenat@google.it,Female,Ukraine,1957/02/15
391,Roxine,Thurnham,rthurnhamau@hp.com,Female,Philippines,1990/09/25
392,Megen,Steers,msteersav@sourceforge.net,Female,Ethiopia,1962/10/15
393,Adi,Meagher,ameagheraw@google.cn,Genderqueer,China,1978/01/02
394,Thekla,Franzman,tfranzmanax@g.co,Female,Tunisia,1972/04/11
395,Den,Bolf,dbolfay@un.org,Male,United States,1986/02/18
396,Evelina,Paulton,epaultonaz@skype.com,Female,Ukraine,1952/02/01
397,Arvy,Tomlin,atomlinb0@instagram.com,Male,Ukraine,1971/04/11
398,Chevy,Jeandot,cjeandotb1@blogspot.com,Male,Tanzania,1990/09/08
399,Brennen,Tolmie,btolmieb2@behance.net,Male,Estonia,1996/05/07
400,Tedi,Bohin,tbohinb3@geocities.com,Non-binary,Russia,1963/01/03
401,Bertrando,Skate,bskateb4@boston.com,Male,Finland,1956/03/08
402,Eliza,Gibbings,egibbingsb5@hud.gov,Female,Croatia,1963/12/06
403,Devina,Trevna,dtrevnab6@unblog.fr,Female,Colombia,1957/09/21
404,Lambert,Endecott,lendecottb7@ocn.ne.jp,Male,Chile,1977/12/16
405,Fabe,McElane,fmcelaneb8@netlog.com,Male,Morocco,1983/03/27
406,Martelle,Westby,mwestbyb9@photobucket.com,Female,Philippines,1997/11/20
407,Hermina,Elgood,helgoodba@unesco.org,Female,Cuba,1979/06/18
408,Rois,Chave,rchavebb@myspace.com,Female,Indonesia,1991/03/31
409,Lia,Linkin,llinkinbc@yahoo.co.jp,Female,Czech Republic,1989/02/27
410,Mitchael,Thominga,mthomingabd@yellowpages.com,Male,France,1977/04/25
411,Brian,Elleton,belletonbe@pen.io,Male,China,1959/11/10
412,Evita,Normand,enormandbf@yellowpages.com,Female,Indonesia,1968/08/18
413,Osborne,Killiam,okilliambg@list-manage.com,Male,Portugal,1999/02/09
414,Timothee,Connachan,tconnachanbh@istockphoto.com,Male,Indonesia,1976/04/14
415,Hercules,Duinbleton,hduinbletonbi@sohu.com,Male,Indonesia,1959/11/20
416,Jorry,Morling,jmorlingbj@dmoz.org,Female,Iran,1976/08/20
417,Homerus,Atley,hatleybk@barnesandnoble.com,Male,China,1967/06/25
418,Vladamir,O'Hartnedy,vohartnedybl@bigcartel.com,Male,Russia,1952/10/08
419,Alameda,Ziemens,aziemensbm@sbwire.com,Female,Ukraine,1985/10/08
420,Dorolisa,Singh,dsinghbn@economist.com,Female,Brazil,1993/01/06
421,Cal,Balam,cbalambo@europa.eu,Male,Canada,1959/02/17
422,Keslie,Isaq,kisaqbp@amazon.co.uk,Female,Bolivia,1980/10/04
423,Lynnet,Langelaan,llangelaanbq@squidoo.com,Female,Indonesia,1991/04/12
424,Leodora,Blyth,lblythbr@mozilla.org,Agender,Indonesia,1961/08/22
425,Kettie,Helleckas,khelleckasbs@time.com,Female,United Kingdom,1953/12/01
426,Cacilia,Ennew,cennewbt@ucoz.ru,Female,China,1956/10/20
427,Juliet,Laybourne,jlaybournebu@mit.edu,Polygender,Philippines,1953/12/07
428,Virginia,Bignell,vbignellbv@reuters.com,Female,Brazil,1992/07/29
429,Chariot,Ethelston,cethelstonbw@deviantart.com,Male,Cuba,1999/02/04
430,Vanda,Millichip,vmillichipbx@macromedia.com,Female,Canada,1957/03/22
431,Melinda,Eliff,meliffby@psu.edu,Female,Canada,1959/10/07
432,Aleen,Wilding,awildingbz@miibeian.gov.cn,Female,Sweden,1987/01/25
433,Papagena,Caven,pcavenc0@pagesperso-orange.fr,Female,China,1994/11/17
434,Charlean,Leadbitter,cleadbitterc1@hao123.com,Female,China,1958/03/06
435,Rosamund,Spancock,rspancockc2@businessinsider.com,Female,Indonesia,1995/02/14
436,Aldus,Tallowin,atallowinc3@google.co.jp,Agender,Indonesia,1976/01/19
437,Loren,Mauro,lmauroc4@cloudflare.com,Female,Philippines,1989/03/06
438,Evangelia,Delos,edelosc5@nps.gov,Female,United States,1968/09/19
439,Clarence,Shepley,cshepleyc6@reuters.com,Male,Brazil,1956/09/01
440,Reube,Biset,rbisetc7@digg.com,Male,Brazil,1976/09/29
441,Torrie,Glacken,tglackenc8@webnode.com,Female,Russia,1955/10/29
442,Sheela,Coppock.,scoppockc9@google.it,Female,Honduras,1988/12/30
443,Malissia,Bagguley,mbagguleyca@google.ru,Bigender,Honduras,1968/12/18
444,Dionne,Bromfield,dbromfieldcb@utexas.edu,Female,Somalia,1965/02/15
445,Susie,Dunstall,sdunstallcc@mediafire.com,Bigender,France,1988/07/22
446,Harli,Phorsby,hphorsbycd@bigcartel.com,Female,Indonesia,1959/07/26
447,Carlos,Gallego,cgallegoce@meetup.com,Male,Greece,1965/04/05
448,Carleton,Ralls,crallscf@gov.uk,Male,China,1967/10/17
449,Alfons,Buscombe,abuscombecg@nifty.com,Male,China,1977/10/17
450,Ammamaria,Lindfors,alindforsch@engadget.com,Female,Philippines,1957/06/01
451,Devy,Pigrome,dpigromeci@drupal.org,Male,Philippines,1963/09/27
452,Berkie,Wornum,bwornumcj@imdb.com,Male,Argentina,1978/08/15
453,Olivie,Loney,oloneyck@ocn.ne.jp,Female,China,1992/01/22
454,Robb,de Aguirre,rdeaguirrecl@soundcloud.com,Male,Philippines,1977/01/19
455,Franny,Marval,fmarvalcm@shinystat.com,Male,Belarus,1977/04/06
456,Daveta,MacRorie,dmacroriecn@pagesperso-orange.fr,Female,Indonesia,1956/12/19
457,Cullan,Gossage,cgossageco@nhs.uk,Male,Greece,1997/10/06
458,Joey,Spellesy,jspellesycp@engadget.com,Female,Croatia,1963/04/01
459,Eddy,Goodrick,egoodrickcq@csmonitor.com,Non-binary,Czech Republic,1993/03/23
460,Janos,Kier,jkiercr@si.edu,Male,China,1953/02/15
461,Bree,Paddie,bpaddiecs@yale.edu,Female,Egypt,1987/09/11
462,Lynnett,Anthonies,lanthoniesct@blogs.com,Female,Malaysia,1970/02/27
463,Juieta,Burness,jburnesscu@nytimes.com,Female,Indonesia,1974/04/25
464,Nola,Drinkhall,ndrinkhallcv@cornell.edu,Female,Palau,1962/01/03
465,Marvin,McNamara,mmcnamaracw@wired.com,Male,United States,1981/12/02
466,Jennifer,Shillan,jshillancx@weibo.com,Female,Nicaragua,1980/08/06
467,Bernhard,Longhorne,blonghornecy@tumblr.com,Male,Sweden,1965/06/27
468,Costa,Lasty,clastycz@booking.com,Male,Brazil,1957/02/14
469,Trescha,Waddicor,twaddicord0@harvard.edu,Female,Latvia,1971/11/04
470,Sawyere,Antonovic,santonovicd1@prweb.com,Male,Philippines,1976/06/15
471,Phylis,Collin,pcollind2@wordpress.com,Female,China,1972/05/07
472,Ichabod,Crank,icrankd3@ft.com,Male,Argentina,1966/08/25
473,Sunny,O'Beirne,sobeirned4@bbb.org,Female,Canada,1987/05/01
474,Leola,Ballam,lballamd5@usa.gov,Female,Philippines,1963/01/07
475,Pasquale,Pirri,ppirrid6@adobe.com,Male,Lesotho,1993/06/01
476,Felicle,Wilstead,fwilsteadd7@cam.ac.uk,Female,Poland,1977/04/19
477,Jacquelin,Marages,jmaragesd8@unc.edu,Female,Indonesia,1956/02/28
478,Julia,Loosley,jloosleyd9@forbes.com,Non-binary,Brazil,1955/10/31
479,Eileen,Fosdike,efosdikeda@ca.gov,Female,Indonesia,1968/03/21
480,Fidelity,Dartnell,fdartnelldb@thetimes.co.uk,Female,Puerto Rico,1956/01/16
481,Alfonso,Cheesley,acheesleydc@bandcamp.com,Male,Spain,1951/12/01
482,Vassili,Bensley,vbensleydd@google.fr,Male,Russia,1989/11/11
483,Danella,Wisniowski,dwisniowskide@vimeo.com,Female,Sweden,1976/06/15
484,Shae,Whiff,swhiffdf@jalbum.net,Non-binary,China,1973/10/02
485,Stormie,Tortoise,stortoisedg@ucoz.com,Female,Japan,1973/03/07
486,Ignace,Hyatt,ihyattdh@google.co.jp,Polygender,Guadeloupe,1980/12/16
487,Damaris,Paddeley,dpaddeleydi@pinterest.com,Female,Indonesia,1990/12/30
488,Justus,Zima,jzimadj@themeforest.net,Male,Iran,1950/12/09
489,Sylas,Mildenhall,smildenhalldk@google.co.jp,Agender,Indonesia,1965/03/13
490,Chere,Height,cheightdl@smugmug.com,Female,Palestinian Territory,1958/02/21
491,Teodoro,Cottom,tcottomdm@reverbnation.com,Male,China,1983/07/26
492,Tawsha,Meighan,tmeighandn@comcast.net,Female,Nicaragua,1999/01/08
493,Emma,McNickle,emcnickledo@admin.ch,Female,Greece,1991/03/02
494,Theresa,Abrahamsson,tabrahamssondp@soundcloud.com,Female,Micronesia,1951/11/02
495,Tristan,Bladge,tbladgedq@wunderground.com,Genderqueer,China,1991/06/14
496,Mathilde,Bruntjen,mbruntjendr@loc.gov,Genderfluid,United States,1982/10/26
497,Wang,Farnaby,wfarnabyds@webmd.com,Male,Cyprus,1991/09/05
498,Estrellita,Cridge,ecridgedt@theatlantic.com,Female,Canada,1968/09/06
499,Glenden,Glowach,gglowachdu@exblog.jp,Male,Philippines,1958/11/12
500,Marlane,MacSherry,mmacsherrydv@biblegateway.com,Female,China,1981/05/10
501,Harley,Morison,hmorisondw@ibm.com,Male,South Korea,1981/08/31
502,Lisle,Realff,lrealffdx@latimes.com,Male,China,1957/08/24
503,Brianna,Lorente,blorentedy@baidu.com,Female,Bosnia and Herzegovina,1971/08/11
504,Janenna,D'Onise,jdonisedz@elegantthemes.com,Female,Serbia,1972/04/30
505,Lura,Szimoni,lszimonie0@google.ca,Female,Sweden,1953/12/09
506,Elinore,Briand,ebriande1@etsy.com,Female,Philippines,1967/04/24
507,Robin,Heiss,rheisse2@hexun.com,Female,France,1975/12/02
508,Micaela,Tetsall,mtetsalle3@shinystat.com,Female,Indonesia,1958/10/19
509,Junia,Orrom,jorrome4@wired.com,Genderfluid,Russia,1956/02/04
510,Eartha,Lorans,eloranse5@walmart.com,Female,Chile,1961/08/19
511,Holt,Laight,hlaighte6@wikipedia.org,Male,China,1993/09/27
512,Alisha,Coling,acolinge7@sina.com.cn,Female,Niger,1985/10/15
513,Pen,Bowsher,pbowshere8@symantec.com,Male,Indonesia,1996/06/18
514,Dominique,Gaddas,dgaddase9@abc.net.au,Male,Sweden,1957/11/23
515,Daren,Halfhide,dhalfhideea@vkontakte.ru,Male,China,1981/02/09
516,Emanuele,Ridge,eridgeeb@lycos.com,Male,Poland,1956/03/30
517,Zelda,Laidlow,zlaidlowec@irs.gov,Female,China,1997/04/04
518,Margaret,Munkley,mmunkleyed@bing.com,Female,Indonesia,1951/10/02
519,Vinnie,Stoyell,vstoyellee@dedecms.com,Female,France,1951/04/29
520,Ninetta,Ruby,nrubyef@gov.uk,Female,Ireland,1965/08/14
521,Jodee,Colliss,jcollisseg@arstechnica.com,Female,Denmark,1957/04/29
522,Irwin,Lynthal,ilynthaleh@nhs.uk,Male,Philippines,1968/11/24
523,Jackson,Cesco,jcescoei@uol.com.br,Genderfluid,Poland,1990/12/27
524,Petey,Killbey,pkillbeyej@joomla.org,Male,Philippines,1995/07/24
525,Trip,Sullly,tsulllyek@msn.com,Male,Brazil,1974/12/11
526,Ansell,Perez,aperezel@utexas.edu,Male,China,1971/01/02
527,Valdemar,Harpin,vharpinem@narod.ru,Male,Belarus,1985/10/07
528,Lela,Loftin,lloftinen@eepurl.com,Female,Indonesia,1952/07/07
529,Clayton,Ivanyushin,civanyushineo@example.com,Agender,Ukraine,1994/09/08
530,Kania,Kieran,kkieranep@aol.com,Genderfluid,China,1996/04/28
531,Cheslie,Lesslie,clesslieeq@google.com.hk,Female,Georgia,1991/12/25
532,Darby,Sedgeworth,dsedgeworther@free.fr,Male,Czech Republic,1975/09/02
533,Shaina,Sigars,ssigarses@example.com,Female,Bahamas,1959/09/10
534,Norrie,Bigadike,nbigadikeet@wired.com,Male,Indonesia,1997/06/24
535,Idette,Rosi,irosieu@163.com,Female,China,1972/12/17
536,Debbi,Dey,ddeyev@comsenz.com,Female,Indonesia,1955/04/21
537,Tybi,Lacoste,tlacosteew@w3.org,Female,Portugal,1996/04/23
538,Barrie,Fillis,bfillisex@wikimedia.org,Male,Philippines,1951/04/15
539,Dallon,Stancliffe,dstancliffeey@time.com,Male,Afghanistan,1954/05/30
540,Lindsay,Tooby,ltoobyez@google.it,Male,Cuba,1964/02/19
541,Giuditta,Hentzeler,ghentzelerf0@slate.com,Female,Senegal,1997/02/23
542,Edwin,Brear,ebrearf1@google.co.uk,Male,Cuba,1975/08/02
543,Guillemette,O'Scandall,goscandallf2@studiopress.com,Female,Russia,1985/02/17
544,Winnifred,Duell,wduellf3@wisc.edu,Female,Brazil,1970/06/08
545,Robinet,Llopis,rllopisf4@mediafire.com,Female,China,1960/08/19
546,Norean,Lambell,nlambellf5@ucla.edu,Female,Canada,1986/10/09
547,Latrina,Fenix,lfenixf6@cnbc.com,Female,Indonesia,1988/08/30
548,Demetri,Bakewell,dbakewellf7@va.gov,Male,China,1955/09/01
549,Meaghan,Dent,mdentf8@state.gov,Female,France,1999/01/28
550,Starr,Pattullo,spattullof9@ed.gov,Female,Croatia,1984/01/11
551,Aloysia,Eichmann,aeichmannfa@ycombinator.com,Female,Iran,1973/03/12
552,Miguelita,Arndt,marndtfb@unblog.fr,Female,Indonesia,1972/08/02
553,Marlo,Malan,mmalanfc@redcross.org,Male,China,1964/07/07
554,Mollie,Glasgow,mglasgowfd@bing.com,Female,Thailand,1973/11/07
555,Sallee,Simonsson,ssimonssonfe@chicagotribune.com,Female,Albania,1954/02/01
556,Brigit,McGriele,bmcgrieleff@ted.com,Female,Russia,1978/10/15
557,Avery,Antunez,aantunezfg@sciencedirect.com,Male,Brazil,1957/08/27
558,Codee,Warkup,cwarkupfh@bandcamp.com,Female,China,1966/09/30
559,Hilliard,Norrington,hnorringtonfi@tumblr.com,Male,Portugal,1968/02/03
560,Burlie,Ivankov,bivankovfj@google.fr,Male,Philippines,1958/03/21
561,Pascale,Pigram,ppigramfk@usatoday.com,Male,Portugal,1987/08/29
562,Aubrey,Singers,asingersfl@discuz.net,Female,Guatemala,1996/06/04
563,Yehudit,Petrusch,ypetruschfm@rediff.com,Male,Indonesia,1993/04/19
564,Kent,Moyser,kmoyserfn@earthlink.net,Male,China,1998/07/04
565,Rudyard,Charnick,rcharnickfo@marketwatch.com,Male,Ukraine,1983/01/19
566,Marchall,Pinney,mpinneyfp@is.gd,Male,China,1998/01/27
567,Ermin,Lambertini,elambertinifq@elegantthemes.com,Male,Japan,1963/08/12
568,Alanna,Shailer,ashailerfr@mashable.com,Female,Panama,1961/11/30
569,Cordy,Sweeting,csweetingfs@trellian.com,Male,Indonesia,1991/01/20
570,Lionel,Pimblott,lpimblottft@discovery.com,Male,Thailand,1977/08/25
571,Fabiano,Fitzsymon,ffitzsymonfu@macromedia.com,Male,China,1953/09/23
572,Aldo,Harp,aharpfv@histats.com,Male,Canada,1955/06/25
573,Amitie,McAless,amcalessfw@amazon.co.jp,Female,Greece,1972/08/06
574,Amil,Findley,afindleyfx@bbc.co.uk,Female,Philippines,1969/09/01
575,Crosby,Skewis,cskewisfy@friendfeed.com,Male,Sweden,1990/04/10
576,Melany,Jeskins,mjeskinsfz@harvard.edu,Female,Myanmar,1974/03/03
577,Artair,Piscopo,apiscopog0@themeforest.net,Male,Poland,1963/06/24
578,Terrance,Hinken,thinkeng1@purevolume.com,Male,China,1966/08/27
579,Marney,Filyushkin,mfilyushking2@nationalgeographic.com,Female,Mexico,1951/10/15
580,Conrade,Poyntz,cpoyntzg3@51.la,Male,Czech Republic,1952/04/28
581,Hadrian,Osmond,hosmondg4@imdb.com,Non-binary,Uzbekistan,1979/01/21
582,Elbertina,MacArd,emacardg5@si.edu,Female,China,1968/03/24
583,Rafaello,Wyllt,rwylltg6@paypal.com,Male,Portugal,1952/01/07
584,Bernice,Heather,bheatherg7@springer.com,Female,Philippines,1955/07/18
585,Noel,Fishley,nfishleyg8@sourceforge.net,Male,China,1994/11/16
586,Carlos,Saltern,csalterng9@eventbrite.com,Male,Russia,1975/05/11
587,Lauryn,Juares,ljuaresga@ow.ly,Female,Albania,1999/10/15
588,Jaquelin,Seakin,jseakingb@imgur.com,Female,Philippines,1968/07/17
589,Jillana,Scourge,jscourgegc@mozilla.com,Female,Philippines,1988/03/04
590,Sophia,Scotting,sscottinggd@behance.net,Non-binary,Philippines,1956/12/22
591,Lucian,Whiteman,lwhitemange@scientificamerican.com,Male,China,1959/11/13
592,Teresina,Duran,tdurangf@mapquest.com,Female,Vietnam,1971/01/07
593,Joanne,Fairbrace,jfairbracegg@xing.com,Female,Russia,1959/10/15
594,Leilah,Moodie,lmoodiegh@cpanel.net,Female,Czech Republic,1963/08/10
595,Libbey,Cakebread,lcakebreadgi@comsenz.com,Female,Thailand,1971/01/22
596,Benjamin,Leask,bleaskgj@angelfire.com,Male,Myanmar,1960/02/24
597,Jannel,Rubinsohn,jrubinsohngk@mayoclinic.com,Bigender,Nepal,1987/06/30
598,Kelsey,MacGiolla Pheadair,kmacgiollapheadairgl@census.gov,Male,Russia,1996/11/13
599,Vinni,Heckner,vhecknergm@smugmug.com,Female,Philippines,1961/01/04
600,Townsend,Camock,tcamockgn@ifeng.com,Bigender,Russia,1955/07/04
601,Pattin,Buckner,pbucknergo@nifty.com,Male,China,1971/11/05
602,Pablo,Hedges,phedgesgp@furl.net,Male,Russia,1960/06/19
603,Serge,Cranke,scrankegq@ebay.com,Male,Indonesia,1955/02/08
604,Prescott,Merring,pmerringgr@usda.gov,Male,China,1961/11/18
605,Caro,Redfern,credferngs@amazonaws.com,Female,Madagascar,1969/11/23
606,Faustina,Edgley,fedgleygt@ox.ac.uk,Female,United States,1980/01/10
607,Stephenie,Collimore,scollimoregu@istockphoto.com,Female,Indonesia,1951/11/01
608,Lesley,Dishmon,ldishmongv@google.com.hk,Male,Mongolia,1988/09/03
609,Berni,Barradell,bbarradellgw@cornell.edu,Female,China,1968/08/07
610,Birch,Jeppensen,bjeppensengx@elegantthemes.com,Male,China,1951/02/13
611,Marylee,Hardage,mhardagegy@tripadvisor.com,Genderqueer,Sweden,1989/12/30
612,Roselia,Waterhouse,rwaterhousegz@smh.com.au,Female,China,1965/04/25
613,Clemente,Kearney,ckearneyh0@google.com.br,Male,Philippines,1962/06/12
614,Misti,Dallin,mdallinh1@rambler.ru,Female,Angola,2000/09/08
615,Jeramie,Folder,jfolderh2@apple.com,Male,China,1996/04/17
616,Dallis,Kynett,dkynetth3@discuz.net,Male,Peru,1995/08/09
617,Edmon,Kynton,ekyntonh4@w3.org,Male,Thailand,1960/12/03
618,Candi,Oakshott,coakshotth5@forbes.com,Female,Panama,1984/01/29
619,Helene,Goding,hgodingh6@tinypic.com,Female,Poland,1964/10/02
620,Georgina,Dabnor,gdabnorh7@blog.com,Female,Brazil,1958/05/31
621,Liliane,Beeres,lbeeresh8@epa.gov,Agender,Colombia,1974/05/15
622,Lorette,Shere,lshereh9@census.gov,Female,Ukraine,1963/11/24
623,Danice,Crathorne,dcrathorneha@utexas.edu,Female,Colombia,1951/12/12
624,Berky,Giorgiutti,bgiorgiuttihb@eventbrite.com,Male,China,1968/08/04
625,Blair,Kaufman,bkaufmanhc@japanpost.jp,Female,Angola,1961/01/03
626,Lulita,Fulmen,lfulmenhd@amazon.co.uk,Female,Kazakhstan,1962/09/12
627,Nicolai,McCurry,nmccurryhe@nasa.gov,Male,Czech Republic,1951/06/10
628,Winnah,Spears,wspearshf@wiley.com,Female,Canada,1976/10/12
629,Dorey,Luparti,dlupartihg@seattletimes.com,Female,China,1976/03/10
630,Lester,Bettleson,lbettlesonhh@about.me,Genderqueer,Sweden,1979/12/27
631,Darwin,Broadstock,dbroadstockhi@networksolutions.com,Male,Macedonia,1963/09/23
632,Demetris,Ketchen,dketchenhj@wix.com,Female,Brazil,1998/01/07
633,Abelard,Welsby,awelsbyhk@indiatimes.com,Male,Niger,1966/07/24
634,Vaughan,Chambers,vchambershl@ovh.net,Male,Czech Republic,1964/08/20
635,Laina,Gregor,lgregorhm@comsenz.com,Female,China,1982/01/24
636,Franz,Elliman,fellimanhn@earthlink.net,Male,Indonesia,1967/03/01
637,Germaine,Standall,gstandallho@webs.com,Male,Guatemala,1955/02/13
638,Dianna,Yaknov,dyaknovhp@infoseek.co.jp,Female,Poland,1993/08/26
639,Audrie,Oakinfold,aoakinfoldhq@newyorker.com,Female,China,1986/05/28
640,Jennette,Aven,javenhr@youtube.com,Female,Indonesia,1956/12/23
641,Vinnie,Greenard,vgreenardhs@sina.com.cn,Female,United States,1995/10/04
642,Nan,Bachmann,nbachmannht@lycos.com,Female,Russia,1972/02/18
643,Clark,Tidbold,ctidboldhu@photobucket.com,Male,Thailand,1973/03/07
644,Ceil,Wasselin,cwasselinhv@lulu.com,Female,Germany,1972/09/14
645,Reggy,Nortcliffe,rnortcliffehw@newsvine.com,Male,Honduras,1988/05/26
646,Karla,Pasquale,kpasqualehx@ow.ly,Female,Vietnam,1961/07/24
647,Keely,Coviello,kcoviellohy@unicef.org,Female,United States,1974/05/21
648,Norbert,O'Hoey,nohoeyhz@wired.com,Male,Belarus,1999/01/06
649,Archibold,Hebbs,ahebbsi0@reddit.com,Male,Philippines,1983/08/15
650,Carlos,Chesterton,cchestertoni1@newsvine.com,Polygender,Nigeria,1958/11/26
651,Georgianne,Plummer,gplummeri2@cam.ac.uk,Female,Philippines,1990/11/19
652,Lianne,Westberg,lwestbergi3@tmall.com,Genderfluid,China,1977/03/28
653,Arin,Gowen,agoweni4@cdbaby.com,Male,Brazil,1972/10/18
654,Bennett,Le Pruvost,blepruvosti5@delicious.com,Male,Portugal,1979/06/06
655,Germayne,Wyson,gwysoni6@diigo.com,Male,Russia,1982/04/25
656,Charlean,Forseith,cforseithi7@pcworld.com,Female,Russia,1988/08/22
657,Tabbitha,Ondrus,tondrusi8@t.co,Female,China,1968/11/02
658,Nicholas,Godsal,ngodsali9@chronoengine.com,Male,Portugal,1955/05/05
659,Hansiain,Baal,hbaalia@marriott.com,Male,China,1961/02/13
660,Irene,Reckless,irecklessib@sogou.com,Female,United States,1963/09/15
661,Ryun,Dwelley,rdwelleyic@ask.com,Male,Spain,1964/11/06
662,Gino,Fisbey,gfisbeyid@prnewswire.com,Male,Colombia,1991/02/25
663,Lebbie,Chrichton,lchrichtonie@mozilla.org,Female,China,1973/02/21
664,Fayette,Abrahami,fabrahamiif@1und1.de,Female,Palestinian Territory,1962/01/06
665,Audrey,Ginty,agintyig@ameblo.jp,Female,Philippines,1980/09/21
666,Davie,Mantripp,dmantrippih@gravatar.com,Male,Poland,1981/09/24
667,Werner,Bims,wbimsii@wiley.com,Male,Uzbekistan,1995/06/12
668,Vin,Huffadine,vhuffadineij@yale.edu,Male,Japan,1955/04/21
669,Alf,Gregolin,agregolinik@techcrunch.com,Male,Brazil,1998/01/19
670,Quent,Drage,qdrageil@tiny.cc,Male,Vietnam,1992/09/04
671,Joanne,Messingham,jmessinghamim@gnu.org,Female,Poland,1951/06/06
672,Keven,Hemms,khemmsin@nps.gov,Male,Argentina,1978/07/24
673,Marcile,Cushe,mcusheio@yandex.ru,Female,France,1963/05/30
674,Daloris,Burkinshaw,dburkinshawip@aol.com,Female,Russia,1996/03/25
675,Mattie,Craigmile,mcraigmileiq@desdev.cn,Male,Norway,1994/01/09
676,Ysabel,Pacher,ypacherir@baidu.com,Female,Norway,1968/01/13
677,Ryon,Demangeon,rdemangeonis@yale.edu,Male,Armenia,1978/10/17
678,Carlin,Arnall,carnallit@facebook.com,Male,Portugal,1983/09/06
679,Rodger,Bielfeld,rbielfeldiu@youku.com,Male,Serbia,1986/12/18
680,Ben,Billham,bbillhamiv@noaa.gov,Male,China,1978/07/09
681,Madison,Canedo,mcanedoiw@cargocollective.com,Male,Poland,1978/07/31
682,Susanne,Neem,sneemix@netscape.com,Female,Guatemala,1989/05/22
683,Thorvald,Selwyn,tselwyniy@sfgate.com,Male,Russia,1978/07/19
684,Briana,Ludvigsen,bludvigseniz@globo.com,Female,Peru,1986/12/10
685,Oswell,Brumhead,obrumheadj0@microsoft.com,Male,China,1988/10/05
686,Francine,Battersby,fbattersbyj1@squidoo.com,Female,China,1959/07/09
687,Ange,Wooffinden,awooffindenj2@linkedin.com,Female,France,2000/10/02
688,Fabiano,Tondeur,ftondeurj3@w3.org,Male,Uruguay,1967/11/17
689,Aubry,Stidson,astidsonj4@springer.com,Female,Russia,1970/08/12
690,Bryon,Mucklestone,bmucklestonej5@google.fr,Male,Poland,1981/01/29
691,Bobine,Wateridge,bwateridgej6@washingtonpost.com,Female,Ukraine,1991/08/30
692,Dina,Napoleon,dnapoleonj7@opensource.org,Female,China,1972/08/10
693,Raquela,Thombleson,rthomblesonj8@joomla.org,Female,China,1984/01/21
694,Lilah,Timbridge,ltimbridgej9@ca.gov,Female,United States,1967/05/09
695,Meridith,Abramov,mabramovja@ucsd.edu,Genderfluid,Czech Republic,1979/06/08
696,Julina,Guirardin,jguirardinjb@flickr.com,Female,Thailand,1967/06/03
697,Courtney,Benoix,cbenoixjc@google.com.hk,Female,China,1975/06/08
698,Moll,Snalham,msnalhamjd@xing.com,Female,France,1984/01/10
699,Carlos,Mussetti,cmussettije@flavors.me,Male,Poland,1957/12/03
700,Felita,Drugan,fdruganjf@oaic.gov.au,Female,Sweden,1974/08/10
701,Freddy,Worgan,fworganjg@moonfruit.com,Male,Philippines,1988/08/05
702,Ashbey,McCrackem,amccrackemjh@so-net.ne.jp,Male,Colombia,1984/11/09
703,Modesta,Sommerland,msommerlandji@google.com.hk,Agender,China,1984/06/20
704,Amory,Sponer,asponerjj@godaddy.com,Male,Armenia,1960/06/01
705,Ashton,Cassely,acasselyjk@utexas.edu,Male,Pakistan,1973/07/15
706,Vite,Cancott,vcancottjl@usa.gov,Male,Philippines,1969/03/08
707,Laurianne,Cawt,lcawtjm@businessinsider.com,Female,Indonesia,1968/12/21
708,Ebenezer,Cowans,ecowansjn@amazon.com,Male,Vietnam,1964/06/23
709,Mayne,Medlicott,mmedlicottjo@arizona.edu,Male,Greece,1964/06/13
710,Davide,Ducket,dducketjp@wufoo.com,Male,Cuba,1964/07/18
711,Rosemarie,Cianelli,rcianellijq@dion.ne.jp,Female,China,1971/03/25
712,Olivette,Willoway,owillowayjr@apache.org,Female,China,1973/08/07
713,Lucille,Unthank,lunthankjs@globo.com,Female,Brazil,1987/10/06
714,Doy,Van Hove,dvanhovejt@posterous.com,Male,United States,1967/04/23
715,Boothe,Infantino,binfantinoju@drupal.org,Male,China,1993/06/30
716,Sella,Richardot,srichardotjv@facebook.com,Female,Cayman Islands,1989/12/30
717,Jens,Perche,jperchejw@google.ru,Male,Georgia,1964/08/09
718,Jimmie,Healing,jhealingjx@adobe.com,Male,Syria,1965/02/18
719,Veronike,Shervil,vsherviljy@unicef.org,Female,China,1965/10/14
720,Dud,McGuinley,dmcguinleyjz@simplemachines.org,Male,Portugal,1972/10/04
721,Georgena,Kanter,gkanterk0@amazon.de,Female,France,1975/08/08
722,Gerianna,MacClenan,gmacclenank1@quantcast.com,Female,Iraq,1994/10/07
723,Burnaby,Caulliere,bcaullierek2@devhub.com,Male,Portugal,1984/02/18
724,Reena,Joncic,rjoncick3@woothemes.com,Female,Portugal,1974/08/30
725,Rosabel,Milmore,rmilmorek4@photobucket.com,Female,Poland,1986/04/24
726,Nicolis,Fores,nforesk5@ifeng.com,Male,Greece,1956/05/07
727,Granthem,Braffington,gbraffingtonk6@i2i.jp,Male,Philippines,1980/06/08
728,Finley,Poundsford,fpoundsfordk7@ask.com,Male,Guatemala,1967/08/29
729,Hastie,Tavernor,htavernork8@nature.com,Male,Colombia,1980/10/18
730,Pavia,Dolder,pdolderk9@about.me,Female,Philippines,1952/08/27
731,Thaddeus,Rubertis,trubertiska@telegraph.co.uk,Male,Japan,1986/03/02
732,Lorie,Gullane,lgullanekb@webs.com,Polygender,Brazil,1995/05/12
733,Hi,Youens,hyouenskc@digg.com,Male,Peru,1994/07/03
734,Berkly,Groundwator,bgroundwatorkd@gnu.org,Male,Japan,1984/08/23
735,Jeffry,Shitliff,jshitliffke@princeton.edu,Male,Indonesia,1980/08/29
736,Haroun,Mager,hmagerkf@irs.gov,Male,Armenia,1957/07/25
737,Ange,Swaine,aswainekg@psu.edu,Female,Indonesia,1966/09/02
738,Gennifer,Hannigan,ghannigankh@webnode.com,Female,Ireland,1961/02/11
739,Hollyanne,Rosenstiel,hrosenstielki@weibo.com,Female,Argentina,1975/10/25
740,Morry,Blanche,mblanchekj@cdc.gov,Male,Greece,1962/04/21
741,Kathe,Aronowicz,karonowiczkk@marketwatch.com,Female,Russia,1971/08/03
742,Wyatan,Kelston,wkelstonkl@weebly.com,Male,Peru,1963/02/23
743,Maxie,Brislawn,mbrislawnkm@dedecms.com,Male,Kazakhstan,1968/02/11
744,Sheppard,Postlethwaite,spostlethwaitekn@domainmarket.com,Male,Indonesia,1979/10/08
745,Annemarie,Uvedale,auvedaleko@surveymonkey.com,Female,Indonesia,1998/01/27
746,Eugene,Rewan,erewankp@meetup.com,Male,Russia,1991/12/19
747,Odessa,Rozenzweig,orozenzweigkq@woothemes.com,Female,Sweden,1970/08/09
748,Walton,Jerger,wjergerkr@scribd.com,Male,Indonesia,1961/07/07
749,Herman,Mishow,hmishowks@hc360.com,Male,Netherlands,1992/03/11
750,Antony,Thon,athonkt@eventbrite.com,Male,Bosnia and Herzegovina,1962/11/04
751,Teodoro,Melonby,tmelonbyku@phoca.cz,Male,China,1987/03/15
752,Patrice,Ingleston,pinglestonkv@surveymonkey.com,Female,Indonesia,1982/03/13
753,Alix,Wretham,awrethamkw@wikimedia.org,Female,Russia,1989/04/23
754,Verne,Flori,vflorikx@nymag.com,Male,United States,1968/06/25
755,Bentley,Skirvane,bskirvaneky@bing.com,Male,Indonesia,1952/02/18
756,Lulita,Biagi,lbiagikz@pen.io,Female,El Salvador,1970/01/26
757,Konstantin,Dwerryhouse,kdwerryhousel0@networksolutions.com,Male,Indonesia,1965/10/27
758,Reba,Durtnell,rdurtnelll1@amazon.co.jp,Genderfluid,Finland,1976/02/14
759,Dyann,Ruggen,druggenl2@guardian.co.uk,Genderqueer,Philippines,1975/08/03
760,Aubrey,Dade,adadel3@posterous.com,Female,Bangladesh,1959/07/07
761,Shanie,Mattiazzo,smattiazzol4@buzzfeed.com,Female,China,1974/03/29
762,Babette,Shovel,bshovell5@intel.com,Female,China,1964/11/15
763,Osbourn,Eppson,oeppsonl6@nbcnews.com,Male,Latvia,1985/09/08
764,Brice,Maypowder,bmaypowderl7@cam.ac.uk,Male,Indonesia,1993/03/06
765,Adara,Verchambre,averchambrel8@scribd.com,Female,Philippines,1981/07/20
766,Megan,Solman,msolmanl9@umn.edu,Female,China,1987/12/05
767,Lauritz,Riccione,lriccionela@amazon.co.jp,Male,China,1969/11/04
768,Melly,Revey,mreveylb@ibm.com,Female,United States,1995/06/08
769,Erny,Pennino,epenninolc@reverbnation.com,Male,Indonesia,1969/12/09
770,Goddart,Vaneev,gvaneevld@1688.com,Genderqueer,France,1955/12/27
771,Creight,Meatcher,cmeatcherle@nsw.gov.au,Male,Japan,1985/10/10
772,Andra,Budgett,abudgettlf@aboutads.info,Female,Poland,1959/05/20
773,Derrick,Greengrass,dgreengrasslg@google.ru,Male,Colombia,2000/08/04
774,Tandie,Faunch,tfaunchlh@goodreads.com,Female,Kuwait,1971/02/13
775,Trefor,Gallone,tgalloneli@icio.us,Male,Indonesia,1976/08/26
776,Deloria,Upjohn,dupjohnlj@eepurl.com,Genderfluid,Japan,1984/10/02
777,Aura,Gebhardt,agebhardtlk@noaa.gov,Female,China,1978/12/02
778,Renaldo,Costa,rcostall@i2i.jp,Male,China,1963/12/04
779,Gizela,Halahan,ghalahanlm@berkeley.edu,Female,Indonesia,2000/08/05
780,Ford,Smitham,fsmithamln@businessinsider.com,Male,China,1990/01/05
781,Monte,Barrs,mbarrslo@deviantart.com,Male,Indonesia,1957/09/26
782,Bunnie,Orsman,borsmanlp@weibo.com,Female,Philippines,1987/12/02
783,Olenka,Theunissen,otheunissenlq@360.cn,Female,Yemen,1967/01/18
784,Lola,Slaten,lslatenlr@reverbnation.com,Female,Serbia,1982/04/24
785,Misti,Melbert,mmelbertls@tripadvisor.com,Female,United States,1967/08/22
786,Lydie,Barhems,lbarhemslt@google.com,Female,Thailand,1979/03/18
787,Amara,Brute,abrutelu@washington.edu,Female,Sweden,1956/08/19
788,Rudy,Fealty,rfealtylv@dmoz.org,Male,Poland,1974/05/12
789,Jarred,Verney,jverneylw@washingtonpost.com,Male,France,1954/08/28
790,Geri,Ayling,gaylinglx@angelfire.com,Male,China,1957/08/01
791,Madelene,Sherrin,msherrinly@dedecms.com,Female,Indonesia,1963/09/24
792,Jerrie,Rosenfarb,jrosenfarblz@tamu.edu,Female,Colombia,1958/02/04
793,Tyrone,Owlner,towlnerm0@skype.com,Male,Peru,1975/07/01
794,Olive,Fannon,ofannonm1@who.int,Agender,Indonesia,1956/09/18
795,Tonnie,Sliman,tslimanm2@quantcast.com,Male,United States,1987/04/11
796,Curry,Dowty,cdowtym3@youtube.com,Male,Hong Kong,1973/04/09
797,Casi,Iwanczyk,ciwanczykm4@typepad.com,Female,Brazil,1956/03/06
798,Gratia,Worsom,gworsomm5@xinhuanet.com,Female,Namibia,1965/05/09
799,Wadsworth,Cowpertwait,wcowpertwaitm6@geocities.com,Polygender,Pakistan,1953/05/13
800,Cinnamon,Weir,cweirm7@java.com,Female,Peru,1966/07/07
801,Cos,Mussetti,cmussettim8@geocities.jp,Male,Indonesia,1997/06/15
802,Ashia,Crebo,acrebom9@nasa.gov,Non-binary,Russia,1951/12/23
803,Rawley,Redhills,rredhillsma@digg.com,Male,Indonesia,1976/01/19
804,Reynold,Evill,revillmb@npr.org,Male,Sweden,1994/08/18
805,Oswald,Stennine,ostenninemc@friendfeed.com,Male,China,1961/11/02
806,Leanora,Storre,lstorremd@google.pl,Female,Dominican Republic,1951/10/27
807,Patsy,Feacham,pfeachamme@etsy.com,Male,Philippines,1965/02/28
808,Opaline,Janos,ojanosmf@mit.edu,Female,Philippines,1957/03/20
809,Brit,Barnson,bbarnsonmg@blogtalkradio.com,Male,China,1964/08/04
810,Charline,Forstall,cforstallmh@gmpg.org,Female,Panama,1975/02/15
811,Chantal,Lydster,clydstermi@ocn.ne.jp,Genderfluid,Russia,1988/04/06
812,Brant,Wapple,bwapplemj@mashable.com,Male,United Kingdom,2000/02/07
813,Essa,Blatcher,eblatchermk@google.fr,Female,Sweden,1980/07/11
814,Trudi,Salt,tsaltml@webnode.com,Female,China,1995/12/20
815,James,Farquar,jfarquarmm@google.com.hk,Male,China,1989/05/17
816,Robina,Vedenichev,rvedenichevmn@moonfruit.com,Female,Sweden,1979/08/11
817,Jeramie,Ruby,jrubymo@hatena.ne.jp,Male,Russia,1975/08/31
818,Margette,Lannin,mlanninmp@exblog.jp,Female,China,1978/01/12
819,Earvin,McDell,emcdellmq@over-blog.com,Male,Portugal,1985/09/02
820,Ileane,Storton,istortonmr@auda.org.au,Female,Indonesia,1951/08/08
821,Gilda,Probate,gprobatems@usgs.gov,Female,China,1987/09/21
822,Danna,Sybe,dsybemt@soup.io,Female,Sweden,1986/04/29
823,Jonie,Axon,jaxonmu@vk.com,Female,Japan,1963/07/17
824,Quint,Jennemann,qjennemannmv@gizmodo.com,Agender,Indonesia,1968/02/23
825,Daisey,McElwee,dmcelweemw@answers.com,Female,Kyrgyzstan,1953/07/24
826,Mallory,Ivanikov,mivanikovmx@4shared.com,Male,Yemen,1970/10/22
827,Con,Hasselby,chasselbymy@imgur.com,Male,Slovenia,1966/01/09
828,Arie,Warlow,awarlowmz@state.tx.us,Male,Indonesia,2000/10/11
829,Emanuel,Cavozzi,ecavozzin0@uol.com.br,Male,Mongolia,1992/12/13
830,Salvidor,Kernar,skernarn1@dion.ne.jp,Male,Indonesia,1954/01/12
831,Anna-diane,Deeks,adeeksn2@gravatar.com,Agender,France,1995/11/02
832,Morganica,Tollmache,mtollmachen3@cocolog-nifty.com,Female,China,1985/10/18
833,Tricia,Wimbury,twimburyn4@furl.net,Female,Czech Republic,1958/02/06
834,Freeman,Dradey,fdradeyn5@blogtalkradio.com,Male,Indonesia,1977/01/30
835,Teddy,Flucks,tflucksn6@unicef.org,Agender,Malaysia,1991/04/29
836,Jessamine,Boles,jbolesn7@disqus.com,Female,Canada,1970/12/21
837,Lenore,Streetley,lstreetleyn8@psu.edu,Female,El Salvador,1950/11/19
838,Diannne,Hindmoor,dhindmoorn9@usatoday.com,Female,Colombia,1951/08/10
839,Colette,Cassey,ccasseyna@jalbum.net,Female,China,1972/02/10
840,Isaak,Dimblebee,idimblebeenb@mlb.com,Male,Canada,1966/09/08
841,Felice,Piddocke,fpiddockenc@cyberchimps.com,Female,Italy,1983/08/01
842,Jeannine,Gontier,jgontiernd@infoseek.co.jp,Female,Palestinian Territory,1962/06/26
843,Darci,Jotham,djothamne@i2i.jp,Female,Canada,1952/07/26
844,Way,Gerb,wgerbnf@newyorker.com,Genderqueer,Russia,1961/07/17
845,Valry,Behrendsen,vbehrendsenng@clickbank.net,Female,Peru,1960/03/01
846,Nobe,Trodler,ntrodlernh@dropbox.com,Male,Philippines,1993/02/12
847,Rodrique,Taffie,rtaffieni@cyberchimps.com,Male,China,1956/03/24
848,Silvia,Attwood,sattwoodnj@ucla.edu,Female,China,1960/06/07
849,Donetta,Kilgallon,dkilgallonnk@tumblr.com,Female,Tanzania,1955/03/04
850,Rhys,Barnby,rbarnbynl@sfgate.com,Male,Ecuador,1986/07/16
851,Estell,Riepl,erieplnm@ezinearticles.com,Female,China,1959/11/09
852,Stepha,Mews,smewsnn@symantec.com,Female,China,1982/09/15
853,Onida,McPhater,omcphaterno@sciencedaily.com,Female,China,1994/05/22
854,Kimbra,Beert,kbeertnp@gizmodo.com,Polygender,Portugal,1998/12/25
855,Cherish,Cloy,ccloynq@shutterfly.com,Female,Ukraine,1996/07/11
856,Hesther,Quoit,hquoitnr@webnode.com,Female,Indonesia,1990/01/01
857,Eleanor,Hender,ehenderns@simplemachines.org,Female,Poland,1966/08/26
858,Brockie,Eddisforth,beddisforthnt@bloglines.com,Male,Indonesia,1953/08/15
859,Patric,Dunthorne,pdunthornenu@admin.ch,Male,Russia,1985/07/21
860,Codie,Flannery,cflannerynv@nba.com,Polygender,Indonesia,1967/08/20
861,Bryce,Starsmore,bstarsmorenw@creativecommons.org,Male,Indonesia,1990/03/05
862,Phillie,Simpkiss,psimpkissnx@canalblog.com,Female,Palestinian Territory,1984/12/31
863,Gifford,Cayford,gcayfordny@webeden.co.uk,Male,Sweden,1995/10/06
864,Doloritas,Voaden,dvoadennz@cargocollective.com,Female,Brazil,1989/03/22
865,Elianora,Ebhardt,eebhardto0@edublogs.org,Genderfluid,Ukraine,1997/05/20
866,Daron,Elderton,deldertono1@buzzfeed.com,Male,Indonesia,1960/01/01
867,Ines,Windibank,iwindibanko2@statcounter.com,Female,Slovenia,1960/05/30
868,See,Musicka,smusickao3@psu.edu,Genderqueer,Nicaragua,2000/08/08
869,Jennie,Seamon,jseamono4@washington.edu,Female,China,1963/01/14
870,Edeline,Stobbart,estobbarto5@sun.com,Female,Nigeria,1957/02/11
871,Lincoln,Limrick,llimricko6@goo.ne.jp,Male,Indonesia,1994/08/11
872,Nicole,Leppingwell,nleppingwello7@reuters.com,Female,Philippines,1993/03/13
873,Jeffie,Goodswen,jgoodsweno8@theatlantic.com,Bigender,Indonesia,1976/09/23
874,Anne-marie,Mackness,amacknesso9@cmu.edu,Female,Uzbekistan,1966/08/11
875,Melonie,Duffus,mduffusoa@gizmodo.com,Female,Poland,1982/10/13
876,Jarvis,Jorden,jjordenob@bing.com,Male,Brazil,1958/07/13
877,Ardisj,Wisher,awisheroc@prlog.org,Female,China,1992/12/31
878,Matelda,Phipson,mphipsonod@irs.gov,Female,France,1977/05/31
879,Kerstin,Laffling,klafflingoe@exblog.jp,Female,Panama,1995/01/26
880,Janek,McKellar,jmckellarof@irs.gov,Male,Portugal,1969/09/23
881,Spense,Hirjak,shirjakog@pen.io,Male,China,1960/07/27
882,Clayton,Spottiswood,cspottiswoodoh@constantcontact.com,Male,Egypt,1971/09/28
883,Doralynn,Blowick,dblowickoi@hostgator.com,Female,China,1963/11/15
884,Fawn,Geraud,fgeraudoj@nba.com,Female,Philippines,1996/10/15
885,Shayla,MacIllrick,smacillrickok@indiatimes.com,Polygender,China,1987/11/05
886,Anton,Daughtry,adaughtryol@dagondesign.com,Male,Sweden,1981/04/29
887,Edsel,Phlippsen,ephlippsenom@hud.gov,Male,Venezuela,1988/06/15
888,Tammi,Braden,tbradenon@prlog.org,Female,China,1965/03/09
889,Corey,Getty,cgettyoo@prnewswire.com,Male,Poland,1977/04/30
890,Dennie,Magnay,dmagnayop@china.com.cn,Female,France,1960/05/13
891,Natty,Gecks,ngecksoq@gravatar.com,Female,China,1954/03/29
892,Booth,Bamsey,bbamseyor@cyberchimps.com,Male,China,1961/12/21
893,Gabriell,Delgaty,gdelgatyos@homestead.com,Female,Peru,1988/04/17
894,Heall,MacGuigan,hmacguiganot@geocities.com,Male,Colombia,1994/03/15
895,Laureen,Rostron,lrostronou@weebly.com,Genderfluid,Russia,1964/05/06
896,Emmaline,McMoyer,emcmoyerov@bluehost.com,Genderfluid,Colombia,1978/09/28
897,Aidan,Mocquer,amocquerow@chronoengine.com,Female,Brazil,1992/08/26
898,Stormie,Mandeville,smandevilleox@biblegateway.com,Bigender,Netherlands,2000/02/18
899,Augustin,Lung,alungoy@howstuffworks.com,Male,Nicaragua,1996/03/02
900,Dniren,Wessing,dwessingoz@newsvine.com,Female,China,1992/06/12
901,Shirline,Moxham,smoxhamp0@eventbrite.com,Bigender,Bangladesh,1967/08/08
902,Fidelio,Labern,flabernp1@china.com.cn,Male,Sweden,1964/06/10
903,Farr,Dumbare,fdumbarep2@blogspot.com,Male,Thailand,1967/02/19
904,Charmine,Cunradi,ccunradip3@jugem.jp,Female,China,1990/11/06
905,Ennis,Pavitt,epavittp4@cmu.edu,Genderfluid,China,1976/08/14
906,Jonah,Beazey,jbeazeyp5@addtoany.com,Male,Philippines,1976/03/07
907,Elisa,D'Aulby,edaulbyp6@imdb.com,Female,Morocco,1993/07/23
908,Vanny,Simondson,vsimondsonp7@skyrock.com,Female,Singapore,1953/10/07
909,Enrica,Flancinbaum,eflancinbaump8@xrea.com,Female,Mexico,1970/08/25
910,Forest,Boutflour,fboutflourp9@weibo.com,Male,Guatemala,1999/03/22
911,Ericka,Denisard,edenisardpa@de.vu,Female,Peru,1980/02/16
912,Kele,Winchester,kwinchesterpb@behance.net,Male,Georgia,1984/10/18
913,Ysabel,Alldred,yalldredpc@studiopress.com,Polygender,China,1952/10/21
914,Georgia,McTeague,gmcteaguepd@psu.edu,Female,China,1951/11/29
915,Marwin,Hofner,mhofnerpe@yelp.com,Male,Indonesia,1953/04/15
916,Jaquenette,Pherps,jpherpspf@storify.com,Female,Canada,1990/08/25
917,Townsend,Brownell,tbrownellpg@economist.com,Male,Argentina,1970/03/22
918,Dov,Ebbins,debbinsph@deviantart.com,Male,Iceland,1953/04/15
919,Dewain,Questier,dquestierpi@imdb.com,Male,China,1980/01/01
920,Joey,Jerrold,jjerroldpj@cbslocal.com,Female,Russia,1954/03/08
921,Saraann,Duffil,sduffilpk@theguardian.com,Female,Sweden,1997/09/11
922,Judy,Smeuin,jsmeuinpl@fastcompany.com,Female,Vietnam,1986/06/05
923,Javier,Zavattero,jzavatteropm@nationalgeographic.com,Male,Malaysia,1999/04/27
924,Emalee,Guterson,egutersonpn@craigslist.org,Genderfluid,Montenegro,1980/08/15
925,Mariejeanne,Kilfeather,mkilfeatherpo@addthis.com,Female,Egypt,1981/06/12
926,Taite,Gillmor,tgillmorpp@blogs.com,Male,China,1960/06/30
927,Cherida,Couchman,ccouchmanpq@blogtalkradio.com,Female,Guatemala,1968/07/13
928,Byron,Baert,bbaertpr@disqus.com,Male,Uganda,1995/04/05
929,Jeanelle,Scanderet,jscanderetps@kickstarter.com,Female,Azerbaijan,1988/01/04
930,Chris,Maven,cmavenpt@prlog.org,Female,Philippines,1976/03/23
931,Augy,Leipold,aleipoldpu@1688.com,Genderqueer,Greece,1955/05/31
932,Aldous,Wrixon,awrixonpv@blogger.com,Male,Brazil,1972/04/22
933,Dianemarie,Nye,dnyepw@example.com,Female,Nicaragua,1988/04/30
934,Mollie,Klimov,mklimovpx@fc2.com,Female,Indonesia,1956/01/05
935,Annabal,Johnson,ajohnsonpy@vk.com,Female,China,1973/10/10
936,Colly,MacAulay,cmacaulaypz@eepurl.com,Female,Czech Republic,1969/11/18
937,Javier,Bohje,jbohjeq0@friendfeed.com,Genderfluid,Russia,1978/06/23
938,Evan,Siley,esileyq1@businessinsider.com,Male,China,1977/03/25
939,Elna,Mackiewicz,emackiewiczq2@usatoday.com,Female,Afghanistan,1967/11/28
940,Thedrick,Dearnley,tdearnleyq3@xrea.com,Polygender,Thailand,1978/06/14
941,Loni,Maxsted,lmaxstedq4@live.com,Female,Czech Republic,1998/04/26
942,Kassey,Wyndham,kwyndhamq5@mit.edu,Female,Indonesia,1963/04/27
943,Stephi,Humbert,shumbertq6@i2i.jp,Female,Philippines,1977/06/28
944,Sandor,Berk,sberkq7@bluehost.com,Male,United States,1984/07/25
945,Sigfrid,Chart,schartq8@ovh.net,Male,China,1998/02/19
946,Kort,Lawland,klawlandq9@zdnet.com,Male,China,1963/09/15
947,Eada,Regnard,eregnardqa@cargocollective.com,Female,Indonesia,1971/02/17
948,Trudi,Randals,trandalsqb@yelp.com,Female,Indonesia,2000/02/08
949,Derek,Hembery,dhemberyqc@woothemes.com,Genderqueer,Russia,1969/03/30
950,Eleen,Lamp,elampqd@cargocollective.com,Female,China,1980/11/02
951,Alf,Guerre,aguerreqe@google.co.jp,Male,South Sudan,1999/06/15
952,Junia,Ruddock,jruddockqf@nationalgeographic.com,Female,Portugal,1975/01/28
953,Gina,Carlan,gcarlanqg@xing.com,Female,Palestinian Territory,1997/04/25
954,Freeman,Molen,fmolenqh@wikimedia.org,Male,China,1956/07/23
955,Chad,Stileman,cstilemanqi@sun.com,Male,China,1965/08/24
956,Hazel,Pile,hpileqj@tinypic.com,Male,Indonesia,1969/08/13
957,Tracie,Freemantle,tfreemantleqk@howstuffworks.com,Female,Portugal,1976/08/12
958,Reggi,Tramel,rtramelql@miitbeian.gov.cn,Female,Argentina,1994/07/01
959,Benoite,Goutcher,bgoutcherqm@nhs.uk,Female,Indonesia,1992/01/11
960,Timothee,Kener,tkenerqn@examiner.com,Male,Albania,1998/01/19
961,Haslett,Kemme,hkemmeqo@uol.com.br,Male,Philippines,1955/01/02
962,Danila,Cubberley,dcubberleyqp@etsy.com,Female,United States,1955/08/26
963,Raf,Ridder,rridderqq@mozilla.org,Female,Morocco,1974/11/02
964,Felizio,Jirus,fjirusqr@craigslist.org,Male,Kenya,1984/10/19
965,Kimball,Sinott,ksinottqs@marriott.com,Male,Portugal,1994/06/10
966,Hillary,Lamburn,hlamburnqt@thetimes.co.uk,Bigender,Venezuela,1993/10/21
967,Katha,Tarbath,ktarbathqu@usda.gov,Female,France,1967/05/28
968,Fina,Loude,floudeqv@miibeian.gov.cn,Female,Czech Republic,1976/02/10
969,Ailbert,Pashen,apashenqw@webeden.co.uk,Male,Greece,1996/12/28
970,Raphaela,Clyne,rclyneqx@sogou.com,Female,China,1992/06/22
971,Carrie,Taillard,ctaillardqy@jigsy.com,Female,China,1973/06/09
972,Jess,O'Duane,joduaneqz@weather.com,Female,Iran,1975/02/16
973,Latashia,Joslow,ljoslowr0@intel.com,Genderqueer,China,1962/02/01
974,Rudy,Berford,rberfordr1@rakuten.co.jp,Male,Nigeria,1962/01/11
975,Jerry,Bradnum,jbradnumr2@chron.com,Female,China,1967/03/11
976,Talbert,Euston,teustonr3@dmoz.org,Male,Sweden,1955/12/06
977,Bertina,Wigin,bwiginr4@google.com.au,Female,Japan,1976/05/10
978,Frederik,Ogles,foglesr5@rediff.com,Male,Greece,1994/04/21
979,Malynda,Bantham,mbanthamr6@nationalgeographic.com,Genderfluid,Philippines,1986/07/31
980,Ambrosi,Klemt,aklemtr7@diigo.com,Male,United States,1951/08/26
981,Shelley,Harle,sharler8@deviantart.com,Male,Thailand,1975/07/02
982,Meridel,Wyard,mwyardr9@pen.io,Female,Mexico,1973/08/09
983,Bobbie,Coughan,bcoughanra@omniture.com,Female,Peru,1952/01/04
984,Frazier,Tummasutti,ftummasuttirb@virginia.edu,Male,Russia,1982/02/21
985,Ema,Croose,ecrooserc@mapquest.com,Female,Peru,1976/07/15
986,Holt,Crehan,hcrehanrd@imdb.com,Male,Russia,1999/07/13
987,Sylas,Riby,sribyre@pcworld.com,Male,Pakistan,1994/04/19
988,Cliff,Marquand,cmarquandrf@disqus.com,Male,Poland,1954/06/01
989,Roze,Chiles,rchilesrg@spiegel.de,Female,Philippines,1957/04/12
990,Celka,Blinco,cblincorh@elpais.com,Female,China,1962/07/27
991,Maje,Penkethman,mpenkethmanri@ebay.co.uk,Male,China,1975/07/18
992,Seumas,Beard,sbeardrj@mit.edu,Male,Portugal,1999/03/24
993,Paule,Tubb,ptubbrk@fastcompany.com,Agender,Brazil,1956/12/01
994,Griffy,Heal,ghealrl@istockphoto.com,Male,China,1993/09/19
995,Susan,Trotman,strotmanrm@ucoz.ru,Female,Palau,1997/04/16
996,Galvan,Ruhben,gruhbenrn@mlb.com,Male,Czech Republic,1995/04/30
997,Allie,D'Emanuele,ademanuelero@pbs.org,Female,Lithuania,1984/07/16
998,Nicola,Biermatowicz,nbiermatowiczrp@joomla.org,Genderfluid,Portugal,1975/08/07
999,Roze,Stennings,rstenningsrq@wikispaces.com,Female,Poland,1989/03/10
1000,Rasia,Blondell,rblondellrr@sun.com,Agender,Tajikistan,1986/05/23
