id,first_name,last_name,email,gender,country,birthday
1,Filbert,Archibald,farchibald0@psu.edu,Male,Czech Republic,1961/06/02
2,Klarrisa,Guynemer,kguynemer1@cdbaby.com,Female,Brazil,1991/05/14
3,Nanon,Gosse,ngosse2@wikia.com,Female,Brazil,1958/07/04
4,Gray,Hiers,ghiers3@timesonline.co.uk,Genderfluid,Croatia,1990/05/22
5,Kattie,Breens,kbreens4@bing.com,Female,France,1992/04/02
6,Umberto,Park,upark5@nytimes.com,Male,France,1989/08/08
7,Holli,Pummery,hpummery6@va.gov,Female,Poland,1995/10/23
8,Sabine,Elgie,selgie7@dagondesign.com,Female,Russia,1984/01/25
9,Nina,Vedishchev,nvedishchev8@japanpost.jp,Female,Pakistan,1952/06/11
10,Stanton,Moxley,smoxley9@admin.ch,Male,Indonesia,1963/03/05
11,Henka,Humpage,hhumpagea@microsoft.com,Female,Japan,1972/05/20
12,Eryn,Reicharz,ereicharzb@a8.net,Genderqueer,France,1968/08/19
13,Sandi,Brownscombe,sbrownscombec@hatena.ne.jp,Female,Russia,1976/05/20
14,Annabell,Steinhammer,asteinhammerd@buzzfeed.com,Female,Yemen,1965/11/26
15,Lock,Haggis,lhaggise@ucsd.edu,Genderqueer,Israel,1984/02/28
16,Vania,Lorinez,vlorinezf@theglobeandmail.com,Female,China,1996/03/17
17,Winnifred,Castellaccio,wcastellacciog@illinois.edu,Polygender,Uzbekistan,1991/07/23
18,Sally,Tole,stoleh@geocities.jp,Female,China,1995/07/02
19,Klemens,Johansen,kjohanseni@shop-pro.jp,Male,Czech Republic,1999/03/17
20,Imelda,Croal,icroalj@pinterest.com,Female,Equatorial Guinea,1987/07/20
21,Riordan,Figiovanni,rfigiovannik@ocn.ne.jp,Male,Poland,1964/05/30
22,Druci,Irnys,dirnysl@cmu.edu,Female,China,1982/03/19
23,Kingsley,Latore,klatorem@gov.uk,Male,Philippines,1963/03/02
24,Inigo,Rudgard,irudgardn@stanford.edu,Male,China,1955/08/30
25,Hailee,Hilary,hhilaryo@eepurl.com,Female,Philippines,2000/03/01
26,Drusie,Pulteneye,dpulteneyep@reference.com,Female,Philippines,1998/03/10
27,Peta,Sreenan,psreenanq@nih.gov,Female,Japan,1972/11/18
28,Neille,Pocknoll,npocknollr@moonfruit.com,Female,Greece,1960/04/09
29,Cullie,Brammer,cbrammers@nps.gov,Male,Russia,1977/08/10
30,Brianne,Harkess,bharkesst@de.vu,Female,Malaysia,1964/12/26
31,Clarice,Motton,cmottonu@comcast.net,Agender,Japan,1952/07/12
32,Elenore,Copperwaite,ecopperwaitev@census.gov,Female,Czech Republic,1976/06/10
33,Danica,Keenlyside,dkeenlysidew@marketwatch.com,Non-binary,Dominica,1992/04/19
34,Sherm,Greneham,sgrenehamx@europa.eu,Male,Indonesia,1954/08/08
35,Galvan,Shepley,gshepleyy@noaa.gov,Non-binary,China,1977/10/30
36,Penelope,Ryles,prylesz@thetimes.co.uk,Female,China,1994/05/26
37,Theodoric,Mountcastle,tmountcastle10@cbsnews.com,Male,China,1958/02/16
38,Dyana,Reuter,dreuter11@ibm.com,Female,China,1988/02/17
39,Barris,McCorkell,bmccorkell12@sakura.ne.jp,Male,Czech Republic,1966/11/09
40,Marcelline,Eyres,meyres13@oaic.gov.au,Female,Czech Republic,2000/04/30
41,Christalle,Morde,cmorde14@epa.gov,Female,Brazil,1994/12/04
42,Vito,Toleman,vtoleman15@arizona.edu,Male,China,1981/03/16
43,Stillman,Jeffryes,sjeffryes16@amazon.de,Non-binary,Cameroon,1952/10/27
44,Witty,Balsom,wbalsom17@microsoft.com,Male,Belarus,1977/07/26
45,Major,De Mitri,mdemitri18@businessweek.com,Male,Malaysia,1963/10/05
46,Hewitt,Jendrich,hjendrich19@seesaa.net,Male,Namibia,1963/08/21
47,Killie,De Michele,kdemichele1a@bing.com,Genderqueer,China,1976/11/09
48,Consuelo,Dengate,cdengate1b@hugedomains.com,Female,United States,1984/12/07
49,Briny,Huton,bhuton1c@constantcontact.com,Female,Portugal,1952/09/06
50,Willard,Hiddy,whiddy1d@woothemes.com,Male,Ecuador,1995/09/04
51,Hendrik,Copper,hcopper1e@pagesperso-orange.fr,Polygender,Japan,1956/04/11
52,Layton,Crucetti,lcrucetti1f@narod.ru,Male,Philippines,1984/06/23
53,Donna,Boat,dboat1g@chronoengine.com,Female,Indonesia,1982/02/25
54,Codi,Ledner,cledner1h@nba.com,Agender,China,1975/04/28
55,Hobie,Cofax,hcofax1i@comsenz.com,Male,China,1951/04/07
56,Bobbette,Bartolommeo,bbartolommeo1j@timesonline.co.uk,Female,Philippines,1987/03/05
57,Hobart,Gibbonson,hgibbonson1k@godaddy.com,Male,China,1954/07/09
58,Andrea,Andras,aandras1l@microsoft.com,Female,China,1951/03/24
59,Alina,Collingridge,acollingridge1m@home.pl,Bigender,Poland,1951/11/26
60,Maxi,O'Fihily,mofihily1n@forbes.com,Female,Portugal,1998/11/12
61,Lynea,Gowling,lgowling1o@state.gov,Female,South Africa,1966/08/31
62,Loria,Bellward,lbellward1p@cdc.gov,Female,Serbia,1981/05/03
63,Maudie,Colston,mcolston1q@opera.com,Female,China,1982/03/09
64,Melany,Innett,minnett1r@istockphoto.com,Female,Russia,1959/07/06
65,Linnie,Prew,lprew1s@house.gov,Female,Paraguay,1970/12/11
66,Thorvald,Widger,twidger1t@themeforest.net,Male,China,1984/07/22
67,Bridget,Trevillion,btrevillion1u@redcross.org,Female,Russia,1954/04/11
68,Denna,Flann,dflann1v@imgur.com,Female,Indonesia,1989/09/23
69,Darby,Ashenhurst,dashenhurst1w@lycos.com,Female,Thailand,1965/02/19
70,Jammal,Schimon,jschimon1x@google.com.hk,Male,Finland,1960/12/22
71,Goldie,Sansbury,gsansbury1y@4shared.com,Female,Guatemala,1988/04/11
72,Ferguson,Saynor,fsaynor1z@yahoo.co.jp,Male,Slovenia,1999/10/07
73,Gregoire,Risebarer,grisebarer20@cbslocal.com,Male,Indonesia,1954/02/05
74,Bruno,Fairchild,bfairchild21@epa.gov,Male,China,1956/04/20
75,Hakim,Pownall,hpownall22@slideshare.net,Male,Philippines,1995/03/15
76,Melisandra,Renachowski,mrenachowski23@i2i.jp,Female,Philippines,1967/04/17
77,Corty,Dunniom,cdunniom24@arstechnica.com,Male,Peru,1993/10/13
78,Eal,Drayton,edrayton25@naver.com,Male,Indonesia,1976/10/26
79,Bradly,Romero,bromero26@geocities.com,Male,France,1972/08/05
80,Gerri,Sterman,gsterman27@homestead.com,Male,Slovenia,1996/08/14
81,Chad,McQuorkell,cmcquorkell28@dailymotion.com,Female,China,1993/01/06
82,Nessa,Owlner,nowlner29@flickr.com,Female,China,1983/06/26
83,Domeniga,Guillard,dguillard2a@lulu.com,Female,Madagascar,1953/02/13
84,Graig,Lyven,glyven2b@tinyurl.com,Male,Russia,1954/01/31
85,Kizzee,Mingay,kmingay2c@state.gov,Female,Canada,1998/11/09
86,Klaus,Ceaser,kceaser2d@telegraph.co.uk,Non-binary,Indonesia,1990/10/17
87,Maurine,Prendeville,mprendeville2e@dailymotion.com,Female,Russia,1987/07/11
88,Fredric,Luffman,fluffman2f@ask.com,Male,Pakistan,1997/11/08
89,Terri,Pycock,tpycock2g@ycombinator.com,Female,Macedonia,1959/01/27
90,Jacki,Leeds,jleeds2h@tmall.com,Female,New Zealand,1988/10/04
91,Gusti,Barczynski,gbarczynski2i@skype.com,Female,France,1957/12/12
92,Siffre,Spaxman,sspaxman2j@jugem.jp,Male,United States,1981/05/09
93,Alfy,Kolushev,akolushev2k@webnode.com,Bigender,China,1966/01/30
94,Donnell,Brandenburg,dbrandenburg2l@cyberchimps.com,Male,Philippines,1955/04/29
95,Patty,Wallage,pwallage2m@hud.gov,Female,Ukraine,1966/06/20
96,Izzy,McGeechan,imcgeechan2n@ehow.com,Male,Russia,1982/04/28
97,Rogerio,Fleming,rfleming2o@patch.com,Male,Portugal,1972/06/23
98,Delainey,Pruckner,dpruckner2p@columbia.edu,Male,China,1978/07/05
99,Wallache,Novis,wnovis2q@sfgate.com,Male,China,1998/04/30
100,Reuben,McIlwraith,rmcilwraith2r@mtv.com,Male,Indonesia,1979/11/14
101,Nevsa,Ruprechter,nruprechter2s@scribd.com,Genderqueer,Maldives,1993/06/18
102,Brewer,Budgen,bbudgen2t@ft.com,Male,Ireland,1952/10/22
103,Norman,Donnell,ndonnell2u@time.com,Male,Brazil,1957/01/21
104,Godwin,Babbidge,gbabbidge2v@theatlantic.com,Bigender,Sweden,1974/09/07
105,Colly,Sancto,csancto2w@shop-pro.jp,Female,China,1968/12/03
106,Valli,Pellington,vpellington2x@pagesperso-orange.fr,Female,Poland,1984/07/21
107,Vallie,Piddington,vpiddington2y@hugedomains.com,Female,Peru,1968/03/20
108,Kerwin,Reymers,kreymers2z@flickr.com,Male,Russia,1966/11/22
109,Lock,Andriuzzi,landriuzzi30@pcworld.com,Male,Indonesia,1973/10/15
110,Ky,Statefield,kstatefield31@huffingtonpost.com,Male,Poland,1979/09/29
111,Willard,Burdis,wburdis32@technorati.com,Agender,China,1956/11/19
112,Vidovic,ducarme,vducarme33@indiatimes.com,Male,China,1982/08/15
113,Olenolin,Gavrieli,ogavrieli34@domainmarket.com,Male,Tajikistan,1995/10/17
114,Syman,Goodman,sgoodman35@gnu.org,Male,United States,1987/08/02
115,Neal,Mesnard,nmesnard36@google.com.hk,Male,France,1978/01/26
116,Rustin,Oxteby,roxteby37@gov.uk,Male,China,1995/05/17
117,Nicholas,Rosi,nrosi38@webmd.com,Male,Ukraine,1975/02/06
118,Luis,Eberts,leberts39@phpbb.com,Male,Russia,1985/04/13
119,Davida,Kindley,dkindley3a@uiuc.edu,Female,Lithuania,1951/11/02
120,Boniface,Stiles,bstiles3b@guardian.co.uk,Male,China,1989/11/15
121,Beniamino,Feige,bfeige3c@wikipedia.org,Male,Indonesia,1951/01/29
122,Trent,Stears,tstears3d@altervista.org,Male,United States,1957/05/03
123,Whitney,Deane,wdeane3e@netlog.com,Male,China,1977/09/24
124,Wallace,Pinckney,wpinckney3f@yellowpages.com,Male,Luxembourg,1974/04/13
125,Greta,Bambra,gbambra3g@ft.com,Female,Ukraine,1994/09/01
126,Jerrine,Christiensen,jchristiensen3h@blogtalkradio.com,Female,China,1990/07/06
127,Rosamund,Mylechreest,rmylechreest3i@comcast.net,Female,Indonesia,1973/11/27
128,Cassie,De-Ville,cdeville3j@eventbrite.com,Male,Colombia,1972/11/20
129,Rollin,Tuckwood,rtuckwood3k@wikispaces.com,Male,Brazil,1983/03/21
130,Ricard,Balme,rbalme3l@goo.gl,Male,China,1975/04/24
131,Niko,MacIver,nmaciver3m@indiegogo.com,Male,Indonesia,1970/02/11
132,Katerine,Gaule,kgaule3n@deliciousdays.com,Female,Colombia,1979/11/08
133,Bathsheba,Leavry,bleavry3o@usda.gov,Female,Argentina,1990/04/25
134,Bobby,Prendergast,bprendergast3p@parallels.com,Male,Ukraine,1980/06/22
135,Britteny,Samples,bsamples3q@odnoklassniki.ru,Female,Sweden,1979/04/16
136,Fabio,Domke,fdomke3r@ihg.com,Male,China,1979/12/04
137,Evin,Bittlestone,ebittlestone3s@wunderground.com,Male,Portugal,1994/02/28
138,Margot,Dottridge,mdottridge3t@shutterfly.com,Female,Philippines,1953/01/29
139,Liam,Shirlaw,lshirlaw3u@seattletimes.com,Male,China,1969/10/21
140,Barnie,Catlette,bcatlette3v@princeton.edu,Male,Pakistan,1991/02/04
141,Samuel,Hayford,shayford3w@is.gd,Male,Croatia,1994/02/04
142,Kendal,Normavill,knormavill3x@ucoz.ru,Male,Argentina,1982/06/10
143,Morna,Greatham,mgreatham3y@hc360.com,Female,Philippines,1967/11/02
144,Yvon,Iacofo,yiacofo3z@hhs.gov,Male,Peru,2000/06/25
145,Carrissa,Orts,corts40@google.ru,Female,Brazil,1985/07/25
146,Pietrek,Hayne,phayne41@mapquest.com,Male,Gambia,1968/12/12
147,Way,Tidder,wtidder42@usnews.com,Male,Japan,1957/01/29
148,Lester,Chidley,lchidley43@acquirethisname.com,Male,Thailand,1997/02/26
149,Melitta,Wallett,mwallett44@ca.gov,Female,Indonesia,1957/04/18
150,Cecilla,Jaynes,cjaynes45@washingtonpost.com,Female,Russia,1960/05/05
151,Prissie,Figiovanni,pfigiovanni46@tumblr.com,Female,Philippines,1999/12/07
152,Odille,Fores,ofores47@upenn.edu,Female,Philippines,1961/03/08
153,Colly,Olner,colner48@google.com.hk,Female,Canada,1969/02/22
154,Stafani,Harrad,sharrad49@example.com,Female,China,1987/05/24
155,Holly,Monkton,hmonkton4a@nyu.edu,Female,United Kingdom,1953/11/03
156,Micheal,Fossitt,mfossitt4b@sohu.com,Male,Portugal,1982/03/30
157,Hershel,Maberley,hmaberley4c@omniture.com,Male,Mexico,1964/08/22
158,Simone,Plait,splait4d@flavors.me,Female,Russia,1963/08/29
159,Brigida,Coath,bcoath4e@thetimes.co.uk,Female,China,1969/03/08
160,Kinsley,Dawidowsky,kdawidowsky4f@miitbeian.gov.cn,Male,China,1951/03/27
161,Sacha,Packwood,spackwood4g@sciencedirect.com,Female,China,1997/08/22
162,Michail,Bianco,mbianco4h@delicious.com,Male,Sri Lanka,1951/08/10
163,Rik,Lanceley,rlanceley4i@thetimes.co.uk,Non-binary,China,1954/07/27
164,Robbyn,Crickmer,rcrickmer4j@cbsnews.com,Female,Ireland,1985/04/25
165,Barney,Symcoxe,bsymcoxe4k@dailymotion.com,Male,Poland,1971/07/03
166,Jaine,Furze,jfurze4l@vk.com,Female,Indonesia,1965/12/11
167,Shellysheldon,Pedlar,spedlar4m@jigsy.com,Male,Brazil,1954/05/28
168,Wolf,Greschke,wgreschke4n@gmpg.org,Male,Brazil,1970/08/25
169,Wilfrid,Semmence,wsemmence4o@booking.com,Male,Philippines,1953/07/06
170,Jud,Allred,jallred4p@twitpic.com,Genderfluid,Russia,1957/07/15
171,Brit,Jansie,bjansie4q@imageshack.us,Female,France,1969/06/08
172,Alie,Possa,apossa4r@springer.com,Female,Russia,1979/06/02
173,Deck,Spivie,dspivie4s@theatlantic.com,Male,Russia,1989/04/19
174,Giralda,Heavy,gheavy4t@xrea.com,Female,China,1966/06/07
175,Con,Older,colder4u@amazon.de,Male,China,1994/05/07
176,Moishe,Ker,mker4v@domainmarket.com,Male,Iraq,1973/02/14
177,Brina,Maken,bmaken4w@adobe.com,Female,Indonesia,1967/12/26
178,Jose,Hampshire,jhampshire4x@yale.edu,Male,Indonesia,1955/07/13
179,Germain,Stroulger,gstroulger4y@booking.com,Female,South Africa,1998/04/06
180,Nappy,Carrel,ncarrel4z@usa.gov,Male,Afghanistan,1968/12/13
181,Lonee,Seeks,lseeks50@ehow.com,Female,China,1966/11/22
182,Estevan,Staten,estaten51@gmpg.org,Male,Belarus,1983/11/06
183,Judah,Edess,jedess52@tumblr.com,Male,Serbia,1974/11/09
184,Ellissa,Sebyer,esebyer53@psu.edu,Non-binary,Ukraine,1972/09/08
185,Marianna,Peer,mpeer54@house.gov,Polygender,Saint Pierre and Miquelon,1999/07/07
186,Arnaldo,Welford,awelford55@globo.com,Male,Cameroon,1957/09/07
187,Kerwinn,Lambregts,klambregts56@gnu.org,Male,Japan,1985/02/10
188,Noak,Cree,ncree57@mlb.com,Male,United States,1967/03/22
189,Felice,Rivlin,frivlin58@wikia.com,Female,Serbia,1968/02/18
190,Olympie,Stening,ostening59@macromedia.com,Female,China,1996/02/22
191,Lorianne,Percy,lpercy5a@stanford.edu,Female,Poland,1982/12/02
192,Dare,McGreay,dmcgreay5b@dot.gov,Male,China,1977/04/22
193,Billie,Simonds,bsimonds5c@xinhuanet.com,Male,Brazil,1962/02/19
194,Delia,Penhalurick,dpenhalurick5d@ifeng.com,Female,Portugal,1951/07/31
195,Ame,Bootherstone,abootherstone5e@google.cn,Female,Brazil,1996/11/05
196,Patrizius,Coit,pcoit5f@state.gov,Bigender,Iran,1975/07/27
197,Nealon,Withrington,nwithrington5g@cbslocal.com,Male,Portugal,1986/09/03
198,Viki,Nunan,vnunan5h@yale.edu,Female,Pakistan,1996/10/14
199,Rosita,Isakovic,risakovic5i@123-reg.co.uk,Bigender,Mauritius,1957/08/30
200,Sullivan,Limbrick,slimbrick5j@reddit.com,Male,Czech Republic,1953/06/17
201,Reube,MacDearmont,rmacdearmont5k@istockphoto.com,Male,Portugal,1997/05/13
202,Timoteo,Mathewson,tmathewson5l@hc360.com,Male,China,1951/10/19
203,Carey,Schwander,cschwander5m@sogou.com,Female,Switzerland,1985/10/24
204,Ulrike,Wolfendale,uwolfendale5n@unicef.org,Female,Indonesia,1972/05/16
205,Forrester,Gavagan,fgavagan5o@example.com,Male,Philippines,1973/04/10
206,Reinaldos,Brighouse,rbrighouse5p@youku.com,Male,Ireland,1969/04/06
207,Elvina,Kliemke,ekliemke5q@google.it,Female,United States,1999/01/17
208,Marin,Bankes,mbankes5r@geocities.jp,Female,Greece,1973/11/09
209,Gabi,Frie,gfrie5s@flavors.me,Female,China,1965/12/09
210,Tani,Petrelluzzi,tpetrelluzzi5t@unicef.org,Female,Indonesia,1990/07/16
211,Chantal,Nilles,cnilles5u@edublogs.org,Female,United States,1982/11/23
212,Astrix,Bedburrow,abedburrow5v@dropbox.com,Female,Ukraine,1989/01/13
213,Henrie,Hart,hhart5w@deviantart.com,Female,Indonesia,1954/06/30
214,Lena,Mose,lmose5x@msn.com,Female,Malaysia,1973/06/18
215,Glen,Wyldbore,gwyldbore5y@sun.com,Female,China,1989/05/27
216,Brandyn,Rounsefell,brounsefell5z@wp.com,Male,Indonesia,1983/10/06
217,Afton,Eichmann,aeichmann60@yahoo.co.jp,Female,Myanmar,1957/11/28
218,Candy,Colcutt,ccolcutt61@slate.com,Female,Malaysia,1969/01/23
219,Brooke,Spragge,bspragge62@tumblr.com,Male,Poland,1985/02/08
220,Haily,Jarrett,hjarrett63@pbs.org,Female,Colombia,1951/06/27
221,Win,Sandbatch,wsandbatch64@eepurl.com,Male,Senegal,1952/03/10
222,Gina,Cleve,gcleve65@a8.net,Female,Mongolia,1977/01/04
223,Koralle,Obern,kobern66@booking.com,Female,Indonesia,1996/03/05
224,Borden,Axcel,baxcel67@so-net.ne.jp,Male,Russia,1983/06/06
225,Pacorro,Twede,ptwede68@elpais.com,Male,Indonesia,1964/11/15
226,Gerrilee,Vertey,gvertey69@altervista.org,Genderfluid,Oman,1998/03/22
227,Anne-corinne,Yallowley,ayallowley6a@unicef.org,Female,Brazil,1966/03/19
228,Jane,Eastbury,jeastbury6b@shareasale.com,Female,China,1991/05/18
229,Fancie,Kitching,fkitching6c@wiley.com,Female,Dominica,1992/01/16
230,Libbey,Plant,lplant6d@purevolume.com,Female,Greece,1991/10/15
231,Bond,Ciccone,bciccone6e@istockphoto.com,Non-binary,China,1963/04/17
232,Adel,Yankin,ayankin6f@auda.org.au,Female,New Caledonia,2000/03/01
233,Erv,Lovie,elovie6g@com.com,Male,Ukraine,1983/12/05
234,Kirsten,Garlic,kgarlic6h@narod.ru,Female,Luxembourg,1974/12/11
235,Royall,Laweles,rlaweles6i@gov.uk,Male,Vietnam,1956/06/10
236,Kylen,Cotterill,kcotterill6j@marriott.com,Female,China,1973/05/22
237,Mahmud,Bride,mbride6k@sun.com,Male,Argentina,1954/08/31
238,Josy,Lambertazzi,jlambertazzi6l@usa.gov,Female,Russia,1962/03/21
239,Harmonie,Lartice,hlartice6m@thetimes.co.uk,Female,Portugal,1966/09/20
240,Raleigh,Betke,rbetke6n@si.edu,Male,United States,1963/11/28
241,Darby,Padbery,dpadbery6o@slideshare.net,Male,Iran,1964/06/25
242,Irv,Wadsworth,iwadsworth6p@blogtalkradio.com,Male,Greece,1974/02/02
243,Reuven,Blencowe,rblencowe6q@unblog.fr,Male,China,1982/09/09
244,Olivette,McNeill,omcneill6r@a8.net,Female,Nigeria,1992/12/22
245,Amery,Offield,aoffield6s@usda.gov,Male,Thailand,1986/06/22
246,Lita,Proctor,lproctor6t@dyndns.org,Female,Russia,1980/04/24
247,Terri,Wines,twines6u@tumblr.com,Male,Russia,1983/05/16
248,Gillan,Langford,glangford6v@army.mil,Female,Russia,1999/09/30
249,Gerrie,Tosdevin,gtosdevin6w@desdev.cn,Male,Czech Republic,1991/12/18
250,Dan,Pocock,dpocock6x@hhs.gov,Male,Argentina,1955/03/23
251,Elbert,Reubens,ereubens6y@toplist.cz,Male,France,1997/05/08
252,Nikki,Faulkner,nfaulkner6z@hc360.com,Female,Equatorial Guinea,1973/09/24
253,Betteann,McAleese,bmcaleese70@oakley.com,Female,China,1953/11/21
254,Elisha,Harkins,eharkins71@boston.com,Female,China,1963/03/22
255,Binky,Randal,brandal72@businessinsider.com,Male,China,1999/06/30
256,Briggs,Malim,bmalim73@java.com,Male,China,2000/10/27
257,Sydney,Fortin,sfortin74@upenn.edu,Female,Indonesia,1976/09/28
258,Emogene,Keir,ekeir75@free.fr,Female,Nigeria,1993/06/27
259,Garwin,Hammerich,ghammerich76@vistaprint.com,Male,Philippines,1997/11/05
260,Stanislaus,Glossop,sglossop77@naver.com,Male,Palestinian Territory,1978/05/31
261,Oriana,Whittles,owhittles78@walmart.com,Female,Portugal,1981/01/04
262,Kali,Matschoss,kmatschoss79@bloglines.com,Female,China,1963/04/06
263,Wit,Coning,wconing7a@google.com.hk,Male,Brazil,1960/07/13
264,Thorn,Plaide,tplaide7b@google.pl,Male,Argentina,1956/04/05
265,Cordie,Cockshutt,ccockshutt7c@epa.gov,Female,Brazil,1967/04/16
266,Olva,O'Kane,ookane7d@vkontakte.ru,Female,Mexico,1979/04/13
267,Carlina,Hedman,chedman7e@gizmodo.com,Female,China,1974/10/22
268,Alphonso,Furst,afurst7f@zimbio.com,Male,Malaysia,1955/02/17
269,Renelle,Sandyfirth,rsandyfirth7g@youtu.be,Non-binary,Liberia,1961/06/15
270,Merwin,Fri,mfri7h@cnet.com,Male,Portugal,1954/03/20
271,Averil,Wildey,awildey7i@mtv.com,Male,Czech Republic,1975/10/26
272,Jack,Espinoy,jespinoy7j@homestead.com,Male,Mongolia,1968/03/24
273,Dag,Ebbings,debbings7k@4shared.com,Male,Brazil,1965/10/23
274,Andrey,Nuzzti,anuzzti7l@mozilla.org,Male,Afghanistan,1954/04/03
275,Benedicta,Calliss,bcalliss7m@dagondesign.com,Female,Poland,1990/02/06
276,Kent,Durdan,kdurdan7n@netvibes.com,Male,Philippines,1972/01/26
277,Augie,Laverick,alaverick7o@constantcontact.com,Male,Colombia,1994/12/21
278,Wallis,Fache,wfache7p@php.net,Female,Brazil,1952/10/25
279,Datha,Phaup,dphaup7q@bbb.org,Female,China,1979/09/07
280,Josh,Thunderchief,jthunderchief7r@ycombinator.com,Male,Bangladesh,1953/04/11
281,Carmelia,Kilcoyne,ckilcoyne7s@4shared.com,Female,Curacao,1980/11/13
282,Cleveland,Roddam,croddam7t@vk.com,Non-binary,Portugal,1962/07/07
283,Tracey,Waplinton,twaplinton7u@nytimes.com,Female,Indonesia,1979/04/14
284,Horton,Vanni,hvanni7v@elpais.com,Genderqueer,Philippines,1990/03/06
285,Annalee,Sprey,asprey7w@aboutads.info,Agender,China,2000/02/14
286,Sofie,Woodstock,swoodstock7x@state.tx.us,Female,Czech Republic,1970/11/08
287,Ernst,Lemonby,elemonby7y@reddit.com,Male,Ukraine,1958/05/04
288,Aubrey,Avramovic,aavramovic7z@sbwire.com,Female,Tunisia,1994/04/23
289,Joy,Leele,jleele80@deviantart.com,Female,Mexico,1987/11/13
290,Shandee,Veivers,sveivers81@reddit.com,Female,United States,1951/09/12
291,Rickard,Dowzell,rdowzell82@economist.com,Male,Brazil,1959/11/23
292,Sayres,Freed,sfreed83@ameblo.jp,Male,Portugal,1985/11/17
293,Jocelin,Huortic,jhuortic84@google.fr,Female,Cyprus,1968/08/29
294,Ferne,Gawler,fgawler85@xrea.com,Female,Azerbaijan,2000/10/29
295,Jard,Toquet,jtoquet86@google.com.br,Male,Vietnam,1979/06/30
296,Lance,Duesberry,lduesberry87@cnet.com,Male,Indonesia,1999/01/28
297,Immanuel,Boyington,iboyington88@istockphoto.com,Male,Ukraine,1968/01/18
298,Frederico,Whapples,fwhapples89@comsenz.com,Male,China,1990/12/23
299,Fredericka,Padfield,fpadfield8a@walmart.com,Non-binary,Japan,1962/09/23
300,Moises,Pennells,mpennells8b@scientificamerican.com,Non-binary,United States,1965/06/30
301,Binky,Dows,bdows8c@rakuten.co.jp,Male,Brazil,1972/07/01
302,Grazia,Fattore,gfattore8d@dedecms.com,Female,Philippines,1961/11/03
303,Constantina,Glisenan,cglisenan8e@linkedin.com,Female,China,1974/01/21
304,Warde,Molnar,wmolnar8f@addthis.com,Male,Russia,1977/01/05
305,Shannah,Lyvon,slyvon8g@storify.com,Female,Syria,1960/03/29
306,Tracie,Poynzer,tpoynzer8h@yahoo.co.jp,Female,China,1995/07/22
307,Bernardine,Mendonca,bmendonca8i@europa.eu,Female,Belarus,1969/07/20
308,Byron,Gwinnett,bgwinnett8j@plala.or.jp,Polygender,Japan,1976/12/13
309,Northrop,Wildblood,nwildblood8k@mail.ru,Male,Canada,1984/07/16
310,Shandee,Vasishchev,svasishchev8l@cnbc.com,Female,Ukraine,1975/06/01
311,Sisely,Wickmann,swickmann8m@de.vu,Polygender,Russia,1961/02/25
312,Emmalynne,Edgar,eedgar8n@clickbank.net,Female,Venezuela,1971/02/06
313,Ambrosio,Taree,ataree8o@twitter.com,Male,Vietnam,1970/07/09
314,Hilario,Bartaloni,hbartaloni8p@deviantart.com,Male,China,1998/09/11
315,Misti,Hucquart,mhucquart8q@webeden.co.uk,Female,Sweden,1982/05/13
316,Lianna,Goodley,lgoodley8r@va.gov,Female,Indonesia,1989/08/01
317,Katey,Cavey,kcavey8s@hugedomains.com,Female,Serbia,1976/04/13
318,Roi,Pacitti,rpacitti8t@scientificamerican.com,Male,Albania,1982/06/28
319,Lorne,Belward,lbelward8u@wsj.com,Female,Indonesia,1958/03/22
320,Anna-maria,Lambirth,alambirth8v@boston.com,Female,China,1985/01/14
321,Carline,Widdicombe,cwiddicombe8w@edublogs.org,Female,Sweden,1955/01/25
322,Hyacintha,Skelly,hskelly8x@tinypic.com,Female,Malaysia,1993/11/29
323,Erminia,Matanin,ematanin8y@usgs.gov,Female,Iran,1984/07/24
324,Arther,Romayne,aromayne8z@europa.eu,Male,China,1991/10/13
325,Evelyn,Eagger,eeagger90@webeden.co.uk,Female,Brazil,1958/10/21
326,Hillary,Livard,hlivard91@cloudflare.com,Male,China,1963/04/27
327,Jacky,Tichelaar,jtichelaar92@dedecms.com,Female,Greece,1970/09/21
328,Roanne,Brosel,rbrosel93@geocities.jp,Female,Poland,1986/06/29
329,Chelsey,Lively,clively94@bing.com,Female,Ivory Coast,1979/08/26
330,Franciska,Shirer,fshirer95@google.co.uk,Bigender,China,1985/11/09
331,Marj,Kurt,mkurt96@xing.com,Female,China,1955/08/20
332,Roderick,Jarman,rjarman97@dmoz.org,Male,Portugal,1952/10/28
333,Andros,Verzey,averzey98@ezinearticles.com,Male,Mexico,1971/12/12
334,Noell,Hockey,nhockey99@apache.org,Female,China,1982/11/22
335,Odilia,Caddell,ocaddell9a@vinaora.com,Female,China,1952/07/19
336,Jackie,Bullivent,jbullivent9b@nyu.edu,Male,Russia,1981/09/09
337,Fannie,Whife,fwhife9c@odnoklassniki.ru,Female,Indonesia,1987/10/29
338,Jerome,Staner,jstaner9d@psu.edu,Polygender,Portugal,1966/03/29
339,Thorndike,Morcomb,tmorcomb9e@constantcontact.com,Male,China,1973/03/21
340,Adina,Hestrop,ahestrop9f@freewebs.com,Female,United States,1960/03/31
341,Ravi,Laurent,rlaurent9g@issuu.com,Male,Indonesia,1985/03/19
342,Theo,Blakelock,tblakelock9h@google.fr,Female,United States,1977/12/20
343,Galvin,Almond,galmond9i@nsw.gov.au,Male,France,1990/08/23
344,Gussie,Pell,gpell9j@marriott.com,Female,China,1970/03/03
345,Sherie,Polycote,spolycote9k@netlog.com,Female,Kazakhstan,1962/12/13
346,Zachariah,Morteo,zmorteo9l@buzzfeed.com,Male,Portugal,1989/01/11
347,Johanna,Rogge,jrogge9m@icio.us,Female,Philippines,1974/11/07
348,Daisey,Jeffcock,djeffcock9n@deliciousdays.com,Female,Russia,1960/04/24
349,Sandie,Filyushkin,sfilyushkin9o@hatena.ne.jp,Female,Dominican Republic,1998/03/02
350,Bamby,Lambirth,blambirth9p@1688.com,Female,Philippines,1965/08/17
351,Dwayne,Drissell,ddrissell9q@wired.com,Male,United Kingdom,1980/01/18
352,Gawen,D'Enrico,gdenrico9r@mozilla.org,Male,Croatia,1997/02/08
353,Lonny,Dowker,ldowker9s@zimbio.com,Male,Indonesia,1964/08/10
354,Ursala,Joontjes,ujoontjes9t@facebook.com,Female,China,1955/04/28
355,Jo-ann,Seabright,jseabright9u@webnode.com,Female,Indonesia,1991/03/16
356,Hyacinthe,Thoms,hthoms9v@elegantthemes.com,Female,Japan,1956/02/16
357,Cesaro,McKinstry,cmckinstry9w@nyu.edu,Male,China,1983/09/29
358,Ardith,Hutchins,ahutchins9x@symantec.com,Female,Brazil,1985/01/21
359,Sylvan,Kinastan,skinastan9y@wunderground.com,Male,China,1963/09/18
360,Emili,Needs,eneeds9z@harvard.edu,Genderfluid,Greece,1998/05/18
361,Abbie,Shields,ashieldsa0@blogger.com,Male,Indonesia,1958/11/04
362,Pamelina,Corssen,pcorssena1@stumbleupon.com,Female,Indonesia,1998/08/24
363,Valaria,Fawckner,vfawcknera2@tumblr.com,Female,Armenia,1990/03/05
364,Essy,Pecht,epechta3@unc.edu,Female,Iraq,1957/05/16
365,Lulita,Nenci,lnencia4@yolasite.com,Female,France,1983/01/28
366,Leon,McLise,lmclisea5@cornell.edu,Polygender,Philippines,1962/01/10
367,Gunner,Benyon,gbenyona6@furl.net,Male,Indonesia,1956/09/22
368,Alexio,Prangley,aprangleya7@businessinsider.com,Male,Colombia,1962/01/16
369,Halley,Reader,hreadera8@creativecommons.org,Female,Indonesia,1975/12/28
370,Denys,Hutchason,dhutchasona9@123-reg.co.uk,Male,Ukraine,1960/07/06
371,Jacynth,Prestage,jprestageaa@japanpost.jp,Female,Brazil,1954/11/23
372,Georgianna,Cleveland,gclevelandab@cocolog-nifty.com,Genderfluid,Philippines,1955/10/03
373,Rinaldo,Chinn,rchinnac@youtube.com,Male,Angola,1985/07/30
374,Ema,Flacknell,eflacknellad@berkeley.edu,Female,Hong Kong,1961/08/23
375,Micheal,Maryska,mmaryskaae@cmu.edu,Male,Costa Rica,1999/07/30
376,Fanya,Clappison,fclappisonaf@cdc.gov,Female,Russia,1980/02/11
377,Pen,Ungaretti,pungarettiag@ca.gov,Female,Philippines,1990/01/24
378,Hollyanne,Adess,hadessah@reference.com,Genderfluid,Afghanistan,1980/09/13
379,Jobi,Scullion,jscullionai@amazon.de,Female,Czech Republic,1977/07/01
380,Ange,Peachment,apeachmentaj@jugem.jp,Female,Central African Republic,1988/08/11
381,Aloise,Mathivon,amathivonak@tinypic.com,Female,China,1985/06/19
382,Rafaelia,Postle,rpostleal@yellowpages.com,Female,Indonesia,1998/07/11
383,Nial,Hatfield,nhatfieldam@wordpress.com,Male,Indonesia,1951/08/25
384,Almira,Mundford,amundfordan@latimes.com,Female,Pakistan,1962/08/17
385,Marla,Varne,mvarneao@sciencedaily.com,Female,China,1995/06/04
386,Maggee,Ech,mechap@tinyurl.com,Female,Philippines,1970/07/17
387,Madelin,Bridgwood,mbridgwoodaq@theglobeandmail.com,Bigender,Japan,1964/08/30
388,Culley,Shury,cshuryar@miitbeian.gov.cn,Male,Djibouti,2000/09/13
389,Rafaello,Sambrook,rsambrookas@wired.com,Male,Brazil,1962/03/03
390,Elihu,Dyett,edyettat@uol.com.br,Male,Russia,1980/07/05
391,Clarinda,Daintree,cdaintreeau@stanford.edu,Female,Greece,1968/12/03
392,Kale,MacCartan,kmaccartanav@ucoz.ru,Male,China,1957/09/04
393,Waylin,MacIlurick,wmacilurickaw@zdnet.com,Male,Indonesia,1964/03/09
394,Francklin,Boatright,fboatrightax@ovh.net,Male,Iran,1975/11/18
395,Maria,Wickersham,mwickershamay@reference.com,Female,Indonesia,1956/04/07
396,Prescott,Duguid,pduguidaz@umich.edu,Male,China,1977/08/29
397,Huey,Jandera,hjanderab0@quantcast.com,Male,Philippines,1964/05/31
398,Guglielmo,Berisford,gberisfordb1@php.net,Male,Indonesia,1965/11/12
399,Connie,Tilliards,ctilliardsb2@forbes.com,Female,South Africa,1982/02/15
400,Buiron,Cradey,bcradeyb3@feedburner.com,Male,Japan,1977/05/31
401,Ham,Mapplebeck,hmapplebeckb4@themeforest.net,Male,Honduras,1950/12/06
402,Frayda,Blest,fblestb5@etsy.com,Female,Portugal,1987/10/19
403,Celia,Kilkenny,ckilkennyb6@pen.io,Female,Russia,1974/02/08
404,Amalee,Cumine,acumineb7@vk.com,Female,Indonesia,1997/12/26
405,Bonnee,Lumber,blumberb8@qq.com,Female,China,1962/10/16
406,Brien,Younge,byoungeb9@spotify.com,Male,China,1993/06/17
407,Cecil,Lantuff,clantuffba@edublogs.org,Male,China,1968/05/30
408,Raffaello,Pasticznyk,rpasticznykbb@sun.com,Male,Portugal,1993/06/18
409,Lexy,Ebbetts,lebbettsbc@youku.com,Female,Ukraine,1996/11/11
410,Bertie,Lovekin,blovekinbd@sbwire.com,Male,Russia,1969/07/20
411,Didi,Goodby,dgoodbybe@php.net,Female,Kazakhstan,1997/05/25
412,Yelena,Arnaudot,yarnaudotbf@admin.ch,Female,Ukraine,1970/07/23
413,Melitta,Prier,mprierbg@admin.ch,Female,Chile,1952/10/19
414,Davina,Lindstedt,dlindstedtbh@wp.com,Female,Paraguay,1991/03/24
415,Clarice,Beesey,cbeeseybi@si.edu,Genderqueer,Jordan,1967/07/15
416,Leese,Fryman,lfrymanbj@nasa.gov,Bigender,Greece,1956/07/04
417,Janek,Jozaitis,jjozaitisbk@yellowpages.com,Male,China,1996/05/19
418,Morty,Dilland,mdillandbl@rakuten.co.jp,Male,United States,1972/03/29
419,Joeann,Aronovitz,jaronovitzbm@goodreads.com,Female,China,1964/03/13
420,Jacynth,Adey,jadeybn@over-blog.com,Female,Japan,1959/05/06
421,Kane,Brierley,kbrierleybo@facebook.com,Male,United Kingdom,1953/04/17
422,Berti,Draco,bdracobp@spotify.com,Female,China,2000/07/04
423,Abraham,Slimm,aslimmbq@people.com.cn,Male,Russia,1992/10/15
424,Phil,Girardetti,pgirardettibr@webs.com,Male,China,1957/12/06
425,Shayne,Mancktelow,smancktelowbs@homestead.com,Female,Thailand,1999/12/22
426,Berty,Dumblton,bdumbltonbt@weebly.com,Genderqueer,Denmark,1962/08/21
427,Dniren,Beuscher,dbeuscherbu@sina.com.cn,Bigender,Bosnia and Herzegovina,1995/04/23
428,Ulberto,Moralas,umoralasbv@plala.or.jp,Male,Sweden,1987/01/14
429,Gnni,Korous,gkorousbw@umich.edu,Female,Portugal,1955/09/06
430,Alejoa,Kingscote,akingscotebx@blogtalkradio.com,Male,Russia,1990/07/31
431,Ronica,Osipov,rosipovby@dion.ne.jp,Female,Indonesia,1984/11/16
432,Joel,Scole,jscolebz@epa.gov,Male,Croatia,1976/11/16
433,Fonsie,Jost,fjostc0@g.co,Male,Peru,1978/05/10
434,Brandice,Prayer,bprayerc1@netscape.com,Female,Greece,1999/08/21
435,Adolphus,Jahnig,ajahnigc2@theatlantic.com,Male,Senegal,1978/09/17
436,Georges,Ruegg,grueggc3@google.pl,Male,China,1960/06/12
437,Erminia,Ossipenko,eossipenkoc4@examiner.com,Female,Indonesia,1959/08/27
438,Rosita,Northall,rnorthallc5@wordpress.com,Female,Poland,1994/12/13
439,Jamill,Uvedale,juvedalec6@google.de,Male,Sweden,1974/02/27
440,Coretta,Oneil,coneilc7@google.it,Female,Jamaica,1967/02/09
441,Fabiano,Benedit,fbeneditc8@taobao.com,Male,Nepal,1983/04/28
442,Ursula,Getley,ugetleyc9@canalblog.com,Female,Yemen,1970/06/14
443,Ruthy,Preble,rprebleca@latimes.com,Female,Afghanistan,1990/11/29
444,Daffi,Balnave,dbalnavecb@digg.com,Genderqueer,Greece,1951/08/15
445,Kelbee,Badsey,kbadseycc@nps.gov,Male,Yemen,1999/10/15
446,Hildy,Milsom,hmilsomcd@unesco.org,Female,Indonesia,1991/02/20
447,Rebeca,de Courcey,rdecourceyce@tripadvisor.com,Female,Cambodia,1998/12/09
448,Rufus,Jump,rjumpcf@java.com,Male,Poland,1952/07/16
449,Bob,Praten,bpratencg@scribd.com,Bigender,Thailand,1978/10/13
450,Nikolos,Attwoul,nattwoulch@dailymail.co.uk,Bigender,Croatia,1956/07/25
451,Liesa,Dinsdale,ldinsdaleci@jigsy.com,Female,Russia,1990/06/01
452,Rabi,Edsell,redsellcj@cdc.gov,Male,Thailand,1969/09/22
453,Forrest,Bwy,fbwyck@flavors.me,Male,Brazil,1986/10/03
454,Jocelyn,Lande,jlandecl@youtu.be,Female,Democratic Republic of the Congo,1972/07/26
455,Freddi,Skeete,fskeetecm@linkedin.com,Female,Brazil,1995/03/15
456,Dorris,Hinsch,dhinschcn@ucla.edu,Female,Canada,1951/01/24
457,Roosevelt,Agerskow,ragerskowco@xinhuanet.com,Male,Greece,1963/09/09
458,Pall,Slisby,pslisbycp@ovh.net,Male,Georgia,1988/02/06
459,Laural,Smithson,lsmithsoncq@cnbc.com,Genderqueer,Finland,1992/08/24
460,Berke,Gremane,bgremanecr@ycombinator.com,Male,United States,1985/07/30
461,Nester,Dawber,ndawbercs@usa.gov,Male,Guatemala,1960/10/18
462,Frank,Ffoulkes,fffoulkesct@virginia.edu,Female,China,1987/11/02
463,Ardine,Sillars,asillarscu@edublogs.org,Female,Poland,1979/01/01
464,Lynnett,Heckney,lheckneycv@newyorker.com,Female,Tunisia,1961/09/01
465,Brietta,Feldklein,bfeldkleincw@bloglines.com,Female,Burkina Faso,1986/09/11
466,Elsbeth,Ransley,eransleycx@hhs.gov,Female,Indonesia,1983/05/11
467,Catarina,Peel,cpeelcy@foxnews.com,Female,China,1963/05/31
468,Aguie,Quilkin,aquilkincz@ameblo.jp,Male,Poland,1991/03/11
469,Vilma,McClements,vmcclementsd0@accuweather.com,Female,Serbia,1986/06/15
470,Thalia,Jessett,tjessettd1@about.me,Female,Mexico,1959/04/05
471,Garrett,Mcsarry,gmcsarryd2@de.vu,Non-binary,United States,1996/04/24
472,Linet,Walding,lwaldingd3@cornell.edu,Female,Peru,1982/01/25
473,Mallorie,Worthing,mworthingd4@microsoft.com,Female,Kazakhstan,1953/12/10
474,Clerc,Kermode,ckermoded5@wunderground.com,Male,China,1979/10/24
475,Ginny,Prest,gprestd6@mtv.com,Female,Norway,1952/02/12
476,Karlee,Dunkerley,kdunkerleyd7@seattletimes.com,Female,Ukraine,1988/11/22
477,Elana,Danskine,edanskined8@amazon.co.jp,Female,Portugal,1974/04/01
478,Neely,Bowstead,nbowsteadd9@purevolume.com,Female,Argentina,1972/07/29
479,Nikki,Chevins,nchevinsda@vkontakte.ru,Male,Czech Republic,1978/02/26
480,Baryram,Gabbetis,bgabbetisdb@jiathis.com,Male,Mauritania,1953/03/06
481,Kerr,Van Arsdall,kvanarsdalldc@noaa.gov,Male,Japan,1994/08/22
482,Hannie,Furlow,hfurlowdd@ted.com,Female,Latvia,1992/08/11
483,Janaya,Rowen,jrowende@goo.ne.jp,Female,Uruguay,1995/04/17
484,Bellina,Dellar,bdellardf@histats.com,Female,"Bonaire, Saint Eustatius and Saba ",1982/03/24
485,Sabina,Beevor,sbeevordg@list-manage.com,Agender,Italy,1955/09/24
486,Rhianna,Arnow,rarnowdh@freewebs.com,Female,France,1992/08/02
487,Rollie,Clampton,rclamptondi@java.com,Male,Poland,1981/01/09
488,Garwin,Adshad,gadshaddj@bbc.co.uk,Male,Cuba,1986/10/16
489,Saba,Bendon,sbendondk@stanford.edu,Female,Indonesia,1956/06/20
490,Rubin,Buney,rbuneydl@google.co.uk,Male,China,1997/11/08
491,Kati,Balfour,kbalfourdm@msn.com,Non-binary,Poland,1991/01/10
492,Ciel,Heball,cheballdn@princeton.edu,Female,Japan,1952/04/19
493,Buffy,Chaimson,bchaimsondo@wunderground.com,Non-binary,Thailand,1996/12/19
494,Thadeus,Mc Andrew,tmcandrewdp@blogs.com,Male,Poland,1975/03/02
495,Sheelagh,Altimas,saltimasdq@plala.or.jp,Bigender,Indonesia,1974/05/26
496,Piper,Gerrey,pgerreydr@people.com.cn,Female,Indonesia,1966/06/15
497,Umeko,Wettern,uwetternds@csmonitor.com,Non-binary,Guatemala,1999/07/18
498,Viva,Durrad,vdurraddt@bbb.org,Female,Afghanistan,1991/12/25
499,Mandy,Strephan,mstrephandu@addthis.com,Female,Indonesia,1980/10/26
500,Hanson,Morphey,hmorpheydv@godaddy.com,Male,Portugal,1986/01/18
501,Samara,Moriarty,smoriartydw@sogou.com,Female,Russia,1996/03/13
502,Nalani,Plewright,nplewrightdx@360.cn,Female,South Africa,2000/02/17
503,Cherye,Keneleyside,ckeneleysidedy@marketwatch.com,Female,El Salvador,1959/07/07
504,Verna,Feveryear,vfeveryeardz@latimes.com,Female,Mauritius,1956/10/25
505,Vachel,Dommerque,vdommerquee0@salon.com,Male,Ukraine,1979/08/11
506,Myrta,Wilks,mwilkse1@last.fm,Female,Cuba,1988/06/16
507,Andromache,Capron,acaprone2@over-blog.com,Female,Poland,1983/04/04
508,Heall,Goering,hgoeringe3@bizjournals.com,Agender,Afghanistan,1997/10/05
509,Alasteir,Sends,asendse4@webmd.com,Male,Greece,1963/09/21
510,Cacilie,Kenington,ckeningtone5@elegantthemes.com,Female,Russia,1985/04/13
511,Cherey,Alcide,calcidee6@microsoft.com,Female,Turkmenistan,1988/07/05
512,Thorpe,Le Marquis,tlemarquise7@uol.com.br,Genderfluid,Brazil,1952/01/04
513,Juieta,Arling,jarlinge8@twitter.com,Female,Albania,1964/11/15
514,Osbourn,Daber,odabere9@umn.edu,Male,China,1967/10/23
515,Cora,Galland,cgallandea@shutterfly.com,Female,China,1987/05/09
516,Alisun,Deschelle,adeschelleeb@networkadvertising.org,Agender,Egypt,1979/05/04
517,Rutter,Ivey,riveyec@seattletimes.com,Male,Chile,1993/05/21
518,Garold,Sarfat,gsarfated@indiatimes.com,Male,Finland,1993/08/16
519,D'arcy,Loukes,dloukesee@examiner.com,Male,Indonesia,1968/06/13
520,Eldridge,Macari,emacarief@chron.com,Male,Sweden,1958/07/20
521,Spenser,Vicary,svicaryeg@ed.gov,Male,Portugal,1976/12/27
522,Germaine,Neasam,gneasameh@redcross.org,Male,Philippines,1960/04/15
523,Flo,Spofforth,fspofforthei@usda.gov,Female,Russia,1976/04/18
524,Christy,Broomer,cbroomerej@miibeian.gov.cn,Genderfluid,Greece,1995/07/05
525,Doralyn,Gladhill,dgladhillek@jimdo.com,Non-binary,Nigeria,1993/03/13
526,Leta,Danat,ldanatel@alexa.com,Female,Mongolia,1972/05/26
527,Staffard,Bitchener,sbitchenerem@unesco.org,Male,United States,1967/02/04
528,Ezri,Sibray,esibrayen@jimdo.com,Male,Thailand,1986/06/09
529,Erich,McCardle,emccardleeo@constantcontact.com,Male,China,1961/07/23
530,Salim,Studman,sstudmanep@instagram.com,Male,China,1990/11/24
531,Oran,Skillett,oskilletteq@godaddy.com,Male,China,1952/12/01
532,Mort,Amott,mamotter@nydailynews.com,Male,Argentina,1976/06/12
533,Osgood,Thies,othieses@forbes.com,Male,Brazil,1975/04/26
534,Jacquelynn,Breckell,jbreckellet@bbb.org,Female,Philippines,1956/08/05
535,Clarance,Creffeild,ccreffeildeu@cloudflare.com,Male,China,1959/03/27
536,Gasparo,Maleney,gmaleneyev@dedecms.com,Male,Russia,1972/01/30
537,Serene,Fluin,sfluinew@eventbrite.com,Female,South Korea,1989/05/24
538,Catherine,Henriques,chenriquesex@tmall.com,Female,Indonesia,1975/11/20
539,Franzen,Fattorini,ffattoriniey@bloglines.com,Male,Uganda,1966/03/06
540,Ambrose,Filpo,afilpoez@google.ru,Male,China,1983/02/24
541,Marina,Dougal,mdougalf0@icio.us,Female,Indonesia,1977/11/19
542,Payton,Knuckles,pknucklesf1@reverbnation.com,Male,China,1989/01/24
543,Nana,McGurn,nmcgurnf2@cdbaby.com,Female,Colombia,1955/12/02
544,Alexei,Stoodale,astoodalef3@soundcloud.com,Male,China,1970/06/29
545,Yancey,Phillips,yphillipsf4@google.com.au,Male,China,1964/12/19
546,Neville,Creany,ncreanyf5@merriam-webster.com,Male,Israel,1988/11/26
547,Isa,Mueller,imuellerf6@indiatimes.com,Female,Canada,1998/09/19
548,Shelia,Cottle,scottlef7@cisco.com,Female,Kazakhstan,1953/09/26
549,Berny,Matley,bmatleyf8@sun.com,Agender,France,1991/01/25
550,Ambrosius,Hunnicutt,ahunnicuttf9@hexun.com,Male,China,1997/03/11
551,Aurora,Cowen,acowenfa@kickstarter.com,Female,Indonesia,1992/07/21
552,Niall,Baxill,nbaxillfb@dmoz.org,Male,China,1960/08/15
553,Marlie,Petters,mpettersfc@booking.com,Female,Poland,1993/01/02
554,Wilie,L'Hommee,wlhommeefd@w3.org,Female,China,1958/07/29
555,Christye,Streatley,cstreatleyfe@mysql.com,Female,Colombia,2000/01/11
556,Amy,Kenzie,akenzieff@tiny.cc,Female,United States,1993/09/19
557,Batsheva,Adame,badamefg@archive.org,Female,Greece,1958/04/25
558,Amandie,Munt,amuntfh@desdev.cn,Female,Albania,1976/03/05
559,Orv,Chaloner,ochalonerfi@bigcartel.com,Male,China,2000/09/17
560,Darius,Alldre,dalldrefj@imgur.com,Male,Vietnam,1976/05/21
561,Joachim,Meaden,jmeadenfk@taobao.com,Male,Russia,1969/07/21
562,Penny,Gillooly,pgilloolyfl@umn.edu,Male,Indonesia,1979/09/12
563,Cazzie,Boribal,cboribalfm@reuters.com,Male,Sweden,1980/02/03
564,Bryce,Tulk,btulkfn@mtv.com,Male,Suriname,1989/03/23
565,Rubin,Gibke,rgibkefo@123-reg.co.uk,Male,Tokelau,1969/01/15
566,Alberto,Eakin,aeakinfp@behance.net,Male,Portugal,1987/09/30
567,Winnie,Johnys,wjohnysfq@google.co.jp,Male,Brazil,1977/04/05
568,Taffy,Higounet,thigounetfr@ihg.com,Female,Portugal,1992/03/26
569,Alvin,Gorling,agorlingfs@google.pl,Male,China,1983/10/19
570,Almire,Wiggett,awiggettft@timesonline.co.uk,Female,Macedonia,1992/02/14
571,Shayne,Candish,scandishfu@dion.ne.jp,Female,Portugal,1973/01/12
572,Sheila-kathryn,Gersam,sgersamfv@un.org,Female,Canada,1962/06/21
573,Keelia,Mitchard,kmitchardfw@vimeo.com,Female,Russia,1964/05/16
574,Carroll,Fone,cfonefx@com.com,Male,Vietnam,1992/10/18
575,Noella,Ransley,nransleyfy@spiegel.de,Female,Egypt,1969/12/12
576,Louie,Baudoux,lbaudouxfz@google.nl,Male,Indonesia,1966/04/30
577,Alejandro,Chalker,achalkerg0@goo.gl,Male,Indonesia,1962/04/26
578,Deonne,Barcroft,dbarcroftg1@google.de,Female,Indonesia,1987/06/06
579,Morty,Rosendale,mrosendaleg2@livejournal.com,Male,China,1977/12/17
580,Laurent,Keenleyside,lkeenleysideg3@ebay.com,Male,China,1994/11/29
581,Fletch,Chsteney,fchsteneyg4@dedecms.com,Male,Dominican Republic,1953/05/27
582,Petronilla,Lasseter,plasseterg5@china.com.cn,Female,Russia,1981/10/24
583,Caz,Stather,cstatherg6@pcworld.com,Male,China,1994/08/18
584,Hayes,Satterfitt,hsatterfittg7@uiuc.edu,Male,China,1991/04/14
585,Elsa,Thewless,ethewlessg8@delicious.com,Female,China,1953/06/23
586,Ashleigh,Paradine,aparadineg9@t.co,Female,Indonesia,1995/08/02
587,Ignacio,Wedlake,iwedlakega@example.com,Male,Palestinian Territory,1998/11/30
588,Tabbie,Canniffe,tcanniffegb@vimeo.com,Male,Sweden,1996/05/09
589,Gianni,Braham,gbrahamgc@digg.com,Male,Ecuador,1966/12/24
590,Shelly,Duggon,sduggongd@nbcnews.com,Female,Philippines,1966/03/11
591,Damon,Semble,dsemblege@columbia.edu,Male,China,1969/10/01
592,Ashli,Matignon,amatignongf@etsy.com,Female,Czech Republic,1994/06/18
593,Dionisio,Monkhouse,dmonkhousegg@google.de,Male,Venezuela,1959/10/04
594,Tadeo,Luca,tlucagh@answers.com,Male,Ireland,1963/05/28
595,Ebeneser,Maltby,emaltbygi@loc.gov,Male,Sweden,1951/06/15
596,Marge,Vallentin,mvallentingj@amazon.co.uk,Female,Portugal,1974/05/25
597,Gunner,Sumption,gsumptiongk@yahoo.com,Male,Ghana,1966/01/04
598,Susannah,Medland,smedlandgl@ocn.ne.jp,Female,Croatia,1975/02/12
599,Odilia,Brosi,obrosigm@businesswire.com,Female,Ecuador,1987/08/29
600,Charlene,Baglan,cbaglangn@w3.org,Female,Peru,1997/10/06
601,Towney,Gillbard,tgillbardgo@oracle.com,Male,Mexico,1961/03/31
602,Theresa,Rehme,trehmegp@blogger.com,Female,North Korea,1991/12/12
603,Violette,Huygens,vhuygensgq@seattletimes.com,Female,Indonesia,1963/06/20
604,Edi,Aitken,eaitkengr@infoseek.co.jp,Female,Brazil,1978/04/12
605,Joletta,Cordey,jcordeygs@blinklist.com,Female,France,1984/01/27
606,Gene,Crook,gcrookgt@bigcartel.com,Male,China,1971/12/30
607,Carey,Knight,cknightgu@google.com.hk,Male,Serbia,1957/09/05
608,Calida,Jakucewicz,cjakucewiczgv@joomla.org,Female,Russia,1984/10/16
609,Holly,Lillow,hlillowgw@freewebs.com,Female,Indonesia,1982/06/08
610,Wylie,Hutchinges,whutchingesgx@un.org,Male,Portugal,2000/01/16
611,Baxy,O'Neal,bonealgy@quantcast.com,Male,Niger,1984/11/06
612,Max,Swinnerton,mswinnertongz@plala.or.jp,Male,Indonesia,1956/03/08
613,Payton,Witz,pwitzh0@smh.com.au,Male,Philippines,1997/10/13
614,Trixie,Myatt,tmyatth1@cyberchimps.com,Female,China,1966/03/03
615,Hazlett,Waldram,hwaldramh2@cloudflare.com,Male,Democratic Republic of the Congo,1952/04/25
616,Rosetta,O'Downe,rodowneh3@example.com,Female,Germany,1984/11/18
617,Gerhardt,Dunmore,gdunmoreh4@wunderground.com,Male,China,1963/01/20
618,Sheila,Finlay,sfinlayh5@elegantthemes.com,Female,United Kingdom,1971/12/24
619,Tedd,Penhall,tpenhallh6@godaddy.com,Male,China,1996/08/25
620,Reba,Mucklo,rmuckloh7@unblog.fr,Female,Slovenia,1965/04/11
621,Staci,Bamling,sbamlingh8@tinyurl.com,Female,France,1962/07/25
622,Ardelis,Galton,agaltonh9@umich.edu,Female,Brazil,2000/10/11
623,Maribeth,Persich,mpersichha@noaa.gov,Female,Portugal,1957/01/27
624,Bobbette,Hogben,bhogbenhb@mit.edu,Female,France,1998/12/09
625,Sharlene,Bastable,sbastablehc@blinklist.com,Female,Ukraine,1951/12/05
626,Dannie,Druett,ddruetthd@joomla.org,Male,Philippines,1951/01/19
627,Kory,Ebbitt,kebbitthe@pagesperso-orange.fr,Male,Ukraine,1960/10/28
628,Theda,Valadez,tvaladezhf@elegantthemes.com,Female,Palestinian Territory,1969/06/12
629,Jennee,Von Welden,jvonweldenhg@sitemeter.com,Female,France,1976/07/09
630,Brande,Routhorn,brouthornhh@bing.com,Female,South Africa,1987/10/23
631,Jacobo,Hallum,jhallumhi@sitemeter.com,Male,Indonesia,1971/02/17
632,Reggis,Checcuzzi,rcheccuzzihj@wired.com,Male,China,1994/08/09
633,Heddie,Getten,hgettenhk@constantcontact.com,Female,Netherlands,1992/04/27
634,Reinaldos,Northridge,rnorthridgehl@yale.edu,Male,Ukraine,1967/08/26
635,Aggy,Borrows,aborrowshm@cbslocal.com,Female,China,1955/09/11
636,Fonsie,Weber,fweberhn@washington.edu,Genderfluid,Indonesia,1952/01/10
637,Richardo,Cundey,rcundeyho@eventbrite.com,Male,Kazakhstan,1962/01/30
638,Leonerd,Durrell,ldurrellhp@paginegialle.it,Genderqueer,Indonesia,2000/06/25
639,Olympie,Rodear,orodearhq@linkedin.com,Genderfluid,Russia,1996/03/11
640,Stanly,Durrett,sdurretthr@theatlantic.com,Male,Russia,1969/04/06
641,Don,Barby,dbarbyhs@moonfruit.com,Male,Brazil,1998/10/25
642,Israel,Lerwell,ilerwellht@godaddy.com,Male,Portugal,1955/01/10
643,Kelwin,Euler,keulerhu@mit.edu,Male,Philippines,1952/02/09
644,Hadleigh,Hallward,hhallwardhv@bigcartel.com,Male,Czech Republic,1974/05/19
645,Yvon,Idel,yidelhw@desdev.cn,Male,China,1987/03/16
646,Shelia,Tidridge,stidridgehx@geocities.com,Female,Nigeria,1958/09/17
647,Lon,Spong,lsponghy@macromedia.com,Male,Indonesia,1959/05/05
648,Catriona,Iffe,ciffehz@feedburner.com,Female,Benin,1985/01/14
649,Irvine,Ridsdell,iridsdelli0@si.edu,Male,Portugal,1981/03/30
650,Yasmeen,Divers,ydiversi1@pbs.org,Female,Venezuela,1954/03/04
651,Jesselyn,Marages,jmaragesi2@vk.com,Female,Sweden,1992/01/02
652,Fernando,Bedle,fbedlei3@woothemes.com,Male,Chile,1994/01/08
653,Britni,Ciani,bcianii4@merriam-webster.com,Female,Portugal,1990/12/20
654,Stanly,Pluck,splucki5@jalbum.net,Male,Philippines,1991/06/16
655,Curr,Soan,csoani6@rambler.ru,Male,Zimbabwe,1992/05/31
656,Lavinia,Sauvain,lsauvaini7@sbwire.com,Female,Ukraine,1965/12/31
657,Gilberta,Morcom,gmorcomi8@cbsnews.com,Genderqueer,Russia,1955/02/03
658,Mallory,Mac Giolla Pheadair,mmacgiollapheadairi9@dyndns.org,Bigender,Tanzania,1987/12/30
659,Dur,Gligorijevic,dgligorijevicia@japanpost.jp,Male,Portugal,1957/07/11
660,Rich,Du Hamel,rduhamelib@de.vu,Male,Germany,1955/06/08
661,Tabby,Purser,tpurseric@sina.com.cn,Male,Russia,1974/09/22
662,Suzette,Branche,sbrancheid@mashable.com,Female,Philippines,1984/11/23
663,Fairleigh,Hacker,fhackerie@about.me,Male,Slovenia,1964/10/29
664,Terri,Weiser,tweiserif@blogs.com,Male,Poland,1968/08/12
665,Benedick,Saladine,bsaladineig@ted.com,Male,Portugal,1988/02/28
666,Suellen,Dale,sdaleih@pcworld.com,Non-binary,Philippines,1952/04/02
667,Miran,Piggot,mpiggotii@redcross.org,Female,Cambodia,1992/03/13
668,Goldia,Blacklawe,gblacklaweij@networksolutions.com,Female,France,1985/06/22
669,Orelle,Klaassens,oklaassensik@lulu.com,Female,France,1969/07/15
670,Tessy,Girdler,tgirdleril@guardian.co.uk,Female,Maldives,1966/05/05
671,Casandra,Catlow,ccatlowim@hud.gov,Female,China,1953/10/22
672,Corinna,Servante,cservantein@reverbnation.com,Female,Mongolia,1994/11/18
673,Stephie,Dienes,sdienesio@sina.com.cn,Female,Poland,1976/08/07
674,Kathe,Bravery,kbraveryip@sogou.com,Female,Poland,1963/12/15
675,Blakeley,Noulton,bnoultoniq@mozilla.org,Female,Russia,1964/04/18
676,Emili,Boynton,eboyntonir@illinois.edu,Female,Ethiopia,1964/04/08
677,Westley,Wheelwright,wwheelwrightis@chronoengine.com,Male,Indonesia,1977/11/08
678,Cletis,Foster,cfosterit@prnewswire.com,Male,United States,1960/12/23
679,Letisha,Jenner,ljenneriu@fda.gov,Female,Russia,1998/05/07
680,Morrie,Pease,mpeaseiv@archive.org,Male,Zimbabwe,1951/11/08
681,Judi,Flear,jfleariw@woothemes.com,Female,Colombia,1959/08/17
682,Cherey,Poxson,cpoxsonix@cnbc.com,Female,Greece,1968/08/18
683,Aline,Cridlon,acridloniy@behance.net,Female,Indonesia,1971/04/13
684,Billy,Widdop,bwiddopiz@mlb.com,Male,Portugal,1983/06/07
685,Franky,Attoc,fattocj0@edublogs.org,Male,Mongolia,1976/11/15
686,Bessy,Twinn,btwinnj1@shareasale.com,Female,Vietnam,1987/01/24
687,Danya,Farden,dfardenj2@github.io,Female,Czech Republic,1958/02/01
688,Charlie,Pady,cpadyj3@cpanel.net,Genderfluid,Poland,1956/01/23
689,Ryon,Brimblecomb,rbrimblecombj4@is.gd,Male,Indonesia,1952/01/22
690,Karylin,Narbett,knarbettj5@ted.com,Female,Mexico,1993/02/16
691,Ingar,Renfrew,irenfrewj6@abc.net.au,Male,Italy,1992/05/18
692,Vanya,Wherrit,vwherritj7@last.fm,Male,Indonesia,1980/09/07
693,Chrysler,Glastonbury,cglastonburyj8@google.co.uk,Non-binary,France,1999/11/24
694,Gael,Bedinham,gbedinhamj9@purevolume.com,Female,China,1975/05/26
695,Augusto,Skip,askipja@artisteer.com,Male,Czech Republic,1980/08/21
696,Elwira,Guarin,eguarinjb@ftc.gov,Female,Portugal,1993/11/09
697,Jerrilee,Barnard,jbarnardjc@wufoo.com,Female,Spain,1963/10/20
698,Karrie,Gogin,kgoginjd@delicious.com,Female,Democratic Republic of the Congo,1971/03/27
699,Lynelle,Domingues,ldominguesje@patch.com,Female,Russia,1955/07/10
700,Kane,Coldman,kcoldmanjf@vinaora.com,Male,Portugal,1996/11/09
701,Walker,Commucci,wcommuccijg@cornell.edu,Male,Ivory Coast,1950/11/13
702,Guilbert,Barnewelle,gbarnewellejh@addtoany.com,Male,China,1970/08/22
703,Jacquelyn,McVicker,jmcvickerji@unblog.fr,Female,Philippines,1976/05/29
704,Carlin,Habben,chabbenjj@moonfruit.com,Male,China,1966/02/13
705,Benjamin,Ardley,bardleyjk@shop-pro.jp,Male,China,1981/11/02
706,Adah,Prevett,aprevettjl@reuters.com,Female,Czech Republic,1966/09/16
707,Otto,Dunsmore,odunsmorejm@ucoz.ru,Male,China,1956/06/09
708,Fanya,Janak,fjanakjn@ning.com,Female,Poland,1955/03/05
709,Ossie,Grim,ogrimjo@bloglovin.com,Male,China,1978/09/17
710,Bernadine,Rowthorne,browthornejp@bloglines.com,Female,Russia,1963/08/19
711,Mattie,Sigg,msiggjq@i2i.jp,Genderqueer,Peru,1993/06/18
712,Riccardo,Andrzej,randrzejjr@nydailynews.com,Male,Thailand,2000/01/04
713,Cristian,Spurden,cspurdenjs@vistaprint.com,Male,Philippines,1974/04/01
714,Theodor,MacAnulty,tmacanultyjt@washington.edu,Male,Philippines,1999/09/06
715,Alleen,Godfrey,agodfreyju@xing.com,Female,Japan,1951/01/02
716,Chickie,Dubery,cduberyjv@wordpress.org,Male,Indonesia,1952/06/26
717,Jocko,Samwell,jsamwelljw@php.net,Male,Czech Republic,1951/12/23
718,Allister,Maps,amapsjx@mac.com,Male,Greece,1961/05/11
719,Geordie,Reinbeck,greinbeckjy@de.vu,Male,Uruguay,1989/08/02
720,Jaquelin,Maureen,jmaureenjz@imgur.com,Female,China,1986/05/19
721,Andrej,Debill,adebillk0@omniture.com,Male,Russia,1960/05/16
722,Kaye,Barkess,kbarkessk1@nymag.com,Female,France,1953/01/16
723,Talbert,Kennerley,tkennerleyk2@yellowbook.com,Male,Poland,1980/10/17
724,Ulises,Hemeret,uhemeretk3@devhub.com,Male,Japan,1986/11/15
725,Hobey,Lovejoy,hlovejoyk4@ted.com,Agender,Nigeria,1997/12/22
726,Maddi,Peffer,mpefferk5@smh.com.au,Female,Armenia,1992/02/26
727,John,Kernock,jkernockk6@ycombinator.com,Male,Egypt,1993/09/18
728,Milli,Hebblewhite,mhebblewhitek7@youku.com,Female,Portugal,1993/08/10
729,Cointon,Welberry,cwelberryk8@free.fr,Male,Kazakhstan,1962/05/14
730,Glenna,Dargavel,gdargavelk9@umn.edu,Female,China,1958/02/20
731,Leann,Lampbrecht,llampbrechtka@prweb.com,Female,Guatemala,1953/01/28
732,Roger,Buxcey,rbuxceykb@chicagotribune.com,Male,Philippines,1986/03/02
733,Elliott,Moynham,emoynhamkc@dagondesign.com,Male,Zambia,1965/10/16
734,Lorene,Fettiplace,lfettiplacekd@mapy.cz,Female,South Korea,1979/04/02
735,Lucienne,Le Fevre,llefevreke@google.es,Female,Ireland,1968/07/24
736,Forrest,Cazereau,fcazereaukf@salon.com,Male,Poland,1998/12/26
737,Regan,Cruikshanks,rcruikshankskg@rakuten.co.jp,Male,Portugal,1999/09/12
738,Ruprecht,Mendoza,rmendozakh@shutterfly.com,Male,Saudi Arabia,1996/11/10
739,Whittaker,Martina,wmartinaki@gmpg.org,Male,Kuwait,1998/03/29
740,Karoly,Westbrook,kwestbrookkj@foxnews.com,Female,China,1968/12/26
741,Damian,Bonus,dbonuskk@youtu.be,Male,China,1984/08/04
742,Shandeigh,King,skingkl@dot.gov,Female,Greece,1979/03/14
743,Merrile,Quinby,mquinbykm@blogtalkradio.com,Female,Indonesia,1998/04/07
744,Rory,Sibbald,rsibbaldkn@list-manage.com,Male,China,1960/08/29
745,Tito,Craigmile,tcraigmileko@aboutads.info,Male,Indonesia,1982/08/14
746,Artus,Samett,asamettkp@pinterest.com,Male,Russia,1953/03/08
747,Allan,Wybrew,awybrewkq@typepad.com,Male,Russia,1991/04/10
748,Brigit,Skally,bskallykr@fc2.com,Female,China,1990/07/17
749,Karrah,Diboll,kdibollks@buzzfeed.com,Female,United States,1977/11/30
750,Zeb,Whapple,zwhapplekt@alibaba.com,Male,France,1981/10/10
751,Dulsea,Figures,dfiguresku@last.fm,Female,Indonesia,1997/04/26
752,Scotti,Van den Broek,svandenbroekkv@sogou.com,Male,South Sudan,1984/03/13
753,Vince,Rohloff,vrohloffkw@omniture.com,Male,Portugal,1990/10/08
754,Shane,Brunicke,sbrunickekx@ftc.gov,Male,Thailand,1988/04/25
755,Cynthy,Neumann,cneumannky@mozilla.org,Female,China,1989/08/30
756,Jaye,Brugger,jbruggerkz@friendfeed.com,Male,United States,1982/12/21
757,Lilyan,De Beauchamp,ldebeauchampl0@hp.com,Female,China,1969/09/28
758,Washington,Shillum,wshilluml1@marriott.com,Male,Canada,1959/09/07
759,Kelsy,Frostdick,kfrostdickl2@51.la,Female,Chad,1970/09/27
760,Base,Sidsaff,bsidsaffl3@upenn.edu,Agender,China,1996/12/12
761,Nicholle,Hornung,nhornungl4@histats.com,Female,Guam,1981/04/15
762,Catha,Moran,cmoranl5@wufoo.com,Female,Syria,1976/10/31
763,Tiphany,Ellaway,tellawayl6@zdnet.com,Genderfluid,China,1972/08/02
764,Kendal,Yard,kyardl7@about.me,Male,Sweden,1950/12/11
765,Elisha,Blunkett,eblunkettl8@earthlink.net,Genderqueer,Kenya,1958/10/14
766,Kare,De Carolis,kdecarolisl9@mit.edu,Female,Australia,1961/12/11
767,Gwynne,Munt,gmuntla@storify.com,Female,China,1981/03/07
768,Jillian,Faas,jfaaslb@blogspot.com,Female,China,1997/03/18
769,Meghann,Showalter,mshowalterlc@msu.edu,Female,Russia,1962/11/08
770,Paten,Sinclar,psinclarld@state.tx.us,Male,Brazil,1951/03/03
771,Gerrie,Boulde,gbouldele@shop-pro.jp,Male,China,1979/07/15
772,Raynell,Laydel,rlaydellf@123-reg.co.uk,Female,Colombia,1996/07/03
773,Gerry,Kybird,gkybirdlg@dedecms.com,Female,Philippines,1995/10/25
774,Grethel,Kemme,gkemmelh@sogou.com,Female,China,1951/06/25
775,Levey,Leindecker,lleindeckerli@ehow.com,Male,Czech Republic,1961/11/12
776,Martguerita,Whetton,mwhettonlj@cbc.ca,Female,Spain,1985/06/20
777,Eadith,Flynn,eflynnlk@comsenz.com,Female,France,2000/03/10
778,Winnie,Vasovic,wvasovicll@networkadvertising.org,Genderqueer,China,1976/03/12
779,Angele,Bambrough,abambroughlm@dion.ne.jp,Female,Japan,1988/11/03
780,Trish,Onn,tonnln@ed.gov,Female,Poland,1959/01/22
781,Shayla,Cisland,scislandlo@kickstarter.com,Female,China,1986/01/08
782,Tanhya,Birdsey,tbirdseylp@archive.org,Female,China,1971/05/31
783,Joela,Verson,jversonlq@goodreads.com,Female,Portugal,1984/06/05
784,Reggis,Blazeby,rblazebylr@sakura.ne.jp,Male,Russia,1989/01/21
785,Alasdair,Vowdon,avowdonls@ask.com,Male,Namibia,1988/10/27
786,Anatola,Forsaith,aforsaithlt@oracle.com,Female,Indonesia,1993/07/05
787,Dari,Dwyer,ddwyerlu@free.fr,Female,Botswana,1971/07/09
788,Marie-jeanne,Burdytt,mburdyttlv@mapquest.com,Female,Indonesia,1979/12/02
789,Margaux,Gilvary,mgilvarylw@google.com.au,Female,China,1962/03/12
790,Katherina,Armatidge,karmatidgelx@clickbank.net,Female,Indonesia,1972/05/07
791,Nickolas,Lanham,nlanhamly@disqus.com,Male,China,1956/09/20
792,Janette,Roach,jroachlz@uol.com.br,Female,China,1997/10/30
793,Stesha,Matis,smatism0@parallels.com,Female,Argentina,1984/05/05
794,Shellie,Woollhead,swoollheadm1@live.com,Female,Indonesia,1951/02/25
795,Jourdain,Beeble,jbeeblem2@answers.com,Male,China,1973/07/19
796,Sherline,O'Feeny,sofeenym3@weather.com,Female,Sweden,1976/07/06
797,Llewellyn,Fear,lfearm4@netlog.com,Male,China,1997/06/26
798,Andria,McClaughlin,amcclaughlinm5@sfgate.com,Female,Philippines,1973/02/05
799,Bernadette,Palliser,bpalliserm6@skype.com,Female,Indonesia,1967/05/14
800,Norine,Laurand,nlaurandm7@smugmug.com,Female,China,1956/09/07
801,Tory,Morena,tmorenam8@cargocollective.com,Female,Nicaragua,1981/10/04
802,Davide,Haselup,dhaselupm9@marketwatch.com,Male,Argentina,1968/04/23
803,Wilek,Yarnall,wyarnallma@bloomberg.com,Male,China,1976/05/13
804,Blondy,Tempest,btempestmb@cloudflare.com,Female,China,1956/06/12
805,Nanete,Gulvin,ngulvinmc@house.gov,Female,Pakistan,1965/03/01
806,Hagan,Tirrey,htirreymd@mac.com,Male,Indonesia,1983/04/20
807,Alla,Berrey,aberreyme@who.int,Female,Brazil,1997/10/01
808,Sonja,Hutcheson,shutchesonmf@geocities.jp,Female,Philippines,1969/04/21
809,Reynard,Brunroth,rbrunrothmg@buzzfeed.com,Genderqueer,Brazil,1994/08/10
810,Audry,Dominetti,adominettimh@jiathis.com,Female,China,1985/05/18
811,Hayley,Butchard,hbutchardmi@shareasale.com,Female,Russia,1950/12/28
812,Roseanne,Radbond,rradbondmj@cnet.com,Female,China,1956/02/09
813,Karla,Artharg,karthargmk@sogou.com,Female,Afghanistan,1990/08/22
814,Millicent,Rawdales,mrawdalesml@dedecms.com,Female,Indonesia,1963/09/05
815,Margarita,Lake,mlakemm@twitter.com,Female,China,1972/05/11
816,Lazar,Bunt,lbuntmn@amazon.co.uk,Male,Brazil,1969/10/22
817,Carolann,Corbishley,ccorbishleymo@theatlantic.com,Female,Indonesia,1960/06/16
818,Winna,Crutchley,wcrutchleymp@msu.edu,Agender,Russia,1985/09/22
819,Vaughan,Matheson,vmathesonmq@sfgate.com,Male,Philippines,1962/05/30
820,Ollie,Eichmann,oeichmannmr@ucoz.com,Male,China,1998/06/29
821,Camille,Renzullo,crenzulloms@posterous.com,Female,Indonesia,1978/12/14
822,Bryce,Crankhorn,bcrankhornmt@vinaora.com,Male,China,1994/09/24
823,Arlinda,Sapauton,asapautonmu@phoca.cz,Female,Russia,2000/01/13
824,Gray,Goldring,ggoldringmv@webmd.com,Male,Peru,1963/07/10
825,Westley,Revett,wrevettmw@europa.eu,Male,Bulgaria,1967/02/08
826,Merry,Bubb,mbubbmx@hc360.com,Male,China,1984/09/20
827,Preston,Donoher,pdonohermy@miitbeian.gov.cn,Male,Indonesia,1982/01/23
828,Antoni,Ferras,aferrasmz@imgur.com,Male,Indonesia,1992/05/28
829,Mischa,Bugdell,mbugdelln0@studiopress.com,Male,Indonesia,1962/01/06
830,Gwenora,Kirkam,gkirkamn1@wsj.com,Female,Indonesia,1957/07/08
831,Jilly,Cursons,jcursonsn2@unesco.org,Female,United Kingdom,1956/10/28
832,Hazel,Robens,hrobensn3@cbslocal.com,Male,Brazil,1973/10/30
833,Dixie,Syms,dsymsn4@dagondesign.com,Female,Poland,1987/11/13
834,Vivien,Whitehair,vwhitehairn5@dailymail.co.uk,Agender,Indonesia,1967/10/18
835,Adelind,Merrikin,amerrikinn6@google.co.uk,Female,Philippines,1952/09/21
836,Cathee,Servante,cservanten7@accuweather.com,Female,Argentina,1994/11/17
837,Nobie,Aylott,naylottn8@artisteer.com,Male,Vietnam,1997/01/11
838,Malva,Pellett,mpellettn9@ucoz.ru,Female,Indonesia,1984/09/05
839,Kaitlynn,Hold,kholdna@alexa.com,Female,Argentina,1978/03/16
840,Cross,Walkingshaw,cwalkingshawnb@mail.ru,Male,Peru,1995/08/16
841,Noam,Lebell,nlebellnc@archive.org,Bigender,Poland,1973/03/23
842,Edi,Dargie,edargiend@ifeng.com,Female,Poland,1982/04/08
843,Toinette,Reffe,treffene@miibeian.gov.cn,Female,China,1950/12/22
844,Rebecca,Byllam,rbyllamnf@storify.com,Female,Brazil,1973/12/25
845,Osborn,Penkman,openkmanng@livejournal.com,Male,Mexico,1965/12/01
846,Tod,Blandamore,tblandamorenh@wiley.com,Male,Portugal,1967/12/03
847,Nickolai,Methven,nmethvenni@csmonitor.com,Male,Sweden,1977/08/12
848,Hastings,Passy,hpassynj@xing.com,Male,France,1963/01/20
849,Washington,Vandenhoff,wvandenhoffnk@de.vu,Male,Spain,1975/04/07
850,Launce,Dreghorn,ldreghornnl@yale.edu,Male,Poland,1966/06/29
851,Antoinette,Burkinshaw,aburkinshawnm@meetup.com,Female,China,1963/01/04
852,Shandeigh,Dowrey,sdowreynn@gov.uk,Bigender,Poland,1976/04/18
853,Adolphe,Freeth,afreethno@sciencedaily.com,Male,Indonesia,1951/03/27
854,Woody,Gaymer,wgaymernp@oaic.gov.au,Male,Indonesia,1991/04/15
855,Kristan,Pozzi,kpozzinq@eventbrite.com,Female,Indonesia,1980/03/10
856,Gunter,Kusick,gkusicknr@instagram.com,Male,Russia,1970/09/15
857,Broddie,Lambourne,blambournens@abc.net.au,Genderqueer,China,1970/06/26
858,Vinny,Boffin,vboffinnt@si.edu,Male,China,1970/12/19
859,Robby,Waber,rwabernu@unblog.fr,Polygender,Russia,1963/04/05
860,Rod,Beckerleg,rbeckerlegnv@icq.com,Male,Costa Rica,1983/07/09
861,Kyle,Pulteneye,kpulteneyenw@desdev.cn,Male,Ukraine,1963/02/18
862,Randolph,Marchington,rmarchingtonnx@delicious.com,Male,Russia,1988/02/04
863,Nonna,Roisen,nroisenny@vk.com,Female,Nepal,1975/04/29
864,Sabina,Tellenbach,stellenbachnz@huffingtonpost.com,Female,Cuba,1989/08/31
865,Elton,Chishull,echishullo0@icq.com,Agender,Thailand,1973/03/15
866,Tiphani,Luto,tlutoo1@arstechnica.com,Female,Philippines,1983/11/21
867,Keefer,Tiffin,ktiffino2@themeforest.net,Male,United States,1976/09/27
868,Melita,Parrin,mparrino3@domainmarket.com,Female,Russia,1988/12/23
869,Theodora,Ambroz,tambrozo4@jigsy.com,Non-binary,Sweden,1972/01/01
870,Hyacinth,Hember,hhembero5@odnoklassniki.ru,Female,Argentina,1992/01/27
871,Edy,Everest,eeveresto6@smh.com.au,Female,Peru,1962/08/29
872,Solomon,Ziebart,sziebarto7@topsy.com,Male,Greece,1995/10/13
873,Lay,Gunton,lguntono8@facebook.com,Male,Indonesia,1979/05/21
874,Suzie,Edmonstone,sedmonstoneo9@psu.edu,Female,France,1997/07/05
875,Kylen,Elijah,kelijahoa@storify.com,Female,Indonesia,1982/01/12
876,Baxy,Lanston,blanstonob@engadget.com,Male,China,1998/05/09
877,Kylen,Sapsford,ksapsfordoc@tinypic.com,Female,Philippines,1963/02/22
878,Amil,Loxdale,aloxdaleod@hubpages.com,Genderfluid,Thailand,1973/03/30
879,Jennifer,Oluwatoyin,joluwatoyinoe@cisco.com,Female,Philippines,1957/06/15
880,Rebecca,Shawdforth,rshawdforthof@behance.net,Female,China,1985/06/21
881,Garald,Bedham,gbedhamog@shop-pro.jp,Male,Palestinian Territory,1999/05/27
882,Dehlia,Fountian,dfountianoh@tinypic.com,Female,Russia,1986/10/30
883,Pepi,Dedden,pdeddenoi@deliciousdays.com,Female,Portugal,1995/12/10
884,Panchito,Dennington,pdenningtonoj@google.de,Male,Ukraine,1971/06/24
885,Curry,Bowra,cbowraok@twitter.com,Male,Sweden,1978/08/25
886,Dal,Betts,dbettsol@netscape.com,Male,Russia,1974/06/10
887,Boony,Challen,bchallenom@arstechnica.com,Non-binary,Guinea,1965/12/17
888,Tania,Rey,treyon@is.gd,Female,Brazil,1990/04/13
889,Cherry,Rimmington,crimmingtonoo@va.gov,Female,Spain,1978/06/18
890,Ashley,Tomet,atometop@etsy.com,Male,Colombia,1961/01/23
891,Elva,Peasee,epeaseeoq@xrea.com,Female,Philippines,1972/12/28
892,Marcy,Haresnape,mharesnapeor@blogger.com,Female,China,1985/06/01
893,Woodrow,Brandino,wbrandinoos@seattletimes.com,Male,Argentina,1981/02/21
894,Abramo,Pragnell,apragnellot@phoca.cz,Male,China,1972/08/07
895,Manuel,Linck,mlinckou@gizmodo.com,Male,France,1987/09/19
896,Lizette,Hainsworth,lhainsworthov@angelfire.com,Female,China,1983/06/28
897,Charles,Fearnill,cfearnillow@msu.edu,Male,Philippines,1965/01/30
898,Kalvin,Creeber,kcreeberox@hugedomains.com,Male,Egypt,1976/02/23
899,Avis,Kinnie,akinnieoy@baidu.com,Female,Russia,1970/01/28
900,Kelsi,Gosker,kgoskeroz@bbb.org,Female,China,1962/06/09
901,Denys,Moizer,dmoizerp0@ucla.edu,Male,China,1961/01/10
902,Annora,Beauman,abeaumanp1@usatoday.com,Genderfluid,Mali,1968/11/13
903,Brett,Andree,bandreep2@army.mil,Female,Senegal,1981/05/14
904,Roy,Berndtssen,rberndtssenp3@mlb.com,Male,Indonesia,1951/01/20
905,Allison,Fausset,afaussetp4@goodreads.com,Female,China,1975/09/30
906,Dora,Bletsoe,dbletsoep5@webnode.com,Female,China,1987/12/31
907,Chilton,Rogez,crogezp6@arstechnica.com,Male,China,1974/01/22
908,Hamil,Golborne,hgolbornep7@e-recht24.de,Male,Philippines,1970/10/14
909,Lester,Missington,lmissingtonp8@youku.com,Male,Brazil,2000/04/12
910,Rose,Julien,rjulienp9@de.vu,Female,Russia,1992/08/28
911,Emlyn,Sanz,esanzpa@foxnews.com,Female,Japan,1957/07/08
912,Winnah,Kluge,wklugepb@hubpages.com,Female,China,1983/03/16
913,Brooke,Rycroft,brycroftpc@ezinearticles.com,Female,Jersey,1981/01/15
914,Hobart,Willoway,hwillowaypd@howstuffworks.com,Polygender,Uganda,1993/10/22
915,Catie,Jacklings,cjacklingspe@xing.com,Female,Indonesia,1993/09/04
916,Markus,McNea,mmcneapf@acquirethisname.com,Male,Brazil,1958/03/01
917,Melvyn,Johnstone,mjohnstonepg@alibaba.com,Bigender,Portugal,1969/10/29
918,Louie,Crispin,lcrispinph@samsung.com,Male,Czech Republic,1962/10/05
919,Spenser,Ricoald,sricoaldpi@issuu.com,Male,Russia,1986/12/29
920,Bryon,Grzegorczyk,bgrzegorczykpj@unc.edu,Male,China,1989/02/26
921,Theodor,Capelle,tcapellepk@mapy.cz,Male,France,1971/03/12
922,Regina,Pine,rpinepl@mac.com,Female,Philippines,1973/08/04
923,Jeffy,Dorney,jdorneypm@shutterfly.com,Male,Yemen,1998/02/21
924,Adams,Bice,abicepn@w3.org,Male,Bosnia and Herzegovina,1968/12/05
925,Odille,Shovelbottom,oshovelbottompo@answers.com,Female,Brazil,1984/12/31
926,Guinna,Sposito,gspositopp@webs.com,Female,Sweden,1953/03/29
927,Dena,Blaszkiewicz,dblaszkiewiczpq@ibm.com,Female,Palestinian Territory,1991/07/06
928,Yehudit,Szimon,yszimonpr@businessweek.com,Male,New Zealand,1967/02/28
929,Almeda,Zoane,azoaneps@globo.com,Female,Indonesia,1983/03/01
930,Thoma,Airth,tairthpt@unc.edu,Male,Indonesia,1984/03/17
931,Taylor,Fasey,tfaseypu@google.com.au,Male,Colombia,1968/01/18
932,Ariel,MacEllen,amacellenpv@who.int,Male,Indonesia,1983/02/24
933,Corella,Keefe,ckeefepw@baidu.com,Polygender,Portugal,1972/07/19
934,Karisa,Clausson,kclaussonpx@ycombinator.com,Female,South Africa,1994/10/03
935,Matthieu,Gunston,mgunstonpy@squidoo.com,Male,China,1970/08/16
936,Laurice,Heamus,lheamuspz@is.gd,Female,United States,1963/11/29
937,Abigael,Ilyenko,ailyenkoq0@imageshack.us,Female,China,1978/08/17
938,Dorie,Winchcombe,dwinchcombeq1@youku.com,Female,Serbia,1960/04/27
939,Gilles,Matts,gmattsq2@ft.com,Bigender,Poland,1987/01/09
940,Oberon,Le Estut,oleestutq3@ovh.net,Male,Colombia,1985/07/25
941,Lamond,Nudde,lnuddeq4@furl.net,Male,China,1960/05/20
942,Sherwood,Ough,soughq5@independent.co.uk,Male,Colombia,1954/05/02
943,Ros,Filan,rfilanq6@xinhuanet.com,Female,Czech Republic,1969/04/07
944,Hogan,Sellors,hsellorsq7@addthis.com,Polygender,Indonesia,1974/03/01
945,Tisha,Akester,takesterq8@4shared.com,Female,China,1986/05/21
946,Wilburt,Wattinham,wwattinhamq9@huffingtonpost.com,Male,Ecuador,1951/03/25
947,Aland,Hawkins,ahawkinsqa@cyberchimps.com,Male,Ukraine,1970/10/05
948,Jocko,Huyche,jhuycheqb@engadget.com,Male,Mexico,1954/05/10
949,Theo,Pilsbury,tpilsburyqc@hibu.com,Female,Argentina,1964/02/22
950,Gabe,Blasgen,gblasgenqd@narod.ru,Male,Costa Rica,1965/11/17
951,Seline,Potkin,spotkinqe@wix.com,Female,Indonesia,1955/03/12
952,Sasha,Cawthra,scawthraqf@wsj.com,Genderqueer,Tunisia,1960/07/30
953,Thomasine,Alleburton,talleburtonqg@moonfruit.com,Female,Poland,1957/04/24
954,Judie,Winnister,jwinnisterqh@spotify.com,Female,United States,1996/06/01
955,Gustavo,Pettigree,gpettigreeqi@senate.gov,Male,Norway,1956/09/06
956,Lizbeth,Wellstood,lwellstoodqj@google.cn,Female,Russia,1973/10/17
957,Edouard,Seamans,eseamansqk@theglobeandmail.com,Male,China,1970/06/21
958,Meyer,Tooley,mtooleyql@studiopress.com,Male,Philippines,1990/12/22
959,Normy,Schriren,nschrirenqm@ebay.com,Male,Indonesia,1981/05/03
960,Mechelle,Butters,mbuttersqn@engadget.com,Female,Russia,1954/02/13
961,Michaeline,Mahy,mmahyqo@dell.com,Genderfluid,Serbia,1968/07/18
962,Lilia,Lacey,llaceyqp@dagondesign.com,Female,Japan,1982/10/12
963,Lon,Bull,lbullqq@hugedomains.com,Male,Portugal,1968/11/04
964,Case,Lowless,clowlessqr@unesco.org,Male,Poland,1970/08/28
965,Dom,Tomenson,dtomensonqs@howstuffworks.com,Male,Russia,1971/05/04
966,Elise,Filippucci,efilippucciqt@blogtalkradio.com,Female,Israel,1992/04/14
967,Sky,Trobey,strobeyqu@google.cn,Male,Indonesia,1952/02/04
968,Doris,Frankcom,dfrankcomqv@barnesandnoble.com,Female,Japan,1953/01/01
969,Adham,Filyaev,afilyaevqw@ucoz.ru,Male,Denmark,1959/07/18
970,Vally,Freegard,vfreegardqx@google.pl,Female,Indonesia,1953/11/07
971,Duffie,Loghan,dloghanqy@ebay.com,Male,Montenegro,1991/10/15
972,Erin,Peile,epeileqz@wordpress.org,Male,Jamaica,1980/02/14
973,Blair,Cormack,bcormackr0@sina.com.cn,Male,United States,1963/10/04
974,Penn,Couzens,pcouzensr1@nifty.com,Male,Greece,1960/06/08
975,Margarethe,Filimore,mfilimorer2@zimbio.com,Female,Indonesia,1992/03/17
976,Karlens,Pammenter,kpammenterr3@accuweather.com,Male,China,1955/03/16
977,Bertram,McCaughey,bmccaugheyr4@topsy.com,Polygender,Ukraine,1997/02/19
978,Essie,Camilio,ecamilior5@marketwatch.com,Polygender,Canada,1985/03/26
979,Susi,Shaves,sshavesr6@bbc.co.uk,Female,Poland,1958/11/29
980,Palm,Capponer,pcapponerr7@blogger.com,Male,Philippines,1967/08/28
981,Vanni,Omar,vomarr8@tamu.edu,Female,France,1966/10/31
982,Egan,Cust,ecustr9@rambler.ru,Male,Sweden,1953/01/05
983,Paxon,Yeowell,pyeowellra@spotify.com,Male,China,1967/09/15
984,Harlene,Kryszka,hkryszkarb@issuu.com,Female,China,1962/05/16
985,Agata,Krzyzowski,akrzyzowskirc@comsenz.com,Female,China,1978/02/24
986,Marcile,Ellissen,mellissenrd@usa.gov,Female,Tanzania,1999/05/13
987,Shay,Ivashnikov,sivashnikovre@gmpg.org,Female,China,1953/05/22
988,Meir,Martlew,mmartlewrf@dropbox.com,Male,China,1979/07/02
989,Demetria,Espinha,despinharg@nydailynews.com,Female,Ukraine,1979/03/11
990,Chrissie,Petty,cpettyrh@bloomberg.com,Female,Argentina,1973/07/04
991,Wendye,Caves,wcavesri@home.pl,Female,Sweden,1956/06/03
992,Teddie,Vlahos,tvlahosrj@hp.com,Female,Indonesia,1963/09/24
993,Elwyn,Sponder,esponderrk@eventbrite.com,Male,China,1993/02/22
994,Ignaz,Reina,ireinarl@last.fm,Male,Sweden,1955/08/19
995,Conant,Kenna,ckennarm@webeden.co.uk,Male,Indonesia,1991/03/19
996,Lemar,Mishaw,lmishawrn@usda.gov,Male,Indonesia,1995/03/14
997,Joe,Leyman,jleymanro@dion.ne.jp,Male,Greece,1954/01/24
998,Ulises,Madsen,umadsenrp@people.com.cn,Male,Malta,1979/12/02
999,Manon,Crowdy,mcrowdyrq@eepurl.com,Female,Czech Republic,1969/05/06
1000,Maxim,Cyson,mcysonrr@deliciousdays.com,Male,Greece,1955/01/25
