id,first_name,last_name,email,gender,country,birthday
1,Sherri,Jersch,sjersch0@quantcast.com,Female,Tunisia,1961/03/25
2,Moss,Kirkness,mkirkness1@amazon.de,Male,China,1959/04/26
3,Georgia,Lewcock,glewcock2@merriam-webster.com,Female,Guatemala,1969/08/22
4,Gregoor,Coverdale,gcoverdale3@tumblr.com,Male,Sweden,1957/09/19
5,Terrie,Limpertz,tlimpertz4@elpais.com,Female,Saudi Arabia,1973/03/01
6,Laurena,Andrysiak,landrysiak5@paypal.com,Female,Madagascar,1984/12/13
7,Aridatha,Toke,atoke6@google.es,Female,Vietnam,1988/10/23
8,Chicky,Badham,cbadham7@usatoday.com,Male,Philippines,1982/10/10
9,Tobie,Twinn,ttwinn8@posterous.com,Male,Pakistan,1980/01/12
10,Jeth,Weall,jweall9@imgur.com,Male,Netherlands,1999/09/05
11,Zonda,Mangenet,zmangeneta@java.com,Female,Portugal,1982/12/09
12,Carlyle,Jarville,cjarvilleb@twitter.com,Male,South Africa,1956/10/22
13,Meggy,Chieze,mchiezec@cloudflare.com,Female,Peru,1965/10/15
14,Eugene,Giorgietto,egiorgiettod@pen.io,Male,France,1950/12/20
15,Ram,Cusiter,rcusitere@shutterfly.com,Male,Portugal,1982/04/26
16,Westley,ducarme,wducarmef@aboutads.info,Male,China,1971/03/26
17,Saul,Ellington,sellingtong@list-manage.com,Male,Argentina,1986/06/05
18,Chrissie,Rosenfelt,crosenfelth@webmd.com,Male,Burundi,1954/06/09
19,Casey,Noke,cnokei@wiley.com,Male,Ireland,1970/02/27
20,Lily,Callan,lcallanj@noaa.gov,Female,China,1984/03/06
21,Eadmund,Gladdifh,egladdifhk@tuttocitta.it,Male,Brazil,1986/10/25
22,Jeanne,Agget,jaggetl@cmu.edu,Female,China,1959/10/07
23,Derwin,Strangman,dstrangmanm@tripadvisor.com,Male,China,1950/12/04
24,Forester,Macvey,fmacveyn@nbcnews.com,Male,Tunisia,1975/11/17
25,Whitney,Bowdrey,wbowdreyo@theatlantic.com,Female,Poland,1962/03/10
26,Brod,Latliff,blatliffp@hc360.com,Agender,Kazakhstan,1958/12/16
27,Daryn,Scurrer,dscurrerq@ezinearticles.com,Female,France,1990/06/16
28,Sullivan,Harnetty,sharnettyr@miitbeian.gov.cn,Male,Philippines,1954/08/10
29,Laurens,Shannahan,lshannahans@nasa.gov,Male,Mexico,1972/10/15
30,Allen,Jacob,ajacobt@bizjournals.com,Male,China,1985/11/28
31,Tessi,Feehily,tfeehilyu@google.com.au,Female,Tanzania,1979/01/18
32,Mickie,Henze,mhenzev@tripod.com,Female,Bulgaria,1952/02/14
33,Eldin,Bockman,ebockmanw@ca.gov,Male,China,1986/07/04
34,Clarabelle,Ravenhills,cravenhillsx@sohu.com,Female,China,1976/11/24
35,Alfonse,Ungerer,aungerery@paginegialle.it,Male,Indonesia,1970/08/14
36,Jennifer,Campagne,jcampagnez@patch.com,Female,Spain,1956/05/05
37,Celie,Rudyard,crudyard10@infoseek.co.jp,Female,France,1955/07/17
38,Thorny,Zuanelli,tzuanelli11@noaa.gov,Male,Brazil,1977/05/20
39,Arlene,Waterdrinker,awaterdrinker12@cbslocal.com,Female,China,1958/12/12
40,Mabel,Chalke,mchalke13@uiuc.edu,Female,Philippines,1969/03/03
41,Daron,Cansdill,dcansdill14@europa.eu,Male,Ecuador,1953/05/27
42,Brandtr,Inderwick,binderwick15@princeton.edu,Male,Czech Republic,1962/07/30
43,Angus,Malamore,amalamore16@mapy.cz,Male,China,1981/07/04
44,Judith,Filipiak,jfilipiak17@blogspot.com,Female,Sudan,1955/04/16
45,Jaquenetta,Titchard,jtitchard18@sourceforge.net,Female,China,1954/10/23
46,Jennica,Sloley,jsloley19@fda.gov,Female,Azerbaijan,1983/08/09
47,Joela,Bauman,jbauman1a@comcast.net,Female,Russia,1977/06/22
48,Darlleen,Lorant,dlorant1b@g.co,Female,Dominican Republic,1969/11/05
49,Natalie,Gammill,ngammill1c@zdnet.com,Female,Philippines,1980/09/26
50,Lydia,Jaggar,ljaggar1d@disqus.com,Female,Malaysia,1959/04/01
51,Faina,Trude,ftrude1e@eepurl.com,Female,Canada,1975/01/24
52,Reinaldo,Ashtonhurst,rashtonhurst1f@delicious.com,Male,Russia,1982/03/23
53,Alonzo,Loseby,aloseby1g@friendfeed.com,Male,France,1968/09/27
54,Fawnia,McKevin,fmckevin1h@cloudflare.com,Female,Vietnam,1983/07/16
55,Paulie,Skillanders,pskillanders1i@blogtalkradio.com,Female,France,1985/02/16
56,Briny,O'Shevlan,boshevlan1j@cnet.com,Female,Bangladesh,1955/06/11
57,Helaine,Pringle,hpringle1k@behance.net,Female,Czech Republic,1974/07/03
58,Ray,Lamy,rlamy1l@oakley.com,Male,Indonesia,1975/12/22
59,Susan,Rexworthy,srexworthy1m@blogs.com,Female,Nigeria,1961/04/24
60,Laina,Rothermel,lrothermel1n@prweb.com,Female,Sweden,1968/06/11
61,Lorrayne,Spinage,lspinage1o@ycombinator.com,Female,Indonesia,1958/11/21
62,Ruddy,Mardell,rmardell1p@ow.ly,Male,Indonesia,1967/08/06
63,Ravi,Dymocke,rdymocke1q@ibm.com,Non-binary,Denmark,1972/05/20
64,Mathe,Sandland,msandland1r@japanpost.jp,Male,China,1978/07/25
65,Tally,Glavis,tglavis1s@japanpost.jp,Female,Serbia,1969/05/26
66,Freddy,Vigietti,fvigietti1t@nydailynews.com,Male,Brazil,1956/10/29
67,Sayre,Baggalley,sbaggalley1u@bizjournals.com,Male,Russia,1986/11/05
68,Page,Crossfield,pcrossfield1v@istockphoto.com,Male,Portugal,1962/07/19
69,Norrie,Stellino,nstellino1w@mediafire.com,Polygender,Czech Republic,1968/06/15
70,Galina,Wiersma,gwiersma1x@statcounter.com,Bigender,Philippines,1978/05/06
71,Aurelia,Lamp,alamp1y@census.gov,Female,Canada,1989/08/21
72,Filippa,Lardez,flardez1z@dmoz.org,Female,Indonesia,1991/12/03
73,Abby,Dockwra,adockwra20@deviantart.com,Male,Luxembourg,1977/01/01
74,Annalise,Batrip,abatrip21@acquirethisname.com,Female,Vietnam,1964/01/14
75,Wyn,Stainland,wstainland22@slashdot.org,Male,China,1963/02/01
76,Jeane,Burridge,jburridge23@illinois.edu,Female,Russia,1994/08/28
77,Mathilda,Jouen,mjouen24@uol.com.br,Female,Philippines,1992/05/23
78,Pippo,Durno,pdurno25@squidoo.com,Male,Gambia,1957/02/27
79,Joanna,McMeanma,jmcmeanma26@goo.ne.jp,Female,Japan,1995/02/05
80,Nyssa,Remirez,nremirez27@ask.com,Female,Azerbaijan,1973/03/06
81,Sergeant,Cockshut,scockshut28@ask.com,Male,China,1969/02/20
82,Fey,Sherebrooke,fsherebrooke29@engadget.com,Female,Philippines,1972/01/02
83,Caritta,Hatton,chatton2a@mozilla.org,Bigender,China,1994/06/08
84,Haley,Leverich,hleverich2b@spotify.com,Female,China,1971/11/09
85,Spence,McKeag,smckeag2c@vkontakte.ru,Genderqueer,Cameroon,2000/08/29
86,Melly,Rao,mrao2d@hao123.com,Female,Mexico,1972/03/25
87,Findlay,Trunkfield,ftrunkfield2e@sciencedaily.com,Male,Uganda,1961/06/03
88,Monte,Kitchingham,mkitchingham2f@amazon.de,Male,Portugal,1977/02/06
89,Florencia,Towersey,ftowersey2g@nps.gov,Female,Australia,1977/06/09
90,Babbie,Leather,bleather2h@economist.com,Female,Philippines,1957/03/29
91,Jeana,Aymes,jaymes2i@surveymonkey.com,Female,Bolivia,1960/12/08
92,Archaimbaud,Wadworth,awadworth2j@ihg.com,Male,Indonesia,1984/04/24
93,Berk,Simmings,bsimmings2k@clickbank.net,Male,Portugal,1959/04/15
94,Tremain,Hurdedge,thurdedge2l@uol.com.br,Male,Philippines,1954/07/24
95,Tiffanie,Potten,tpotten2m@apple.com,Female,Ecuador,1994/04/12
96,Carrissa,Bail,cbail2n@zdnet.com,Female,Solomon Islands,1967/06/20
97,Barbra,Chorlton,bchorlton2o@kickstarter.com,Female,China,1961/12/03
98,Katherine,Cuttles,kcuttles2p@un.org,Female,Indonesia,1964/12/02
99,Amy,Gayle,agayle2q@ed.gov,Female,China,1989/11/09
100,Kerianne,Iles,kiles2r@economist.com,Polygender,Indonesia,1969/10/06
101,Ogdon,Schulkins,oschulkins2s@seattletimes.com,Male,United States,1952/08/27
102,Baxy,Ruddle,bruddle2t@alibaba.com,Male,Finland,1964/05/30
103,Josephina,Klink,jklink2u@nba.com,Female,Ivory Coast,1986/01/08
104,Engracia,Boig,eboig2v@diigo.com,Female,China,1983/07/06
105,Riki,Sherington,rsherington2w@list-manage.com,Genderfluid,Indonesia,1967/03/23
106,Jamey,Collip,jcollip2x@ow.ly,Male,Ukraine,1985/10/01
107,Glynnis,Tolomelli,gtolomelli2y@ft.com,Female,Macedonia,1980/09/03
108,Helene,Bompas,hbompas2z@wordpress.org,Female,Sweden,1955/01/30
109,Buckie,Andrusov,bandrusov30@nbcnews.com,Non-binary,Japan,1955/11/23
110,Alexandrina,Pourveer,apourveer31@stumbleupon.com,Female,Ukraine,1972/06/09
111,Cassy,Casbon,ccasbon32@theglobeandmail.com,Polygender,Colombia,1976/09/22
112,Lorianna,Spottswood,lspottswood33@studiopress.com,Female,Vietnam,1988/02/15
113,Kali,MacRirie,kmacririe34@tinypic.com,Female,Kazakhstan,1959/12/12
114,Olwen,Slavin,oslavin35@businesswire.com,Female,Indonesia,1953/06/03
115,Shem,Murkitt,smurkitt36@canalblog.com,Male,China,1991/04/30
116,Joellen,Iacovazzi,jiacovazzi37@ask.com,Female,China,1961/07/20
117,Yuri,Poulson,ypoulson38@bloglines.com,Male,China,1977/10/14
118,Tina,Downing,tdowning39@ycombinator.com,Female,Philippines,1956/08/22
119,Harriette,Crowcum,hcrowcum3a@privacy.gov.au,Female,Japan,1982/04/15
120,Korry,Bellam,kbellam3b@bravesites.com,Genderfluid,Philippines,1953/05/11
121,Katinka,Plett,kplett3c@biglobe.ne.jp,Female,Russia,1953/03/21
122,Kaleb,Colleymore,kcolleymore3d@google.com,Male,China,1951/06/12
123,Lexi,Ffrench,lffrench3e@storify.com,Female,Venezuela,1983/12/19
124,Lettie,Bassford,lbassford3f@issuu.com,Female,Portugal,1990/02/22
125,Drucy,Kingsworth,dkingsworth3g@sun.com,Bigender,Pakistan,1997/03/11
126,Lizbeth,Questier,lquestier3h@blog.com,Female,Greece,1952/03/15
127,Bebe,Gorton,bgorton3i@nyu.edu,Female,Finland,1952/10/26
128,Marquita,Upton,mupton3j@w3.org,Female,Brazil,1955/08/24
129,David,Cansdale,dcansdale3k@myspace.com,Male,Poland,1961/10/25
130,Cassie,Noe,cnoe3l@microsoft.com,Male,Russia,1989/06/29
131,Emmet,Orman,eorman3m@reference.com,Male,Brazil,1974/08/11
132,Gayle,Deerness,gdeerness3n@booking.com,Female,China,1980/06/09
133,Fabiano,Satch,fsatch3o@chicagotribune.com,Male,Russia,1992/04/23
134,Dalila,Fettiplace,dfettiplace3p@netlog.com,Polygender,Argentina,1953/01/19
135,Padraic,Chasmar,pchasmar3q@ovh.net,Male,Denmark,1977/12/26
136,Jarrad,Langrick,jlangrick3r@phpbb.com,Male,Russia,1968/08/23
137,Octavius,Popeley,opopeley3s@google.es,Male,Canada,1954/07/12
138,Petra,Riehm,priehm3t@ca.gov,Female,Bosnia and Herzegovina,1971/04/17
139,Don,O'Mohun,domohun3u@smugmug.com,Male,Philippines,1980/06/04
140,Arley,Antognazzi,aantognazzi3v@amazon.co.jp,Male,France,1970/08/31
141,Lucie,MacLure,lmaclure3w@uiuc.edu,Female,Russia,1977/06/17
142,Virge,Haddleton,vhaddleton3x@histats.com,Male,Brazil,1965/09/21
143,Jameson,Galey,jgaley3y@netvibes.com,Male,China,1999/04/12
144,Garik,Maplestone,gmaplestone3z@netvibes.com,Male,Sweden,1963/11/08
145,Della,Beaton,dbeaton40@usatoday.com,Female,Portugal,1992/09/19
146,Keenan,O'Keaveny,kokeaveny41@icio.us,Male,China,1961/11/28
147,Valentijn,Skipp,vskipp42@e-recht24.de,Male,Brazil,1969/09/26
148,Bill,Eve,beve43@theatlantic.com,Female,China,1999/01/22
149,Crosby,Crinson,ccrinson44@digg.com,Male,Indonesia,1983/10/01
150,Fairlie,Cops,fcops45@deliciousdays.com,Male,Iraq,1970/11/29
151,Suzanna,Selbach,sselbach46@csmonitor.com,Female,China,1988/01/14
152,Vannie,Blackall,vblackall47@economist.com,Female,Belarus,1975/04/25
153,Averyl,de Tocqueville,adetocqueville48@alibaba.com,Female,Philippines,1953/01/03
154,Celene,Kohneke,ckohneke49@flickr.com,Female,China,1950/12/27
155,Trude,Gotecliffe,tgotecliffe4a@bigcartel.com,Female,Democratic Republic of the Congo,1951/07/15
156,Arabele,Jackman,ajackman4b@amazon.com,Female,Norway,1985/10/08
157,Frederik,Sirette,fsirette4c@amazon.co.uk,Male,China,1952/04/15
158,Jarrett,Innett,jinnett4d@sfgate.com,Non-binary,Indonesia,1963/05/26
159,Jackson,Earthfield,jearthfield4e@washingtonpost.com,Male,Mexico,1965/06/12
160,Glen,Wetheril,gwetheril4f@tuttocitta.it,Female,Brazil,1987/11/13
161,Orsola,Stabler,ostabler4g@bluehost.com,Female,Croatia,1979/07/26
162,Manya,Eagleton,meagleton4h@google.pl,Female,North Korea,1982/09/12
163,Bradney,Cherry,bcherry4i@wix.com,Male,Russia,1998/10/03
164,Yvon,Fee,yfee4j@tinyurl.com,Male,Mexico,1991/10/05
165,Ambrosi,Poel,apoel4k@vinaora.com,Male,Tanzania,1992/02/15
166,Byram,Melsom,bmelsom4l@merriam-webster.com,Male,Bosnia and Herzegovina,1968/05/31
167,Bili,Jayes,bjayes4m@1und1.de,Female,China,1972/11/16
168,Oona,Delucia,odelucia4n@fastcompany.com,Female,Sweden,1963/01/04
169,Millie,Moulsdale,mmoulsdale4o@yelp.com,Female,Mayotte,1952/02/22
170,Mack,Thowless,mthowless4p@home.pl,Agender,China,1969/09/05
171,Piggy,Pizzie,ppizzie4q@hexun.com,Male,Russia,1977/05/13
172,Sigvard,Pawelczyk,spawelczyk4r@deliciousdays.com,Male,Chile,1978/07/08
173,Porter,Motte,pmotte4s@opensource.org,Male,Brazil,1976/03/13
174,Marylynne,Langmuir,mlangmuir4t@bloglovin.com,Female,Belarus,1973/02/13
175,Thor,Badgers,tbadgers4u@skyrock.com,Male,China,1975/07/29
176,Tani,Dobbs,tdobbs4v@shutterfly.com,Non-binary,Serbia,1959/05/29
177,Orelee,Baudry,obaudry4w@oaic.gov.au,Female,China,2000/04/04
178,Barret,Longega,blongega4x@dropbox.com,Male,Poland,1999/06/10
179,Raul,Chaloner,rchaloner4y@ameblo.jp,Male,China,1981/03/09
180,Esme,Romagnosi,eromagnosi4z@freewebs.com,Female,United States,1997/11/26
181,Lance,Ferenczy,lferenczy50@plala.or.jp,Male,Ukraine,2000/03/02
182,Dew,Rubenchik,drubenchik51@gnu.org,Male,Indonesia,1987/10/04
183,Dwain,Conville,dconville52@google.com.hk,Bigender,Russia,1978/06/01
184,Clarice,Rawle,crawle53@themeforest.net,Female,China,1957/02/08
185,Borg,Iwaszkiewicz,biwaszkiewicz54@reddit.com,Male,China,1960/03/02
186,Abran,Fouracre,afouracre55@whitehouse.gov,Male,Russia,1989/02/22
187,Merrili,Mackrill,mmackrill56@blogspot.com,Female,Brazil,1982/02/24
188,Jo ann,Stockney,jstockney57@japanpost.jp,Female,Pakistan,1951/09/29
189,Andreana,Walkling,awalkling58@google.nl,Female,Russia,1979/09/03
190,Hanny,Kiehnlt,hkiehnlt59@psu.edu,Female,Russia,1956/06/06
191,Durand,Machon,dmachon5a@sun.com,Male,Portugal,1979/05/06
192,Aundrea,Ambler,aambler5b@wp.com,Agender,Portugal,1980/08/18
193,Doyle,Handscomb,dhandscomb5c@usa.gov,Male,Colombia,1964/03/25
194,Bernard,Rivalland,brivalland5d@dedecms.com,Male,Brazil,1973/01/19
195,Marietta,Ommundsen,mommundsen5e@bravesites.com,Genderfluid,United States,1994/05/10
196,Flss,Buske,fbuske5f@spiegel.de,Female,Belarus,1989/05/19
197,Lemmie,Cade,lcade5g@yahoo.com,Male,Mongolia,1967/05/22
198,Tann,Garrow,tgarrow5h@angelfire.com,Male,China,1987/12/07
199,Leshia,Doiley,ldoiley5i@squidoo.com,Female,Brazil,1957/01/24
200,Jeth,Ephson,jephson5j@photobucket.com,Male,Portugal,1953/09/06
201,Stafford,Bisley,sbisley5k@cmu.edu,Male,Argentina,1989/09/12
202,Shirleen,Lammie,slammie5l@ca.gov,Female,Yemen,1952/11/11
203,Shea,Blaver,sblaver5m@chicagotribune.com,Male,Colombia,1959/03/05
204,Ronnica,Seacroft,rseacroft5n@unicef.org,Female,Philippines,1961/02/28
205,Mollee,Varley,mvarley5o@w3.org,Female,China,1985/12/16
206,Alec,Cutts,acutts5p@apple.com,Male,China,1958/06/05
207,Elnar,Skerritt,eskerritt5q@edublogs.org,Male,China,1962/08/17
208,Sherilyn,Twiggs,stwiggs5r@mac.com,Female,Israel,1961/06/06
209,Eal,Ingyon,eingyon5s@blogger.com,Male,Brazil,1991/08/28
210,Bradan,Spurett,bspurett5t@liveinternet.ru,Male,Russia,1960/04/09
211,Nannie,Berardt,nberardt5u@imdb.com,Non-binary,China,1954/11/05
212,Madison,Feeney,mfeeney5v@geocities.jp,Male,Indonesia,1955/04/17
213,Allyn,Tennet,atennet5w@shutterfly.com,Male,Slovenia,1981/07/27
214,Brade,Vassall,bvassall5x@miitbeian.gov.cn,Male,Vietnam,1997/05/28
215,Ulysses,Letteresse,uletteresse5y@flavors.me,Male,Czech Republic,1997/12/02
216,Guenevere,Pattesall,gpattesall5z@geocities.com,Female,United States,1967/09/27
217,Gunner,Dukesbury,gdukesbury60@dagondesign.com,Male,Gambia,1991/06/20
218,Vinni,Lardiner,vlardiner61@wisc.edu,Female,Brazil,1973/12/21
219,Boothe,Micco,bmicco62@biglobe.ne.jp,Male,Russia,1964/06/17
220,Rex,Boij,rboij63@github.io,Male,Portugal,1987/11/29
221,Caryn,Hawken,chawken64@who.int,Female,Colombia,1994/03/01
222,Angie,Tennick,atennick65@youtube.com,Male,China,1976/07/02
223,Huey,Crayton,hcrayton66@phoca.cz,Male,China,1981/02/07
224,Miller,Huygen,mhuygen67@ucsd.edu,Male,China,1958/09/01
225,Faye,Parrott,fparrott68@ox.ac.uk,Female,Poland,1971/12/11
226,Fawnia,O'Donovan,fodonovan69@scribd.com,Female,Indonesia,1959/05/04
227,Ainsley,Scarratt,ascarratt6a@sfgate.com,Female,Ukraine,1992/02/05
228,Ingunna,Botting,ibotting6b@about.me,Female,Nepal,1993/10/06
229,Coraline,Brawley,cbrawley6c@java.com,Female,Canada,1994/07/12
230,Raviv,Fendlen,rfendlen6d@google.ru,Male,France,1957/08/09
231,Ansel,Smitherham,asmitherham6e@google.nl,Male,Argentina,1984/03/25
232,Mile,McIlmorie,mmcilmorie6f@tuttocitta.it,Male,China,1958/10/16
233,Callean,Laundon,claundon6g@usgs.gov,Male,China,1972/02/26
234,Edmund,Daverin,edaverin6h@timesonline.co.uk,Male,Brazil,1972/09/26
235,Abelard,McLernon,amclernon6i@dion.ne.jp,Male,China,1998/12/24
236,Sheeree,Pilsbury,spilsbury6j@posterous.com,Female,Poland,1995/09/21
237,Dani,Edgett,dedgett6k@unesco.org,Male,Indonesia,1980/07/15
238,Ediva,Godden,egodden6l@ovh.net,Female,South Korea,1981/08/12
239,Philippe,Escudier,pescudier6m@godaddy.com,Female,Indonesia,1966/02/04
240,Grata,Brewett,gbrewett6n@wisc.edu,Genderqueer,Brazil,1983/01/09
241,Krissie,Redfern,kredfern6o@reuters.com,Non-binary,Serbia,1963/03/27
242,Gare,Flett,gflett6p@google.com.au,Male,Colombia,1977/08/16
243,Pavlov,Bonn,pbonn6q@live.com,Male,United States,1991/03/28
244,Brinna,McGeraghty,bmcgeraghty6r@theatlantic.com,Female,Indonesia,1977/07/07
245,Gayleen,Higford,ghigford6s@census.gov,Female,United States,1954/09/11
246,Phip,Frensch,pfrensch6t@purevolume.com,Male,Madagascar,1956/07/22
247,Konstance,Harget,kharget6u@sitemeter.com,Female,Philippines,1958/06/14
248,Lisle,Hastelow,lhastelow6v@soundcloud.com,Male,Ethiopia,1968/11/02
249,Fulvia,Fifoot,ffifoot6w@homestead.com,Female,Honduras,1964/09/22
250,Joyous,Smitherman,jsmitherman6x@cbslocal.com,Female,United States,1994/12/29
251,Albert,Robbel,arobbel6y@4shared.com,Non-binary,Indonesia,1970/06/14
252,Hatty,Farlow,hfarlow6z@scribd.com,Female,Czech Republic,1983/05/13
253,Alyosha,Fozzard,afozzard70@sogou.com,Male,Albania,1976/12/09
254,Sherman,Murden,smurden71@stumbleupon.com,Male,Poland,1968/09/09
255,Ellene,Bennison,ebennison72@sciencedirect.com,Female,Turkmenistan,1985/03/24
256,Ardenia,Grimley,agrimley73@biblegateway.com,Agender,Russia,1963/06/19
257,Pauly,Denial,pdenial74@aboutads.info,Female,Brazil,1980/12/16
258,Winston,Bruggeman,wbruggeman75@usgs.gov,Male,Philippines,1982/07/08
259,Salem,Cawthery,scawthery76@theguardian.com,Male,China,1964/10/14
260,Rancell,Risley,rrisley77@vkontakte.ru,Male,China,1996/05/17
261,Dido,Zealy,dzealy78@craigslist.org,Female,China,1992/11/17
262,Heindrick,Veldens,hveldens79@sitemeter.com,Agender,Portugal,1965/03/16
263,Christean,Trevain,ctrevain7a@theguardian.com,Genderfluid,Morocco,1996/07/21
264,Rickert,Yarn,ryarn7b@prlog.org,Male,Brazil,1964/07/30
265,Isahella,Faas,ifaas7c@nba.com,Female,Philippines,1979/04/25
266,Kelsey,Erratt,kerratt7d@barnesandnoble.com,Female,Greece,1970/11/13
267,Nari,Bishop,nbishop7e@cafepress.com,Female,Greece,1970/07/09
268,Cleavland,Baldacchi,cbaldacchi7f@tinypic.com,Male,Mexico,1995/12/10
269,Dix,Burgess,dburgess7g@arizona.edu,Female,China,1969/12/29
270,Jacquelyn,Caurah,jcaurah7h@scientificamerican.com,Female,Indonesia,1966/02/23
271,Thorn,McClancy,tmcclancy7i@delicious.com,Male,Venezuela,1966/05/18
272,Valentin,McElree,vmcelree7j@icq.com,Male,Saint Vincent and the Grenadines,1997/05/09
273,Mariana,Crossthwaite,mcrossthwaite7k@google.cn,Female,China,1956/05/04
274,Decca,Grealish,dgrealish7l@discovery.com,Male,Thailand,1962/12/11
275,Josephina,Prior,jprior7m@ted.com,Female,Poland,2000/04/06
276,Meghann,Ferrand,mferrand7n@arstechnica.com,Female,Ethiopia,1994/03/19
277,Winne,Yakushkin,wyakushkin7o@umn.edu,Non-binary,Australia,1978/06/17
278,Goldia,Robberts,grobberts7p@hao123.com,Female,Colombia,1979/04/04
279,Timmy,Braniff,tbraniff7q@angelfire.com,Female,Portugal,1968/04/21
280,Yorgos,Gimson,ygimson7r@irs.gov,Male,Chile,1957/01/31
281,Bertrand,Rounsivall,brounsivall7s@geocities.com,Male,China,1967/01/31
282,Jordon,Olyunin,jolyunin7t@altervista.org,Male,China,1987/02/03
283,Cyndia,Mingay,cmingay7u@cdbaby.com,Female,China,1979/07/20
284,Wilt,Mc Curlye,wmccurlye7v@mozilla.com,Bigender,Kazakhstan,1961/10/14
285,Glynnis,Coade,gcoade7w@loc.gov,Female,Canada,1990/05/26
286,Leoine,Slate,lslate7x@auda.org.au,Female,Indonesia,1962/01/07
287,Jolyn,Canby,jcanby7y@baidu.com,Female,China,2000/10/22
288,Lavina,Heilds,lheilds7z@blogs.com,Female,Thailand,1997/08/04
289,Welby,Cubbinelli,wcubbinelli80@npr.org,Male,Portugal,1960/05/04
290,Jane,McKerley,jmckerley81@reddit.com,Female,Mongolia,1980/12/09
291,Benedikt,Sayers,bsayers82@patch.com,Non-binary,Sweden,1983/03/03
292,Skylar,Truscott,struscott83@dyndns.org,Male,Malaysia,1983/08/17
293,Kendre,Graben,kgraben84@ed.gov,Female,France,1953/07/03
294,Gilly,Juleff,gjuleff85@moonfruit.com,Female,Syria,1991/06/24
295,Robert,Andrew,randrew86@example.com,Male,Ukraine,1964/03/29
296,Morlee,Bavage,mbavage87@pcworld.com,Male,Poland,1971/07/23
297,Rem,Goodliffe,rgoodliffe88@ed.gov,Male,Peru,1958/09/29
298,Stefania,Loving,sloving89@ed.gov,Female,Philippines,1980/04/01
299,Elisha,Hrus,ehrus8a@alibaba.com,Female,Indonesia,1996/08/05
300,Boy,Sterland,bsterland8b@alexa.com,Bigender,Paraguay,1994/05/08
301,Sheridan,Leakner,sleakner8c@vistaprint.com,Male,Austria,1995/11/13
302,Eada,Radmer,eradmer8d@csmonitor.com,Bigender,Antigua and Barbuda,1977/05/15
303,Kalina,Bagger,kbagger8e@wordpress.com,Female,Indonesia,1956/08/12
304,Gannon,Mewitt,gmewitt8f@bravesites.com,Male,Japan,1952/06/13
305,Bern,Crayden,bcrayden8g@ycombinator.com,Non-binary,Cameroon,2000/07/01
306,Verena,Ladewig,vladewig8h@ftc.gov,Female,Brazil,1962/11/25
307,Flossy,Martine,fmartine8i@go.com,Female,Philippines,1973/07/12
308,Susann,Hourahan,shourahan8j@illinois.edu,Female,China,1966/08/22
309,Blinny,Ranson,branson8k@blog.com,Non-binary,Botswana,1991/01/03
310,Rodina,Fee,rfee8l@tmall.com,Female,Portugal,1953/05/03
311,Clerc,Goodboddy,cgoodboddy8m@mit.edu,Male,Peru,1954/01/29
312,Kellyann,Poacher,kpoacher8n@tripadvisor.com,Female,Greece,1960/05/06
313,Quintus,Goulborne,qgoulborne8o@cpanel.net,Male,China,1990/08/13
314,Codee,Ciciotti,cciciotti8p@gmpg.org,Female,Mongolia,1970/01/25
315,Robin,D'Elia,rdelia8q@wikimedia.org,Male,Brazil,1987/06/09
316,Dorella,Iacavone,diacavone8r@acquirethisname.com,Female,Greece,1961/04/28
317,Winny,Mancktelow,wmancktelow8s@pcworld.com,Female,Ukraine,1951/09/11
318,Gregorio,Dicky,gdicky8t@mozilla.com,Male,France,1969/04/29
319,Aksel,Wolfindale,awolfindale8u@vinaora.com,Male,Poland,1986/06/01
320,Paten,McRill,pmcrill8v@nyu.edu,Male,Norway,1983/12/17
321,Oberon,MacKenney,omackenney8w@google.co.uk,Male,France,1992/04/21
322,Klaus,Abilowitz,kabilowitz8x@amazon.co.jp,Male,Indonesia,1959/05/23
323,Cinda,Stoakes,cstoakes8y@t.co,Female,China,1991/10/31
324,Risa,Forstall,rforstall8z@discovery.com,Female,Brazil,1962/01/14
325,Hughie,Filippucci,hfilippucci90@economist.com,Bigender,Philippines,1956/10/11
326,Aurie,Jellis,ajellis91@joomla.org,Female,Indonesia,1992/10/23
327,Bobbe,Coy,bcoy92@nasa.gov,Female,Russia,1969/02/06
328,Tiffi,Roobottom,troobottom93@theatlantic.com,Female,Saint Lucia,1996/05/04
329,Jarrid,Reed,jreed94@google.com.hk,Male,Indonesia,1984/05/28
330,Clementina,Denerley,cdenerley95@networkadvertising.org,Agender,Bolivia,1969/01/10
331,Erminie,Milsom,emilsom96@histats.com,Female,Sierra Leone,1962/11/10
332,Lona,Magauran,lmagauran97@slate.com,Female,Iran,1989/11/10
333,Danni,Offield,doffield98@barnesandnoble.com,Female,Portugal,2000/03/17
334,Gordon,Skeermer,gskeermer99@quantcast.com,Male,Philippines,1954/01/13
335,Jeane,Timperley,jtimperley9a@joomla.org,Female,Honduras,1952/05/13
336,Minette,Dorney,mdorney9b@blogs.com,Female,China,1954/08/12
337,Easter,Lathan,elathan9c@1688.com,Female,France,1978/01/08
338,Madalena,Skittrell,mskittrell9d@tiny.cc,Female,China,1990/09/04
339,Irvine,Allworthy,iallworthy9e@constantcontact.com,Male,Indonesia,1983/12/06
340,Nike,Youtead,nyoutead9f@addtoany.com,Female,China,1951/12/08
341,Aldo,Cragg,acragg9g@buzzfeed.com,Agender,Ukraine,1968/08/10
342,Adelind,Cheson,acheson9h@phoca.cz,Female,Georgia,1991/08/03
343,Garv,Achromov,gachromov9i@fda.gov,Male,China,1991/01/08
344,Rosa,Mehaffey,rmehaffey9j@senate.gov,Female,Indonesia,1988/10/02
345,Lucius,Hamal,lhamal9k@lycos.com,Genderqueer,Guatemala,1972/09/12
346,Johanna,Bleibaum,jbleibaum9l@abc.net.au,Female,Sweden,1990/05/27
347,Andrei,Constantinou,aconstantinou9m@slideshare.net,Female,United States,1958/08/11
348,Sherilyn,Stevens,sstevens9n@digg.com,Female,Philippines,1968/06/29
349,Eddy,Menezes,emenezes9o@hostgator.com,Non-binary,Russia,1998/01/02
350,Raffarty,Sute,rsute9p@plala.or.jp,Male,Afghanistan,1997/09/17
351,Wiatt,Yerby,wyerby9q@aboutads.info,Male,China,1997/11/17
352,Alina,Mugleston,amugleston9r@fotki.com,Female,Poland,1958/12/04
353,Wilek,Isacoff,wisacoff9s@hatena.ne.jp,Male,Ethiopia,1983/01/27
354,Marieann,Ioselevich,mioselevich9t@hatena.ne.jp,Female,China,1989/04/29
355,Madalyn,Morson,mmorson9u@netvibes.com,Female,Thailand,1987/06/12
356,Darice,D'eathe,ddeathe9v@zimbio.com,Female,Colombia,1975/01/19
357,Farrell,Vanner,fvanner9w@nih.gov,Male,Poland,1995/08/11
358,Chilton,Ollerhad,collerhad9x@buzzfeed.com,Male,Russia,1969/04/15
359,Hanan,McEneny,hmceneny9y@wikia.com,Male,Ukraine,1969/07/20
360,Wanids,Portal,wportal9z@dot.gov,Female,Indonesia,1994/10/20
361,Logan,Fairhead,lfairheada0@nba.com,Male,Philippines,1955/09/16
362,Stefan,Floodgate,sfloodgatea1@networksolutions.com,Male,Poland,1989/06/09
363,Drusilla,Ricoald,dricoalda2@mysql.com,Female,France,1992/07/09
364,Ebenezer,Shadbolt,eshadbolta3@1688.com,Male,Poland,1987/03/31
365,Corabella,Mathey,cmatheya4@independent.co.uk,Female,Argentina,1975/04/15
366,Jimmie,Antonat,jantonata5@sina.com.cn,Male,China,1980/09/30
367,Lissie,Siviter,lsivitera6@usda.gov,Female,China,1988/01/02
368,Ana,Crossley,acrossleya7@vinaora.com,Female,Sweden,1994/10/10
369,Randie,Siaskowski,rsiaskowskia8@independent.co.uk,Bigender,Brazil,1991/05/11
370,Charleen,Brendeke,cbrendekea9@nsw.gov.au,Female,France,1990/12/30
371,Jan,Acarson,jacarsonaa@ning.com,Male,China,1954/10/12
372,Kathleen,Elkins,kelkinsab@wired.com,Female,Greece,1989/01/26
373,Rasia,Bromhead,rbromheadac@thetimes.co.uk,Female,Philippines,1974/12/12
374,Dorie,Challinor,dchallinorad@skype.com,Female,Slovenia,1996/08/07
375,Janos,Kembley,jkembleyae@google.pl,Male,Russia,1971/08/08
376,Gilligan,Alastair,galastairaf@amazon.de,Female,Somalia,1997/01/30
377,Wayland,Wellum,wwellumag@linkedin.com,Male,China,1991/04/13
378,Didi,Iffland,difflandah@ifeng.com,Female,Philippines,1977/09/04
379,Timothee,Leathe,tleatheai@printfriendly.com,Male,Panama,1984/05/08
380,Daria,Badcock,dbadcockaj@jigsy.com,Female,Reunion,1998/03/30
381,Calvin,Rance,cranceak@weibo.com,Male,Indonesia,1969/08/16
382,Mace,Martignoni,mmartignonial@hostgator.com,Male,Philippines,1959/03/12
383,Justin,Wybourne,jwybourneam@deliciousdays.com,Male,China,1954/07/19
384,Nancey,O'Griffin,nogriffinan@mayoclinic.com,Female,Philippines,1997/10/15
385,Hayden,Maciejak,hmaciejakao@boston.com,Male,Indonesia,1979/02/05
386,Robbie,Potts,rpottsap@addtoany.com,Male,China,1982/02/20
387,Laughton,Brigstock,lbrigstockaq@delicious.com,Male,Poland,1978/12/15
388,Bernice,Luparti,blupartiar@aol.com,Female,Colombia,1981/06/13
389,Diane-marie,Mateo,dmateoas@theguardian.com,Female,Czech Republic,1963/01/23
390,Calypso,Nolli,cnolliat@amazon.co.jp,Female,Sudan,1963/05/05
391,Adrianne,Challender,achallenderau@soup.io,Female,Russia,1970/07/20
392,Madeline,Lagadu,mlagaduav@dagondesign.com,Female,South Africa,1959/08/31
393,Basilio,Sharples,bsharplesaw@is.gd,Male,Russia,1981/04/12
394,Quinton,Curreen,qcurreenax@huffingtonpost.com,Male,Luxembourg,1956/03/15
395,Kurtis,Hardiker,khardikeray@artisteer.com,Male,Indonesia,1991/05/15
396,Jodie,Isham,jishamaz@pinterest.com,Female,Indonesia,2000/05/06
397,Robin,Lammerts,rlammertsb0@addtoany.com,Male,Russia,1959/07/17
398,Amerigo,Thickins,athickinsb1@redcross.org,Male,Philippines,1966/06/07
399,Stu,Colmore,scolmoreb2@redcross.org,Male,Sweden,1987/03/23
400,Eliza,Emerine,eemerineb3@ow.ly,Female,Greece,1990/06/01
401,Eric,Gummow,egummowb4@blogspot.com,Male,Thailand,1950/12/05
402,Arly,Paolini,apaolinib5@wikipedia.org,Female,Indonesia,1999/09/03
403,Luciana,Blei,lbleib6@cyberchimps.com,Female,China,1983/07/07
404,Dani,Bartell,dbartellb7@jimdo.com,Male,Brazil,1984/06/15
405,Ajay,Smallridge,asmallridgeb8@mapy.cz,Female,Malta,1978/11/12
406,Onfroi,Ransom,oransomb9@gmpg.org,Male,Philippines,1955/05/24
407,Oriana,Tickner,oticknerba@jugem.jp,Female,Thailand,1980/03/31
408,Albie,Marton,amartonbb@so-net.ne.jp,Male,China,1987/01/21
409,Nicky,Paulon,npaulonbc@businessweek.com,Genderqueer,Somalia,1991/03/21
410,My,Conklin,mconklinbd@bbc.co.uk,Male,China,1980/11/01
411,Ruby,Keneleyside,rkeneleysidebe@csmonitor.com,Female,Pitcairn,1982/11/15
412,Willem,Waldrum,wwaldrumbf@com.com,Male,Tanzania,1965/04/23
413,Lissa,How to preserve,lhowtopreservebg@economist.com,Female,France,1955/02/06
414,Jacklin,Tarply,jtarplybh@odnoklassniki.ru,Female,Argentina,2000/10/01
415,Kerrill,Perello,kperellobi@hostgator.com,Female,Indonesia,1987/04/08
416,Westley,Craythorne,wcraythornebj@scribd.com,Male,Indonesia,1964/06/13
417,Arie,Anfusso,aanfussobk@t-online.de,Male,Serbia,1978/09/13
418,Shayne,Hanford,shanfordbl@networksolutions.com,Male,Bosnia and Herzegovina,1951/03/29
419,Tiler,Vigietti,tvigiettibm@illinois.edu,Male,Germany,1963/12/19
420,Keane,Loachhead,kloachheadbn@printfriendly.com,Male,Indonesia,1998/05/19
421,Hermia,Rostern,hrosternbo@washingtonpost.com,Female,Portugal,1996/03/19
422,Aldus,Vass,avassbp@scientificamerican.com,Male,Japan,1968/02/21
423,Hailee,Cretney,hcretneybq@chron.com,Female,Uruguay,1959/01/07
424,Miof mela,Oxnam,moxnambr@engadget.com,Female,China,1951/10/25
425,Claudetta,Schnitter,cschnitterbs@prlog.org,Female,Philippines,1979/07/28
426,Hillery,McClean,hmccleanbt@java.com,Male,Dominican Republic,1977/04/24
427,Taber,Prenty,tprentybu@google.co.jp,Bigender,Russia,1976/03/11
428,Clayborne,Getch,cgetchbv@mlb.com,Male,China,1999/01/08
429,Darci,Blackadder,dblackadderbw@smugmug.com,Female,Poland,1976/11/12
430,Scotty,Lammerich,slammerichbx@reuters.com,Male,Madagascar,1999/01/05
431,Annalise,Cotte,acotteby@etsy.com,Female,Philippines,1992/07/23
432,Mort,Gissing,mgissingbz@intel.com,Male,Brazil,1972/06/22
433,Carmelia,Fitzpatrick,cfitzpatrickc0@pcworld.com,Female,Croatia,1987/07/31
434,Wye,Mitchley,wmitchleyc1@cafepress.com,Male,China,1955/08/02
435,Sibylla,Lillie,slilliec2@shinystat.com,Female,Uzbekistan,1983/03/31
436,Arin,Kirstein,akirsteinc3@cyberchimps.com,Male,China,1985/02/14
437,Yorgo,Clatworthy,yclatworthyc4@prlog.org,Genderfluid,Peru,1999/12/20
438,Ashton,Shanklin,ashanklinc5@pen.io,Male,China,1951/02/15
439,Braden,Layburn,blayburnc6@t.co,Male,Indonesia,1987/11/02
440,Cherianne,Orrill,corrillc7@tinypic.com,Bigender,Portugal,1989/02/11
441,Bord,Monteath,bmonteathc8@artisteer.com,Male,South Africa,1993/08/27
442,Tina,Bakhrushin,tbakhrushinc9@buzzfeed.com,Female,Czech Republic,1994/03/25
443,Daloris,Burgh,dburghca@google.cn,Female,United States,1960/04/18
444,Lamont,MattiCCI,lmatticcicb@adobe.com,Male,China,1966/08/23
445,Prissie,Curror,pcurrorcc@jugem.jp,Female,Czech Republic,1992/08/24
446,Titos,Claybourne,tclaybournecd@msn.com,Male,Portugal,1970/12/21
447,Babb,Roskams,broskamsce@phpbb.com,Female,Afghanistan,1999/12/16
448,Lexis,Nardrup,lnardrupcf@cisco.com,Female,China,1993/12/10
449,Robinetta,Manclark,rmanclarkcg@eepurl.com,Female,Indonesia,1975/05/23
450,Cristabel,Crilly,ccrillych@alibaba.com,Female,Brazil,1981/06/10
451,Zandra,Metherell,zmetherellci@weebly.com,Female,Brazil,1964/10/25
452,Miof mela,Duckworth,mduckworthcj@hexun.com,Female,Palestinian Territory,1959/07/23
453,Darlene,Potbury,dpotburyck@sciencedirect.com,Female,France,1980/09/06
454,Yasmeen,Burney,yburneycl@photobucket.com,Female,Japan,1966/09/06
455,Tabby,Vicioso,tviciosocm@dyndns.org,Genderqueer,Peru,1993/04/07
456,Rudy,Billyard,rbillyardcn@tiny.cc,Male,Poland,1969/07/05
457,Ulrike,Southcoat,usouthcoatco@mapy.cz,Female,Malaysia,1992/06/08
458,Lebbie,Botwright,lbotwrightcp@histats.com,Female,Indonesia,1965/09/09
459,Glyn,Gascoyen,ggascoyencq@google.nl,Male,Argentina,1963/10/12
460,Rochette,Muddiman,rmuddimancr@intel.com,Female,Philippines,1990/05/01
461,Garrard,Krienke,gkrienkecs@macromedia.com,Male,China,1972/04/29
462,Hodge,Marzellano,hmarzellanoct@live.com,Male,France,1969/12/08
463,Herman,Sturdgess,hsturdgesscu@jugem.jp,Male,Japan,1986/02/10
464,Conny,Fritche,cfritchecv@quantcast.com,Female,Philippines,1995/07/06
465,Happy,Belamy,hbelamycw@netvibes.com,Female,China,1999/11/14
466,Aurea,Pillington,apillingtoncx@indiatimes.com,Polygender,China,1986/11/22
467,Eda,Sherrott,esherrottcy@hatena.ne.jp,Female,Portugal,1976/02/04
468,Elset,Angelo,eangelocz@harvard.edu,Female,Poland,1983/12/27
469,Lucio,Hinners,lhinnersd0@fotki.com,Male,Benin,1979/06/21
470,Farris,De Moreno,fdemorenod1@aboutads.info,Male,United States,1977/09/09
471,Petra,Dupree,pdupreed2@ucoz.ru,Female,China,1965/09/11
472,Gabriell,Stout,gstoutd3@slideshare.net,Female,Angola,1975/01/17
473,Abbie,Zanre,azanred4@ucsd.edu,Male,Bosnia and Herzegovina,1999/08/01
474,Jock,Tedahl,jtedahld5@ustream.tv,Male,Indonesia,1973/10/21
475,Ogdan,Chaplain,ochaplaind6@telegraph.co.uk,Male,China,2000/04/07
476,Odette,Uman,oumand7@vinaora.com,Female,Netherlands,1999/11/11
477,Erek,Hallam,ehallamd8@cpanel.net,Male,China,1991/09/30
478,Curr,Dench,cdenchd9@topsy.com,Male,Philippines,1963/02/23
479,Bartlett,Sappson,bsappsonda@harvard.edu,Male,China,1970/09/27
480,Cathy,Tidgewell,ctidgewelldb@reference.com,Female,Azerbaijan,1961/10/04
481,Amery,Pavett,apavettdc@xing.com,Bigender,Indonesia,1984/01/01
482,Cris,Speere,cspeeredd@dot.gov,Male,Russia,1958/05/09
483,Karon,Ubee,kubeede@newsvine.com,Female,Bolivia,1965/06/18
484,Tore,Simnor,tsimnordf@wordpress.com,Male,Indonesia,1996/07/11
485,Salem,Burchnall,sburchnalldg@twitpic.com,Male,Ecuador,1997/01/23
486,Dulciana,Glassford,dglassforddh@wired.com,Female,China,2000/05/30
487,Judon,Hawkswood,jhawkswooddi@wufoo.com,Male,Ukraine,1985/07/06
488,Erich,Eberlein,eeberleindj@indiegogo.com,Male,Sweden,1960/06/12
489,Ermengarde,O' Byrne,eobyrnedk@squidoo.com,Female,China,1962/08/15
490,Vern,Ephson,vephsondl@qq.com,Male,Ireland,1959/01/25
491,Kermie,Elt,keltdm@elpais.com,Male,China,1991/09/26
492,Jeffry,Rogliero,jroglierodn@cpanel.net,Male,Guatemala,1963/10/13
493,Leda,Youles,lyoulesdo@yellowbook.com,Female,Sweden,1956/01/07
494,Licha,Schutter,lschutterdp@artisteer.com,Female,Japan,1969/07/07
495,Lanie,O'Spellissey,lospellisseydq@wikispaces.com,Male,Russia,1997/02/07
496,Laverne,Rodrig,lrodrigdr@scientificamerican.com,Female,Venezuela,1966/07/11
497,Peadar,Sterrie,psterrieds@fema.gov,Male,Czech Republic,1999/06/15
498,Carina,Percifer,cperciferdt@eepurl.com,Female,Portugal,1975/10/19
499,Valaria,Impey,vimpeydu@ovh.net,Female,Portugal,1996/07/30
500,Gratia,Stutter,gstutterdv@google.es,Female,China,1955/04/14
501,Jacobo,Windebank,jwindebankdw@microsoft.com,Male,China,1953/09/11
502,Conney,Blackadder,cblackadderdx@yellowpages.com,Male,Russia,1989/08/12
503,Remus,Pauleau,rpauleaudy@sun.com,Male,Moldova,1987/11/30
504,Merill,MacColgan,mmaccolgandz@eventbrite.com,Male,Czech Republic,1982/06/05
505,Reiko,Keegan,rkeegane0@uol.com.br,Female,Cuba,1972/10/02
506,Dredi,Tuther,dtuthere1@acquirethisname.com,Female,China,1986/04/20
507,Bellanca,Kullmann,bkullmanne2@go.com,Female,Russia,1965/01/31
508,Patrizia,Haldin,phaldine3@quantcast.com,Female,Malaysia,2000/03/24
509,Iolanthe,Saunt,isaunte4@usda.gov,Female,China,1966/10/23
510,Mahmud,Kaufman,mkaufmane5@cyberchimps.com,Male,Brazil,1981/11/13
511,Phelia,Jozefiak,pjozefiake6@sciencedaily.com,Female,United States,1958/08/28
512,Herman,Yeatman,hyeatmane7@dedecms.com,Male,Sweden,1970/11/22
513,Budd,Gwilliam,bgwilliame8@mayoclinic.com,Male,Brazil,1975/06/27
514,Wat,Klugel,wklugele9@smugmug.com,Male,Guinea,1957/09/26
515,Felicio,Anstead,fansteadea@tinyurl.com,Male,Sweden,1984/10/08
516,Norri,Lambden,nlambdeneb@canalblog.com,Female,Russia,1975/09/28
517,Garv,Betteson,gbettesonec@mac.com,Male,Russia,1954/06/15
518,Hermione,Bradman,hbradmaned@studiopress.com,Female,China,1987/04/06
519,Bamby,Odgaard,bodgaardee@guardian.co.uk,Female,Philippines,1965/01/30
520,Cinnamon,Trafford,ctraffordef@techcrunch.com,Female,China,1965/03/14
521,Georgianne,Swinford,gswinfordeg@seesaa.net,Female,China,1967/10/25
522,Kevan,Cuffley,kcuffleyeh@usnews.com,Male,Paraguay,1987/01/06
523,Giana,Cutts,gcuttsei@ustream.tv,Female,China,1963/01/15
524,Brooke,Stearnes,bstearnesej@bing.com,Female,Kazakhstan,1952/11/09
525,Haroun,Robbey,hrobbeyek@gnu.org,Male,Cape Verde,1990/03/08
526,Sheila-kathryn,Coston,scostonel@diigo.com,Female,Mexico,1972/05/25
527,Seana,Edes,sedesem@posterous.com,Female,New Zealand,1952/09/15
528,Velvet,Krimmer,vkrimmeren@hubpages.com,Female,China,1961/08/12
529,Jaymie,De Brett,jdebretteo@sciencedirect.com,Male,Poland,1952/07/11
530,Ilaire,Hemstead,ihemsteadep@hexun.com,Male,China,1988/08/01
531,Mimi,Durrell,mdurrelleq@jugem.jp,Female,Russia,1972/01/31
532,Hertha,Anersen,hanersener@spiegel.de,Female,China,1995/09/08
533,Bridget,Skillman,bskillmanes@meetup.com,Female,Estonia,1981/12/24
534,Brewster,Trunkfield,btrunkfieldet@goo.ne.jp,Male,Peru,1966/07/02
535,Isa,McVeighty,imcveightyeu@google.es,Male,Russia,1963/08/15
536,Carling,Stollmeyer,cstollmeyerev@hatena.ne.jp,Male,Indonesia,1999/09/28
537,Krishnah,Shutler,kshutlerew@google.co.jp,Polygender,Philippines,1974/09/25
538,Alikee,Follan,afollanex@e-recht24.de,Female,Sweden,1953/11/13
539,Hamnet,Leband,hlebandey@ucsd.edu,Genderqueer,Nigeria,1976/02/18
540,Angeli,Wenn,awennez@theglobeandmail.com,Male,Brazil,1979/12/12
541,Nada,Kivlin,nkivlinf0@loc.gov,Female,Brazil,1988/01/31
542,Derick,Ruddlesden,druddlesdenf1@sphinn.com,Male,Ireland,1970/10/31
543,Josefa,Benian,jbenianf2@yelp.com,Female,Uzbekistan,1967/08/30
544,Fredia,Adolf,fadolff3@columbia.edu,Female,Portugal,1956/04/07
545,Kathrine,Gulley,kgulleyf4@ed.gov,Female,Yemen,1951/10/15
546,Shanon,Churchlow,schurchlowf5@jalbum.net,Female,Poland,1959/03/10
547,Ulla,Woodworth,uwoodworthf6@unc.edu,Female,Indonesia,1995/10/02
548,Ursala,Rembrandt,urembrandtf7@engadget.com,Female,Russia,1997/03/01
549,Lorrin,McPhaden,lmcphadenf8@tinypic.com,Genderfluid,Brazil,1965/08/23
550,Cathryn,Goldsworthy,cgoldsworthyf9@dedecms.com,Female,Brazil,1980/05/25
551,Gun,Bothwell,gbothwellfa@ucoz.ru,Male,Mongolia,1953/09/06
552,Byram,Dubbin,bdubbinfb@tmall.com,Male,China,1981/02/10
553,Jacqui,Calcott,jcalcottfc@hp.com,Female,Indonesia,1981/04/25
554,Joceline,Moffatt,jmoffattfd@ca.gov,Genderqueer,Argentina,1982/05/07
555,Hendrika,Dunkerton,hdunkertonfe@wufoo.com,Female,Japan,1969/06/13
556,Daphene,Dmitrichenko,ddmitrichenkoff@ovh.net,Female,Mexico,1980/11/28
557,Eustace,Cuckoo,ecuckoofg@prlog.org,Male,Zimbabwe,1961/02/16
558,Travus,Broom,tbroomfh@comsenz.com,Male,Russia,1958/07/02
559,Jordon,Fenelon,jfenelonfi@europa.eu,Male,China,1969/05/12
560,Brittany,Baldassi,bbaldassifj@clickbank.net,Female,Ghana,1962/04/29
561,Thomasine,Bradshaw,tbradshawfk@va.gov,Female,China,1954/04/22
562,Nerta,Litterick,nlitterickfl@sun.com,Female,Czech Republic,1987/07/20
563,Stern,Cato,scatofm@quantcast.com,Male,Mongolia,1975/05/20
564,Bertie,Askam,baskamfn@craigslist.org,Male,Chile,1976/04/04
565,Yolande,McFall,ymcfallfo@umich.edu,Bigender,Sweden,1972/02/15
566,Persis,Madelin,pmadelinfp@mozilla.org,Female,France,1980/09/17
567,Berty,Gorler,bgorlerfq@exblog.jp,Female,Bangladesh,1997/09/06
568,Ronica,Sandford,rsandfordfr@furl.net,Female,Germany,1966/12/03
569,Trey,Fyfield,tfyfieldfs@t-online.de,Male,France,1976/01/07
570,Chucho,Maylam,cmaylamft@chronoengine.com,Male,Poland,1995/07/28
571,Honoria,Gookes,hgookesfu@bing.com,Genderfluid,Philippines,1996/06/04
572,Dare,Starten,dstartenfv@slideshare.net,Non-binary,Portugal,1990/09/24
573,Sophi,Byles,sbylesfw@mac.com,Female,Cuba,1968/01/06
574,Albie,McNysche,amcnyschefx@zdnet.com,Male,Brazil,1966/06/03
575,Gallagher,Saurat,gsauratfy@blogger.com,Male,Palestinian Territory,1985/07/05
576,Aarika,Downage,adownagefz@squidoo.com,Female,China,1961/02/24
577,Nerita,Palmar,npalmarg0@creativecommons.org,Polygender,Peru,1969/06/02
578,Katha,Nutbeam,knutbeamg1@ox.ac.uk,Female,Ivory Coast,1991/02/07
579,Jessie,Carmichael,jcarmichaelg2@hc360.com,Female,Portugal,1991/03/14
580,Allen,Baughen,abaugheng3@mlb.com,Male,Philippines,1971/01/14
581,Hermie,Pooley,hpooleyg4@reference.com,Male,Ukraine,1975/11/24
582,Pepillo,Crippill,pcrippillg5@cornell.edu,Male,Syria,1963/01/02
583,Norbert,Lembke,nlembkeg6@va.gov,Male,Russia,1966/07/11
584,Aleksandr,I'anson,aiansong7@sbwire.com,Male,Cuba,1956/11/16
585,Josepha,Coyne,jcoyneg8@bing.com,Genderfluid,Norway,1953/04/01
586,Emogene,O'Neill,eoneillg9@google.fr,Female,China,1993/08/13
587,Wilmette,Searston,wsearstonga@oakley.com,Female,Thailand,1963/08/07
588,Pablo,Faulks,pfaulksgb@oaic.gov.au,Male,Russia,1981/05/29
589,Darsie,Chilles,dchillesgc@tumblr.com,Female,Czech Republic,2000/02/19
590,Jennica,Tompkin,jtompkingd@naver.com,Female,Morocco,1960/02/11
591,Hendrik,Andor,handorge@plala.or.jp,Male,United States,1972/11/15
592,Marrissa,Rummer,mrummergf@dmoz.org,Female,Brazil,1957/08/24
593,Grant,Dunne,gdunnegg@whitehouse.gov,Male,Greece,1997/08/17
594,Maren,Dusting,mdustinggh@scientificamerican.com,Female,China,1996/09/11
595,Waylon,Stanyland,wstanylandgi@umn.edu,Male,Japan,1966/09/02
596,Seymour,Sobieski,ssobieskigj@intel.com,Male,China,1999/12/19
597,Merrily,Dearman,mdearmangk@homestead.com,Female,Indonesia,1969/12/16
598,Sharline,Neising,sneisinggl@huffingtonpost.com,Female,China,1955/06/20
599,Derrek,Merigon,dmerigongm@icq.com,Male,Sweden,1995/05/25
600,Peggie,Agnolo,pagnologn@gizmodo.com,Female,Czech Republic,1956/12/26
601,Si,Patullo,spatullogo@godaddy.com,Male,Greece,1974/09/20
602,Bran,Jayme,bjaymegp@wikimedia.org,Male,China,1954/09/17
603,Winny,Twells,wtwellsgq@technorati.com,Male,China,1983/05/08
604,Godfry,Savatier,gsavatiergr@xinhuanet.com,Male,Colombia,1976/09/20
605,Beau,Apps,bappsgs@skyrock.com,Male,Cyprus,1992/10/21
606,Celinda,Impey,cimpeygt@skype.com,Agender,Namibia,2000/05/18
607,Wrennie,Marquis,wmarquisgu@berkeley.edu,Female,China,1999/09/06
608,Lorilyn,Bree,lbreegv@mashable.com,Female,Portugal,1982/11/21
609,Ruthann,Boar,rboargw@soup.io,Female,France,1952/02/28
610,Elly,Rey,ereygx@zdnet.com,Female,Russia,1964/08/01
611,Ilario,O'Nion,ioniongy@berkeley.edu,Male,Brazil,1995/01/15
612,Genna,Fedorchenko,gfedorchenkogz@princeton.edu,Female,China,1991/06/10
613,Margaretta,Gaymer,mgaymerh0@facebook.com,Agender,Brazil,1955/09/07
614,Katrinka,Woffenden,kwoffendenh1@google.it,Female,Palestinian Territory,1979/08/21
615,Evangelia,Shevlane,eshevlaneh2@pbs.org,Female,China,1976/11/24
616,Seline,Sudworth,ssudworthh3@ycombinator.com,Female,China,2000/07/25
617,Nolie,Hatrick,nhatrickh4@jiathis.com,Female,Czech Republic,1995/10/20
618,Linnea,Durnian,ldurnianh5@washingtonpost.com,Female,Brazil,1953/07/20
619,Bartlett,Ferrucci,bferruccih6@washingtonpost.com,Male,Indonesia,1960/12/18
620,Hyacinth,Le Gallo,hlegalloh7@cbc.ca,Female,China,1970/08/29
621,Sid,Sloper,ssloperh8@wikia.com,Male,Poland,1959/08/22
622,Loren,Blunsum,lblunsumh9@edublogs.org,Male,Sierra Leone,1997/12/25
623,Denver,Watson-Brown,dwatsonbrownha@opensource.org,Bigender,Indonesia,1964/05/25
624,Malcolm,Dell Casa,mdellcasahb@domainmarket.com,Male,Portugal,1981/01/02
625,Griffin,Stallworthy,gstallworthyhc@ifeng.com,Male,Philippines,1998/06/19
626,Durante,Bercher,dbercherhd@gov.uk,Male,Tanzania,1975/02/26
627,Cozmo,MacGhee,cmacgheehe@myspace.com,Male,France,1968/05/09
628,Fremont,Belchamp,fbelchamphf@canalblog.com,Non-binary,Russia,1955/03/29
629,Ludovika,Glaves,lglaveshg@businessweek.com,Female,Iran,1970/04/30
630,Katheryn,Bundy,kbundyhh@nba.com,Agender,China,1984/11/19
631,Griz,Wedderburn,gwedderburnhi@sina.com.cn,Male,China,1969/10/02
632,Lucais,Galpen,lgalpenhj@hao123.com,Male,China,1952/10/02
633,Mollie,Calam,mcalamhk@va.gov,Bigender,Netherlands,1993/01/05
634,Rollie,Pashan,rpashanhl@economist.com,Male,Russia,1973/01/09
635,Gray,Gilffilland,ggilffillandhm@mashable.com,Female,China,1988/03/10
636,Elicia,Sidden,esiddenhn@yolasite.com,Female,Finland,1967/05/21
637,Robbie,Brilleman,rbrillemanho@mit.edu,Male,Indonesia,1981/02/07
638,Dennis,Rhoades,drhoadeshp@webs.com,Male,Poland,1968/05/15
639,Heidi,Darrigone,hdarrigonehq@ocn.ne.jp,Female,Indonesia,1984/01/16
640,Wiatt,Hughill,whughillhr@nymag.com,Male,Slovenia,1957/03/28
641,Debee,Conybear,dconybearhs@myspace.com,Female,Mexico,1995/05/01
642,Gretta,Pettus,gpettusht@gmpg.org,Female,Russia,1964/08/17
643,Bertrand,Stienham,bstienhamhu@mapquest.com,Male,Italy,1971/11/17
644,Ellie,Daout,edaouthv@ucsd.edu,Female,China,1954/10/13
645,Patrice,Bottrill,pbottrillhw@yandex.ru,Male,France,1992/05/11
646,Marcellus,Dedney,mdedneyhx@discuz.net,Male,China,1961/07/09
647,Eduino,Linney,elinneyhy@globo.com,Male,Indonesia,1986/11/03
648,Bradly,Millea,bmilleahz@wikipedia.org,Genderqueer,Russia,1966/10/21
649,Adorne,Wakefield,awakefieldi0@tripod.com,Female,Sweden,1984/06/28
650,Anni,Cleeton,acleetoni1@phpbb.com,Female,Trinidad and Tobago,1960/01/13
651,Lissi,Wellbank,lwellbanki2@boston.com,Female,Mongolia,1990/02/08
652,Grace,Sheivels,gsheivelsi3@about.com,Female,China,1961/01/29
653,Britte,Ind,bindi4@senate.gov,Female,China,1956/01/02
654,Henriette,Mulliner,hmullineri5@list-manage.com,Female,Japan,1998/08/23
655,Andee,Quest,aquesti6@wix.com,Female,United States,2000/02/04
656,Tymon,Trevithick,ttrevithicki7@mtv.com,Polygender,Bangladesh,1953/08/30
657,Austin,Torrejon,atorrejoni8@spiegel.de,Female,Uzbekistan,1974/08/20
658,Genvieve,Northern,gnortherni9@addtoany.com,Bigender,Philippines,1970/06/02
659,Ninnetta,Sivell,nsivellia@mashable.com,Female,France,1971/01/28
660,Zacharias,Pasby,zpasbyib@qq.com,Male,Japan,1958/04/05
661,Cicely,Enterlein,centerleinic@home.pl,Female,Indonesia,1958/04/26
662,Geralda,Stopford,gstopfordid@goodreads.com,Bigender,Denmark,1955/09/13
663,Terence,Kuhn,tkuhnie@time.com,Male,Ethiopia,1991/01/05
664,Udall,Vance,uvanceif@house.gov,Genderfluid,Malaysia,1985/09/30
665,Trista,Tewes,ttewesig@cocolog-nifty.com,Female,United States,1962/05/21
666,Bayard,McQuillen,bmcquillenih@biglobe.ne.jp,Male,Tanzania,1990/03/06
667,Niki,Nuzzti,nnuzztiii@vkontakte.ru,Male,Indonesia,1967/04/10
668,Grover,Richard,grichardij@vimeo.com,Male,Ukraine,1974/11/09
669,Dynah,Reace,dreaceik@sina.com.cn,Female,Sweden,1999/01/09
670,Grazia,Middleditch,gmiddleditchil@is.gd,Female,United States,1991/09/15
671,Bili,Constantine,bconstantineim@bandcamp.com,Female,Mongolia,1953/10/24
672,Claiborn,Lanon,clanonin@redcross.org,Male,Luxembourg,1974/12/29
673,Hervey,Chivrall,hchivrallio@msu.edu,Male,Moldova,1990/08/29
674,Violante,Kensley,vkensleyip@aboutads.info,Female,Indonesia,1952/03/22
675,Witty,Farnes,wfarnesiq@umn.edu,Male,Democratic Republic of the Congo,1993/12/15
676,Kerwin,Ketteridge,kketteridgeir@xinhuanet.com,Male,United States,1992/07/05
677,Marga,Musla,mmuslais@ed.gov,Female,China,1958/01/04
678,Bruce,Starzaker,bstarzakerit@weebly.com,Genderqueer,Philippines,1978/02/27
679,Barbee,Parlott,bparlottiu@usda.gov,Female,Russia,1996/06/25
680,Killian,Nice,kniceiv@wufoo.com,Male,China,1964/01/10
681,Creight,Lasseter,classeteriw@mashable.com,Male,Russia,1990/05/20
682,Andre,Juhruke,ajuhrukeix@livejournal.com,Male,Czech Republic,1961/03/23
683,Livvie,Louder,llouderiy@oracle.com,Female,Thailand,1964/04/19
684,Hal,Lardeux,hlardeuxiz@theguardian.com,Male,Japan,1985/10/29
685,Hermine,Benbow,hbenbowj0@parallels.com,Female,China,1958/07/06
686,Winn,Tootell,wtootellj1@webmd.com,Male,Poland,1997/12/18
687,Vasilis,Bambery,vbamberyj2@angelfire.com,Male,Indonesia,1995/09/16
688,Blayne,McPherson,bmcphersonj3@seesaa.net,Male,Indonesia,1978/11/28
689,Hilary,Crohan,hcrohanj4@cnbc.com,Female,Russia,1992/06/20
690,Averell,Darree,adarreej5@ebay.com,Male,France,1961/07/22
691,Yovonnda,Ludwikiewicz,yludwikiewiczj6@hatena.ne.jp,Female,Nigeria,1995/09/13
692,Pierre,Lumsdon,plumsdonj7@drupal.org,Male,Thailand,1978/01/12
693,Fidole,Garms,fgarmsj8@g.co,Male,Senegal,1974/10/01
694,Joelly,Culwen,jculwenj9@posterous.com,Female,Ireland,1991/09/04
695,Joellen,Colton,jcoltonja@google.fr,Female,Indonesia,1966/07/22
696,Ricky,Yeldham,ryeldhamjb@mtv.com,Male,Japan,1983/01/14
697,Vera,Waterhous,vwaterhousjc@irs.gov,Female,Portugal,1953/05/31
698,Berta,Fishburn,bfishburnjd@imageshack.us,Female,China,1973/03/26
699,Paule,Braemer,pbraemerje@patch.com,Female,Albania,1984/12/30
700,Rivkah,Aland,ralandjf@studiopress.com,Female,Indonesia,1981/06/21
701,Dimitry,Ciccottini,dciccottinijg@jiathis.com,Male,China,1952/09/27
702,Pip,Heys,pheysjh@weibo.com,Genderqueer,Ukraine,1955/08/04
703,Brucie,Laughton,blaughtonji@google.com.au,Male,Mongolia,1980/08/09
704,Annetta,Regan,areganjj@hubpages.com,Female,Philippines,1983/11/03
705,Karlotte,Piccop,kpiccopjk@shutterfly.com,Female,Portugal,1958/12/03
706,Constantine,Hovie,choviejl@scribd.com,Male,Armenia,1961/03/08
707,Pippa,Mullen,pmullenjm@prnewswire.com,Female,France,1990/03/14
708,Kelli,Becket,kbecketjn@last.fm,Female,Ukraine,1980/02/13
709,Harald,Pilipyak,hpilipyakjo@yelp.com,Male,Argentina,1995/12/22
710,Barbey,Anstead,bansteadjp@nytimes.com,Female,Brazil,1958/11/26
711,Paulina,Rapper,prapperjq@phoca.cz,Female,Japan,1967/03/27
712,Winonah,Goodered,wgooderedjr@quantcast.com,Female,Bolivia,1983/03/12
713,Bili,Stoney,bstoneyjs@cdbaby.com,Female,Pakistan,1968/11/10
714,Bonnee,Chrispin,bchrispinjt@mac.com,Non-binary,Finland,1961/01/05
715,Cullin,Rue,crueju@bloglovin.com,Male,Brazil,1971/07/26
716,Modestia,Groucutt,mgroucuttjv@ezinearticles.com,Female,Canada,1999/05/20
717,Boris,Cleminson,bcleminsonjw@harvard.edu,Male,Colombia,1997/09/08
718,Kiele,Levins,klevinsjx@lulu.com,Genderqueer,Armenia,1994/02/10
719,Titos,Mewett,tmewettjy@pcworld.com,Male,Philippines,1984/08/10
720,Patric,Schermick,pschermickjz@arstechnica.com,Male,Brazil,1996/04/29
721,Neilla,Masterson,nmastersonk0@narod.ru,Genderqueer,Japan,1954/12/02
722,Abner,Belliss,abellissk1@so-net.ne.jp,Male,Guatemala,1997/06/24
723,Carree,Galletly,cgalletlyk2@google.cn,Female,United Kingdom,1979/03/29
724,Elaina,Cronin,ecronink3@statcounter.com,Female,Palestinian Territory,1963/03/22
725,Timmie,Cheatle,tcheatlek4@mapy.cz,Female,Russia,1952/07/09
726,Josie,Morrott,jmorrottk5@printfriendly.com,Genderfluid,Oman,1998/01/08
727,Dulcine,Amy,damyk6@webmd.com,Female,Philippines,1985/11/21
728,Sydelle,Reston,srestonk7@ebay.co.uk,Female,Indonesia,1989/03/04
729,Aurelia,Kobelt,akobeltk8@marriott.com,Female,China,1963/10/28
730,Bonny,Miko,bmikok9@paypal.com,Female,Brazil,1996/05/03
731,Charyl,Cruikshank,ccruikshankka@list-manage.com,Polygender,Indonesia,1996/08/14
732,Rick,Dines,rdineskb@yahoo.co.jp,Male,Poland,1987/01/23
733,Alonzo,Prisley,aprisleykc@usnews.com,Male,Morocco,1956/11/28
734,Constantine,Willis,cwilliskd@pagesperso-orange.fr,Female,Philippines,1975/07/24
735,Carrie,Riddoch,criddochke@t-online.de,Female,Philippines,1977/02/22
736,Daniele,Mellsop,dmellsopkf@google.fr,Female,Portugal,1971/08/28
737,Fredek,Harnor,fharnorkg@macromedia.com,Male,Yemen,1959/02/16
738,Hans,Stephens,hstephenskh@yandex.ru,Male,France,2000/04/17
739,Kerrie,McCord,kmccordki@cpanel.net,Female,United States,1960/03/27
740,Fanny,Shevell,fshevellkj@weather.com,Female,Nigeria,1995/11/26
741,Claudelle,Drivers,cdriverskk@chicagotribune.com,Female,Indonesia,1980/04/27
742,Justinian,Bottinelli,jbottinellikl@dailymail.co.uk,Male,Russia,1982/03/15
743,Ossie,Mewett,omewettkm@cbslocal.com,Male,Brazil,1962/12/17
744,Claudio,Burgiss,cburgisskn@washingtonpost.com,Polygender,United States,1983/01/12
745,Kerwin,Espinoza,kespinozako@surveymonkey.com,Male,Peru,1955/09/25
746,Dorey,Rosenfelder,drosenfelderkp@utexas.edu,Female,Peru,1954/06/20
747,Peria,Van Haeften,pvanhaeftenkq@patch.com,Female,Philippines,1986/08/09
748,Roseann,Fortey,rforteykr@usatoday.com,Female,Japan,1961/04/11
749,Shaughn,Exeter,sexeterks@myspace.com,Male,Uzbekistan,1970/12/28
750,Sylas,Trousdale,strousdalekt@examiner.com,Male,Croatia,1975/05/11
751,Stafford,Hew,shewku@hubpages.com,Male,China,1988/05/01
752,Salim,Cowin,scowinkv@dot.gov,Male,Brazil,1995/04/10
753,Cally,Blees,cbleeskw@un.org,Female,France,1996/05/03
754,Gwendolyn,Beardon,gbeardonkx@skype.com,Bigender,China,1968/01/30
755,Darnell,Nickell,dnickellky@phoca.cz,Male,Finland,1967/08/17
756,Moyna,Halfpenny,mhalfpennykz@hc360.com,Female,Indonesia,1951/03/14
757,Rutherford,Ride,rridel0@house.gov,Male,Poland,1980/03/12
758,Cash,Jenner,cjennerl1@omniture.com,Male,Belarus,1974/12/13
759,Yovonnda,Ciccone,ycicconel2@wikimedia.org,Female,Indonesia,1985/04/06
760,Walden,Barstow,wbarstowl3@google.cn,Male,Latvia,1971/11/02
761,Brucie,Piper,bpiperl4@newyorker.com,Male,Philippines,1996/11/23
762,Conni,O'Noland,conolandl5@elpais.com,Female,France,1986/10/30
763,Shandeigh,Wann,swannl6@imageshack.us,Polygender,Philippines,1999/12/14
764,Marla,Coombes,mcoombesl7@i2i.jp,Female,Albania,1978/08/28
765,Ty,Wear,twearl8@purevolume.com,Male,Russia,1978/12/19
766,Abbie,Sikorski,asikorskil9@shinystat.com,Female,Spain,1978/01/09
767,Nico,Anneslie,nannesliela@surveymonkey.com,Male,Venezuela,1999/02/03
768,Morton,Darlasson,mdarlassonlb@bloglovin.com,Male,Argentina,1977/07/30
769,Hilda,Elvin,helvinlc@ustream.tv,Female,Indonesia,1993/07/04
770,Maddy,Gookes,mgookesld@fema.gov,Male,Portugal,1967/04/01
771,Remus,Eyckelberg,reyckelbergle@wikispaces.com,Male,China,1975/04/14
772,Helen,Faldoe,hfaldoelf@4shared.com,Female,China,1952/10/30
773,Rance,Antal,rantallg@ihg.com,Male,Sweden,1983/09/26
774,Jeramey,Leavesley,jleavesleylh@seattletimes.com,Male,Argentina,1979/08/28
775,Leigha,Martignoni,lmartignonili@wunderground.com,Female,Indonesia,1995/08/27
776,Cecil,Lushey,clusheylj@blogspot.com,Female,Kuwait,1997/06/24
777,Will,Biagi,wbiagilk@plala.or.jp,Genderqueer,Argentina,1986/01/03
778,Adair,Ludwig,aludwigll@techcrunch.com,Male,Brazil,1959/01/23
779,Clayson,Vigietti,cvigiettilm@bizjournals.com,Male,Mongolia,1982/06/20
780,Livy,Blackster,lblacksterln@typepad.com,Female,Japan,1952/03/21
781,Buddy,Chastenet,bchastenetlo@gnu.org,Male,Brazil,1980/11/09
782,Garreth,Isakov,gisakovlp@archive.org,Male,Portugal,1971/09/20
783,Vinnie,O'Brollachain,vobrollachainlq@mozilla.org,Male,Argentina,1955/06/03
784,Sauncho,Lowder,slowderlr@opera.com,Male,Philippines,1952/12/28
785,Claude,Fost,cfostls@chron.com,Female,China,1997/06/22
786,Windy,Doud,wdoudlt@imgur.com,Female,South Africa,1973/09/14
787,Rock,Vickarman,rvickarmanlu@sciencedaily.com,Bigender,Argentina,1999/11/10
788,Cookie,Thieme,cthiemelv@home.pl,Genderfluid,Greece,1952/01/20
789,Reuven,Hullyer,rhullyerlw@photobucket.com,Male,Poland,1976/05/21
790,Darnell,Findlater,dfindlaterlx@marriott.com,Male,Sweden,1958/01/13
791,Barrie,McPartling,bmcpartlingly@guardian.co.uk,Male,Colombia,1978/04/02
792,Jilly,Kydd,jkyddlz@artisteer.com,Female,Portugal,1954/09/11
793,Ly,Jean,ljeanm0@weather.com,Male,Brazil,1983/01/21
794,Albertine,Rust,arustm1@printfriendly.com,Female,China,1989/09/30
795,Francisca,Storm,fstormm2@wisc.edu,Female,Japan,1979/05/26
796,Tessa,Wakely,twakelym3@nymag.com,Female,Philippines,1982/10/16
797,Charlton,Beadle,cbeadlem4@usgs.gov,Male,China,1974/12/27
798,Florinda,Jamison,fjamisonm5@twitpic.com,Female,China,1984/03/25
799,Emlen,Chittock,echittockm6@walmart.com,Male,China,1976/10/21
800,Jayne,Pischof,jpischofm7@ucoz.ru,Female,Argentina,1996/03/04
801,Halimeda,Tedorenko,htedorenkom8@sciencedirect.com,Female,Poland,1988/06/02
802,Morton,Elcy,melcym9@drupal.org,Male,Sweden,1958/11/08
803,Almeria,Tearle,atearlema@reuters.com,Female,China,1968/11/07
804,Leif,Straniero,lstranieromb@blogtalkradio.com,Male,China,1985/11/04
805,Robinet,Mockford,rmockfordmc@prlog.org,Female,Argentina,1974/03/18
806,Rube,Marchington,rmarchingtonmd@biblegateway.com,Male,China,1961/07/18
807,Dalli,Tallant,dtallantme@latimes.com,Male,Indonesia,1975/04/30
808,Abbe,Rennles,arennlesmf@tmall.com,Non-binary,Indonesia,1991/07/12
809,Barry,Minchin,bminchinmg@imgur.com,Male,Bulgaria,1986/05/26
810,Glenn,Hoonahan,ghoonahanmh@howstuffworks.com,Female,Brazil,1952/06/09
811,Sandye,Clear,sclearmi@jugem.jp,Female,Brazil,1970/12/07
812,Petrina,Hardwicke,phardwickemj@about.me,Polygender,United States,1962/06/12
813,Grange,Seton,gsetonmk@mashable.com,Male,Thailand,1960/02/27
814,Nikkie,Glowacha,nglowachaml@twitter.com,Female,Guatemala,1979/03/18
815,Evelina,Crouse,ecrousemm@tamu.edu,Genderfluid,France,1991/11/19
816,Dewie,Pitcaithley,dpitcaithleymn@go.com,Male,Japan,2000/02/22
817,Mallory,Sherred,msherredmo@who.int,Male,Mexico,1962/12/03
818,Ignace,Janecki,ijaneckimp@studiopress.com,Male,Indonesia,1997/05/06
819,Arch,Biskup,abiskupmq@skyrock.com,Male,Indonesia,1959/05/03
820,Annecorinne,Antczak,aantczakmr@thetimes.co.uk,Female,Portugal,1955/07/15
821,Elane,Wathey,ewatheyms@delicious.com,Female,Mexico,1962/06/14
822,Tamera,Levison,tlevisonmt@senate.gov,Polygender,Indonesia,1957/10/12
823,Ignacio,Tarbath,itarbathmu@netscape.com,Male,Armenia,2000/09/19
824,Wylie,Jaouen,wjaouenmv@dyndns.org,Male,Cuba,1981/09/23
825,Serena,Thorneley,sthorneleymw@posterous.com,Female,Vietnam,1977/01/21
826,Lydia,Lassen,llassenmx@istockphoto.com,Female,Croatia,1987/03/04
827,Joyous,Zoane,jzoanemy@imdb.com,Female,China,1969/12/17
828,Carolus,Calverley,ccalverleymz@51.la,Male,China,1962/10/28
829,Joly,Ferrini,jferrinin0@paginegialle.it,Female,Indonesia,1959/02/24
830,Garfield,Lissaman,glissamann1@sfgate.com,Male,Peru,1972/07/24
831,Duff,Van der Mark,dvandermarkn2@bloomberg.com,Male,China,1958/12/06
832,Tessy,Tubble,ttubblen3@rakuten.co.jp,Female,China,1956/07/28
833,Lauralee,Laybourne,llaybournen4@sogou.com,Female,China,1981/07/24
834,Had,Iffe,hiffen5@zdnet.com,Male,Indonesia,1989/09/06
835,Alena,Lailey,alaileyn6@nationalgeographic.com,Female,Russia,1968/11/30
836,Francoise,McDoual,fmcdoualn7@wikia.com,Non-binary,France,1991/06/04
837,Jamill,Halbert,jhalbertn8@comsenz.com,Male,France,1969/02/15
838,Dareen,Roxbrough,droxbroughn9@state.tx.us,Female,Philippines,1985/12/14
839,Marten,Kells,mkellsna@blinklist.com,Male,Indonesia,1981/01/15
840,Moses,Albon,malbonnb@clickbank.net,Male,Philippines,1973/09/19
841,Pauly,Tidman,ptidmannc@kickstarter.com,Female,Denmark,2000/03/12
842,Mic,Fernanando,mfernanandond@abc.net.au,Male,Sweden,1954/05/30
843,Kamilah,Robichon,krobichonne@qq.com,Female,Thailand,1956/09/23
844,Colleen,Stratley,cstratleynf@wired.com,Female,Czech Republic,1985/12/29
845,Tucky,Hamlyn,thamlynng@vk.com,Male,Bangladesh,1981/01/17
846,Hewett,Waite,hwaitenh@weather.com,Male,Afghanistan,1963/05/06
847,Mace,Clementi,mclementini@behance.net,Male,Montenegro,1991/06/13
848,Rubetta,Wibrow,rwibrownj@sphinn.com,Female,Thailand,2000/01/01
849,Horten,Fairbridge,hfairbridgenk@e-recht24.de,Male,Democratic Republic of the Congo,1983/05/29
850,Port,Cordery,pcorderynl@hao123.com,Male,Finland,1999/07/21
851,Alejandro,Felipe,afelipenm@networksolutions.com,Male,Russia,1993/06/05
852,Torr,Tickner,tticknernn@blog.com,Male,China,1970/11/25
853,Lia,Goodlud,lgoodludno@sbwire.com,Polygender,Guatemala,1996/11/15
854,Armando,Hensmans,ahensmansnp@dedecms.com,Male,France,1979/07/07
855,Nichols,Mc Faul,nmcfaulnq@list-manage.com,Male,Sweden,1967/04/23
856,Biddie,Lyte,blytenr@cnet.com,Female,Portugal,1988/08/03
857,Aldin,Bearman,abearmanns@unblog.fr,Male,Indonesia,1986/07/22
858,Bamby,MacParland,bmacparlandnt@army.mil,Female,Indonesia,1995/03/29
859,Kendra,Varfolomeev,kvarfolomeevnu@nature.com,Female,Vietnam,1975/03/19
860,Ike,Hartness,ihartnessnv@google.ca,Male,Dominican Republic,1996/01/20
861,Darcy,Orr,dorrnw@who.int,Female,Poland,1977/12/21
862,Angeli,Goroni,agoroninx@yahoo.co.jp,Male,Croatia,1990/10/13
863,Stefa,Bezley,sbezleyny@soup.io,Female,Indonesia,1995/07/20
864,Jen,Anchor,janchornz@ifeng.com,Female,Macedonia,1987/04/19
865,Arabele,Belf,abelfo0@archive.org,Female,Slovenia,1959/04/30
866,Kellby,Bouette,kbouetteo1@squarespace.com,Male,China,1972/09/04
867,Aksel,Simonnet,asimonneto2@ustream.tv,Male,Finland,1960/12/26
868,Kettie,Broseke,kbrosekeo3@imdb.com,Female,Nigeria,1989/06/23
869,Fanchon,Pearsey,fpearseyo4@sakura.ne.jp,Female,Greece,1968/04/16
870,Miltie,Shrieves,mshrieveso5@pcworld.com,Agender,Spain,1960/04/04
871,Jeramey,Sharply,jsharplyo6@wix.com,Agender,Indonesia,1992/03/23
872,Estella,Gypson,egypsono7@state.gov,Female,Bangladesh,1953/08/20
873,Stern,Blandamore,sblandamoreo8@tiny.cc,Male,Ethiopia,1974/06/20
874,Beatriz,Byham,bbyhamo9@is.gd,Female,Democratic Republic of the Congo,1953/11/11
875,Euell,Paskins,epaskinsoa@yellowbook.com,Male,China,1985/08/01
876,Tris,Antonsson,tantonssonob@freewebs.com,Male,China,1984/07/31
877,Jacquenetta,Waterland,jwaterlandoc@google.com.hk,Female,United States,1978/02/13
878,Hilario,Purkins,hpurkinsod@ft.com,Non-binary,Philippines,1975/11/20
879,Eugen,Cicco,eciccooe@globo.com,Male,Portugal,1962/10/22
880,Ruthann,Gaul,rgaulof@walmart.com,Female,France,1970/04/05
881,Nara,Thridgould,nthridgouldog@cdbaby.com,Female,Philippines,1991/03/06
882,Reese,Cuthbertson,rcuthbertsonoh@netvibes.com,Male,Belarus,2000/01/23
883,Neville,Wassung,nwassungoi@hao123.com,Male,Sweden,1969/10/30
884,Gerry,Kave,gkaveoj@etsy.com,Male,Sweden,1975/06/14
885,Martica,Rickard,mrickardok@artisteer.com,Female,Indonesia,1974/02/09
886,Verge,Tatlock,vtatlockol@hatena.ne.jp,Male,North Korea,1953/11/10
887,Spense,Cartlidge,scartlidgeom@marketwatch.com,Male,Yemen,1999/06/11
888,Christina,Rubinfajn,crubinfajnon@engadget.com,Female,France,1958/06/14
889,Eduino,Piggott,epiggottoo@sun.com,Polygender,China,1984/09/20
890,Trefor,Cudihy,tcudihyop@globo.com,Polygender,Czech Republic,1989/07/23
891,Brenna,Probbings,bprobbingsoq@ftc.gov,Female,Russia,1955/04/11
892,Amalie,Harrow,aharrowor@icq.com,Agender,Afghanistan,1958/11/20
893,Prinz,Gilcriest,pgilcriestos@twitter.com,Male,China,1974/08/03
894,Maurie,Schwant,mschwantot@jiathis.com,Male,China,1970/05/11
895,Fanni,Hallihan,fhallihanou@360.cn,Female,Czech Republic,1994/11/16
896,Hube,Pummell,hpummellov@ft.com,Male,Indonesia,1999/07/22
897,Gamaliel,Rosendale,grosendaleow@adobe.com,Male,Cuba,1986/04/14
898,Minor,Fance,mfanceox@posterous.com,Male,Pakistan,1970/07/22
899,Yuma,Heiner,yheineroy@miitbeian.gov.cn,Male,Poland,1968/12/27
900,Mickie,Tezure,mtezureoz@mapquest.com,Male,Indonesia,1968/02/25
901,Eleanore,Jordine,ejordinep0@is.gd,Agender,China,1968/04/25
902,Alard,De Angelis,adeangelisp1@google.com.br,Male,China,1955/01/11
903,Pepita,Roycroft,proycroftp2@indiegogo.com,Female,Russia,1988/12/11
904,Portia,Paridge,pparidgep3@wordpress.org,Female,Poland,1985/04/15
905,Lorri,Rosenauer,lrosenauerp4@ezinearticles.com,Female,United Kingdom,1989/05/28
906,Urbain,Arends,uarendsp5@phpbb.com,Male,Philippines,1958/11/14
907,Ailsun,Rix,arixp6@ox.ac.uk,Female,Indonesia,1980/10/09
908,Farr,Groven,fgrovenp7@cisco.com,Male,China,1976/06/06
909,Laetitia,Thumann,lthumannp8@odnoklassniki.ru,Female,Peru,1993/06/15
910,Paten,De Gregorio,pdegregoriop9@blogs.com,Male,Yemen,1978/12/18
911,Clair,Sellar,csellarpa@over-blog.com,Male,Mauritius,1987/11/18
912,Kara,Harnor,kharnorpb@rediff.com,Female,Indonesia,1974/01/29
913,Vassili,Rugiero,vrugieropc@jigsy.com,Polygender,China,1969/10/13
914,Clare,Cooper,ccooperpd@cloudflare.com,Female,Denmark,1996/05/28
915,Theodor,Hedman,thedmanpe@archive.org,Male,China,1968/12/31
916,Frannie,Freyne,ffreynepf@theguardian.com,Male,Mongolia,1994/10/03
917,Gerardo,Byrcher,gbyrcherpg@slate.com,Male,Indonesia,1965/06/21
918,Ailbert,Ralls,arallsph@netvibes.com,Male,Sweden,1977/04/08
919,Myrtle,Victoria,mvictoriapi@rediff.com,Female,Guadeloupe,1963/03/10
920,Karin,Shallcross,kshallcrosspj@timesonline.co.uk,Female,Russia,1959/08/19
921,Cass,Killoran,ckilloranpk@technorati.com,Female,Philippines,1992/10/21
922,Hallsy,Clue,hcluepl@shareasale.com,Genderqueer,United States,1979/03/19
923,Skell,Ruste,srustepm@usa.gov,Male,Indonesia,1970/06/15
924,Kay,Dodridge,kdodridgepn@columbia.edu,Agender,Philippines,1991/04/17
925,Townie,Pierri,tpierripo@phpbb.com,Male,China,1953/03/13
926,Patten,Ainsworth,painsworthpp@icio.us,Male,Greece,1975/07/01
927,Maximo,Capeling,mcapelingpq@infoseek.co.jp,Male,Russia,1989/04/19
928,Kirstyn,Heritege,kheritegepr@discuz.net,Female,Russia,1966/12/07
929,Rodolfo,Askie,raskieps@msu.edu,Male,Poland,1974/12/16
930,Filbert,Blakeslee,fblakesleept@unc.edu,Male,Czech Republic,1980/08/24
931,Ginger,Ernke,gernkepu@sun.com,Male,Finland,1981/10/15
932,Ellen,Katz,ekatzpv@mapy.cz,Female,Guatemala,1965/05/21
933,Thaddus,Guisler,tguislerpw@princeton.edu,Male,Philippines,1954/06/25
934,Sonnnie,Bunclark,sbunclarkpx@issuu.com,Female,Indonesia,1971/10/23
935,Arluene,Gore,agorepy@is.gd,Female,Indonesia,1977/05/17
936,Alleen,Syfax,asyfaxpz@alibaba.com,Female,New Caledonia,1999/12/07
937,Philippa,Domanski,pdomanskiq0@answers.com,Female,Slovenia,1989/01/17
938,Sayres,Calverley,scalverleyq1@example.com,Male,China,1966/09/17
939,Ivy,O'Neal,ionealq2@istockphoto.com,Female,China,1960/06/03
940,Kesley,Gheraldi,kgheraldiq3@java.com,Female,Russia,1999/10/17
941,Brianna,Hullock,bhullockq4@people.com.cn,Female,Colombia,1986/05/03
942,Richart,Lantiff,rlantiffq5@ibm.com,Non-binary,Indonesia,1964/08/12
943,Eimile,Bilofsky,ebilofskyq6@symantec.com,Female,Poland,1955/02/09
944,Hayward,Haquin,hhaquinq7@netvibes.com,Male,Iran,2000/06/21
945,Farra,Markie,fmarkieq8@nhs.uk,Female,France,1982/09/29
946,Normie,Suter,nsuterq9@symantec.com,Male,Indonesia,1982/06/30
947,Barnebas,Barzen,bbarzenqa@4shared.com,Male,Indonesia,1967/04/26
948,Stacie,Cheetham,scheethamqb@fc2.com,Female,Indonesia,1952/01/07
949,Blake,MacLese,bmacleseqc@reverbnation.com,Male,Sweden,1979/08/29
950,Kaiser,Maidment,kmaidmentqd@engadget.com,Bigender,Greece,1952/11/06
951,Isabelita,Zorzi,izorziqe@wordpress.com,Female,Japan,1978/03/26
952,Heall,Phizackerly,hphizackerlyqf@deliciousdays.com,Male,Germany,1963/07/06
953,Rebekkah,Screach,rscreachqg@apache.org,Female,South Africa,1964/08/18
954,Elmo,MacKibbon,emackibbonqh@amazon.co.jp,Male,Brazil,1968/10/12
955,Dorothea,Manz,dmanzqi@fastcompany.com,Female,Nepal,1968/12/08
956,Aleen,Lippitt,alippittqj@ed.gov,Female,Indonesia,1977/06/06
957,Merna,Hovenden,mhovendenqk@amazon.co.jp,Female,Greece,1965/10/05
958,Andeee,Rockell,arockellql@google.co.uk,Female,Indonesia,1993/10/31
959,Roley,Sarten,rsartenqm@google.co.jp,Male,China,1986/05/14
960,Estele,Winkle,ewinkleqn@mashable.com,Female,Indonesia,1992/04/05
961,Brandy,Brimicombe,bbrimicombeqo@gravatar.com,Female,Bulgaria,1973/06/10
962,Joey,Blaine,jblaineqp@sakura.ne.jp,Male,Portugal,1976/07/05
963,Yasmin,Vargas,yvargasqq@apache.org,Female,China,1992/03/07
964,Junia,Formigli,jformigliqr@bandcamp.com,Female,Philippines,1976/09/18
965,Augie,Eva,aevaqs@drupal.org,Male,China,1952/02/27
966,Obie,Lawn,olawnqt@oaic.gov.au,Male,Tanzania,1970/07/01
967,Ariel,Scimoni,ascimoniqu@ftc.gov,Male,Sweden,1967/10/05
968,Carol-jean,Witts,cwittsqv@ehow.com,Female,Sweden,1978/06/12
969,Rosetta,Keeley,rkeeleyqw@nbcnews.com,Female,Ukraine,1994/07/23
970,Rogerio,Airs,rairsqx@china.com.cn,Male,Cyprus,1951/08/26
971,Carla,Tybalt,ctybaltqy@ustream.tv,Female,Indonesia,1971/05/04
972,Friedrick,Charity,fcharityqz@blogs.com,Male,Brazil,1998/11/20
973,Cash,Iddenden,ciddendenr0@usatoday.com,Male,Indonesia,1967/02/19
974,Sal,Hairs,shairsr1@mtv.com,Male,France,2000/01/05
975,Ralina,Braunle,rbraunler2@squidoo.com,Female,Portugal,1987/09/17
976,Renaud,Olrenshaw,rolrenshawr3@wiley.com,Male,Poland,1965/06/13
977,Reynold,Jarmyn,rjarmynr4@posterous.com,Male,China,1985/01/11
978,Pietra,Perdue,pperduer5@squidoo.com,Female,China,1970/07/08
979,Evelina,Capehorn,ecapehornr6@alexa.com,Female,China,1981/10/29
980,Melodee,Flanne,mflanner7@spotify.com,Female,Guatemala,1974/11/20
981,Otis,Hardwidge,ohardwidger8@go.com,Male,Ecuador,1962/01/13
982,Cheri,Frisch,cfrischr9@umich.edu,Agender,Sweden,2000/05/10
983,Milzie,Grishagin,mgrishaginra@google.co.jp,Female,Philippines,1959/03/29
984,Torrey,Windrass,twindrassrb@homestead.com,Male,Philippines,1990/12/11
985,Tedman,Ankrett,tankrettrc@sphinn.com,Male,Spain,1985/01/08
986,Kirby,Quarrie,kquarrierd@dailymotion.com,Female,Canada,1968/01/27
987,Giovanni,Luscott,gluscottre@nhs.uk,Male,China,1958/02/13
988,Curry,Terris,cterrisrf@buzzfeed.com,Male,China,1983/10/03
989,Kleon,Fancutt,kfancuttrg@biblegateway.com,Male,Greece,1980/02/02
990,Gale,Whapple,gwhapplerh@gnu.org,Female,China,1955/08/20
991,Sharity,Chicken,schickenri@shareasale.com,Female,China,1974/05/02
992,Dionis,Perri,dperrirj@studiopress.com,Female,Indonesia,1987/11/24
993,Tobey,Climer,tclimerrk@washington.edu,Female,Indonesia,1992/06/08
994,Thornton,Kenway,tkenwayrl@ucsd.edu,Male,China,1969/05/27
995,Artie,Caldecott,acaldecottrm@hc360.com,Male,China,1996/08/17
996,Walt,Krauze,wkrauzern@admin.ch,Male,Russia,1994/12/02
997,Kaila,Musicka,kmusickaro@nih.gov,Female,Argentina,1976/07/10
998,Jeff,Flement,jflementrp@cbslocal.com,Male,Greece,1969/08/25
999,Guillema,Treadgall,gtreadgallrq@imageshack.us,Female,Philippines,1984/03/17
1000,Trueman,O'Sullivan,tosullivanrr@storify.com,Polygender,Moldova,1974/02/23
