id,first_name,last_name,email,gender,country,birthday
1,Sterling,Gorry,sgorry0@pinterest.com,Male,China,1954/03/25
2,Masha,Atack,matack1@ustream.tv,Female,Iran,1957/11/03
3,Francois,Parsisson,fparsisson2@livejournal.com,Bigender,Portugal,1997/08/20
4,Julius,Dotson,jdotson3@squidoo.com,Male,Nigeria,1957/01/08
5,Simona,Jahncke,sjahncke4@biglobe.ne.jp,Female,Poland,1984/04/02
6,Jilli,Currey,jcurrey5@flavors.me,Female,Indonesia,1980/09/23
7,Phillis,Cudd,pcudd6@theglobeandmail.com,Female,Uzbekistan,1967/12/05
8,Maire,Ousbie,mousbie7@china.com.cn,Female,Thailand,1981/04/18
9,Guthrey,Di Maggio,gdimaggio8@businesswire.com,Male,Portugal,1953/01/25
10,Bogey,Bizley,bbizley9@sphinn.com,Male,China,1971/06/26
11,Tab,Albrecht,talbrechta@csmonitor.com,Male,Palestinian Territory,1983/03/29
12,Herbie,Manvell,hmanvellb@dyndns.org,Male,Indonesia,1980/11/10
13,Vick,Orteu,vorteuc@domainmarket.com,Male,Slovenia,1994/02/02
14,Tyrus,Halpen,thalpend@ocn.ne.jp,Male,Peru,1989/05/18
15,Arlena,Devita,adevitae@timesonline.co.uk,Genderqueer,China,1956/11/01
16,Conant,Purselowe,cpurselowef@rakuten.co.jp,Polygender,Russia,1956/08/27
17,Felizio,Burthom,fburthomg@ft.com,Male,China,1958/07/20
18,Waylan,Leare,wleareh@google.cn,Male,China,1951/10/15
19,Meriel,Hardinge,mhardingei@washington.edu,Female,Ukraine,1991/02/08
20,Smitty,Schapero,sschaperoj@wiley.com,Male,Portugal,1963/08/03
21,Wilmar,Bauld,wbauldk@ed.gov,Male,Cuba,1963/07/09
22,Tome,Gillise,tgillisel@ask.com,Male,China,1994/09/08
23,Sharia,Behnen,sbehnenm@1und1.de,Female,Colombia,1971/09/26
24,Shane,Rankcom,srankcomn@webs.com,Female,China,1988/04/30
25,Rafferty,Heliet,rhelieto@purevolume.com,Male,Bosnia and Herzegovina,1966/02/15
26,Shurlock,Layfield,slayfieldp@ezinearticles.com,Male,Ukraine,1959/05/24
27,Brennan,Carmel,bcarmelq@com.com,Male,Philippines,1991/12/07
28,Geoffrey,Absolem,gabsolemr@google.co.jp,Male,Indonesia,1964/01/11
29,Monah,Vittery,mvitterys@china.com.cn,Female,Bangladesh,1977/03/17
30,Sim,Worster,sworstert@sphinn.com,Male,China,1952/05/14
31,Eva,Wetherell,ewetherellu@spiegel.de,Female,Bulgaria,1986/01/22
32,Malynda,Feaks,mfeaksv@bandcamp.com,Female,China,1974/03/19
33,Cecilius,Lark,clarkw@europa.eu,Male,Colombia,1963/11/14
34,Danica,Selvey,dselveyx@tuttocitta.it,Female,Vietnam,1994/02/21
35,Wolf,Morit,wmority@cnet.com,Male,Russia,1966/01/26
36,Eudora,Mattedi,emattediz@europa.eu,Female,Japan,1988/10/30
37,Coral,Pond,cpond10@sakura.ne.jp,Female,United States,1968/10/25
38,Tate,Reidshaw,treidshaw11@va.gov,Male,China,1986/01/02
39,Chick,Leed,cleed12@ihg.com,Male,Nigeria,1988/07/25
40,Brittani,Tipton,btipton13@dmoz.org,Female,Indonesia,1951/02/22
41,Karole,Plampin,kplampin14@google.de,Female,Denmark,1966/10/02
42,Free,Falconbridge,ffalconbridge15@epa.gov,Male,United States,1989/01/08
43,Josefa,Tomblin,jtomblin16@phoca.cz,Female,Nigeria,1962/02/05
44,Corilla,Theobald,ctheobald17@woothemes.com,Female,China,1957/01/10
45,Orly,Perrigo,operrigo18@google.co.jp,Female,Dominican Republic,1974/05/01
46,Kelli,Fitzpayn,kfitzpayn19@dailymotion.com,Female,Brazil,1968/04/24
47,Josh,Stringman,jstringman1a@sina.com.cn,Bigender,Sweden,1981/09/04
48,Desirae,Filyaev,dfilyaev1b@cargocollective.com,Female,Sweden,2000/07/27
49,Cecilia,Jancik,cjancik1c@1688.com,Female,Palestinian Territory,1979/12/27
50,Charlotte,Girvin,cgirvin1d@ucoz.com,Female,Russia,1955/06/10
51,Sid,Norfolk,snorfolk1e@phpbb.com,Male,Indonesia,1994/11/14
52,Mauricio,Osmond,mosmond1f@google.com.au,Male,Canada,1979/07/08
53,Judon,Dunrige,jdunrige1g@auda.org.au,Male,Montserrat,1979/11/06
54,Nils,Carragher,ncarragher1h@nhs.uk,Male,Albania,1955/10/12
55,Brant,Elner,belner1i@hc360.com,Male,Bolivia,1984/07/13
56,Jeane,Rodliff,jrodliff1j@istockphoto.com,Female,Philippines,1980/02/06
57,Timi,Nelthorp,tnelthorp1k@wordpress.com,Female,Colombia,1959/07/27
58,Albert,Blues,ablues1l@wordpress.org,Male,Burkina Faso,1978/01/24
59,Kaiser,Crumb,kcrumb1m@barnesandnoble.com,Male,Indonesia,1960/05/21
60,Andree,Skivington,askivington1n@ca.gov,Female,South Korea,1972/02/11
61,Riccardo,Sopp,rsopp1o@uiuc.edu,Male,Myanmar,1958/09/07
62,Marin,Rabbet,mrabbet1p@simplemachines.org,Female,Chile,1954/11/29
63,Karoline,Wais,kwais1q@sogou.com,Female,Sweden,1974/12/28
64,Auberon,Coddrington,acoddrington1r@constantcontact.com,Male,Ukraine,1993/08/15
65,Hanson,Berardt,hberardt1s@flickr.com,Male,Mexico,1971/09/08
66,Valentino,Novotne,vnovotne1t@japanpost.jp,Male,Croatia,1952/05/02
67,Margery,Brompton,mbrompton1u@sun.com,Bigender,Egypt,1988/06/15
68,Amara,Huckerby,ahuckerby1v@google.com.br,Female,Afghanistan,1977/04/05
69,Tarrah,Forgie,tforgie1w@themeforest.net,Female,Martinique,1997/11/30
70,Yulma,Camacke,ycamacke1x@wsj.com,Male,China,1997/06/02
71,Gasper,Rugieri,grugieri1y@spiegel.de,Male,China,2000/08/07
72,Augie,Sainthill,asainthill1z@pbs.org,Male,China,1983/08/20
73,Isador,Ducker,iducker20@mayoclinic.com,Male,Serbia,1983/12/18
74,Craggy,Petticrow,cpetticrow21@devhub.com,Male,China,1991/11/20
75,Tallia,Pieters,tpieters22@drupal.org,Female,Indonesia,1973/10/21
76,Brunhilda,Frango,bfrango23@bravesites.com,Female,China,1972/05/02
77,Idelle,Combe,icombe24@angelfire.com,Female,Czech Republic,1982/10/24
78,Jemimah,Reicherz,jreicherz25@psu.edu,Female,Peru,1973/11/14
79,Gareth,Flude,gflude26@newsvine.com,Polygender,Marshall Islands,1962/08/18
80,Ave,Eastmead,aeastmead27@statcounter.com,Male,Serbia,1969/06/26
81,Ebony,Guillot,eguillot28@go.com,Female,Poland,1952/03/25
82,Abramo,Livard,alivard29@soundcloud.com,Male,United Arab Emirates,1993/07/22
83,Lanny,Malling,lmalling2a@java.com,Female,Cameroon,1998/05/31
84,Agosto,Sey,asey2b@bbc.co.uk,Male,Azerbaijan,1981/04/12
85,Harwell,Hyndley,hhyndley2c@archive.org,Male,China,1986/01/11
86,Merrili,Erdes,merdes2d@shutterfly.com,Female,Ivory Coast,1957/06/11
87,Alma,Tonn,atonn2e@themeforest.net,Female,Argentina,1970/04/23
88,Sadye,Isgate,sisgate2f@last.fm,Female,Argentina,1996/09/05
89,Dick,O'Gorman,dogorman2g@nationalgeographic.com,Male,Canada,1998/09/28
90,Camala,Silwood,csilwood2h@fastcompany.com,Female,Sudan,1953/02/20
91,Perice,McCritichie,pmccritichie2i@microsoft.com,Male,Czech Republic,1955/01/07
92,Ceciley,Hayford,chayford2j@businesswire.com,Female,Sweden,1964/05/18
93,Ad,Bumphries,abumphries2k@google.de,Male,Russia,1968/03/23
94,Russell,Le Jean,rlejean2l@hubpages.com,Male,Serbia,1957/04/09
95,Marlin,Hapke,mhapke2m@ucoz.ru,Male,China,1994/09/19
96,Tami,Kruschov,tkruschov2n@unicef.org,Female,Syria,1980/03/10
97,Andriana,Perrington,aperrington2o@wikia.com,Female,Portugal,1990/01/10
98,Willy,Banville,wbanville2p@studiopress.com,Genderqueer,China,1996/05/27
99,Jerrold,Ellard,jellard2q@eepurl.com,Male,China,1965/12/15
100,Griffith,Weatherburn,gweatherburn2r@opera.com,Male,Indonesia,1979/10/10
101,Esmaria,Gristock,egristock2s@barnesandnoble.com,Female,Iran,1957/07/03
102,Fanchette,Wethey,fwethey2t@tiny.cc,Female,Russia,1974/06/11
103,Saree,Calderon,scalderon2u@trellian.com,Female,Japan,2000/04/09
104,Frank,Okenfold,fokenfold2v@cdc.gov,Female,Egypt,1962/03/29
105,Burr,Herreran,bherreran2w@examiner.com,Male,Canada,1988/09/26
106,Fanni,Ballchin,fballchin2x@msn.com,Female,Yemen,1976/03/06
107,Ninnette,Jennison,njennison2y@mozilla.com,Female,Sweden,1999/01/28
108,Westbrooke,Stanes,wstanes2z@blogtalkradio.com,Male,China,1959/01/19
109,Standford,Martello,smartello30@samsung.com,Male,Poland,1991/02/01
110,Wilton,Kasting,wkasting31@domainmarket.com,Male,Poland,1987/12/07
111,Vincenty,Wieprecht,vwieprecht32@mayoclinic.com,Male,Poland,1971/09/13
112,Gerianne,Sim,gsim33@abc.net.au,Female,China,2000/04/08
113,Modesty,Hagyard,mhagyard34@bigcartel.com,Female,Serbia,1964/07/31
114,Innis,Seven,iseven35@reuters.com,Male,Portugal,1986/09/27
115,Charles,Grigoletti,cgrigoletti36@ebay.co.uk,Non-binary,Philippines,1997/08/06
116,Maressa,Reddan,mreddan37@paginegialle.it,Female,Russia,1979/08/02
117,Hana,Dunk,hdunk38@foxnews.com,Female,Indonesia,1997/05/28
118,Fabien,Todman,ftodman39@marriott.com,Male,China,1959/09/04
119,Allison,Ibbetson,aibbetson3a@flickr.com,Female,Ukraine,1953/07/03
120,Gaby,Scullion,gscullion3b@pinterest.com,Female,United States,1971/03/12
121,Jeanna,Hecks,jhecks3c@sbwire.com,Female,China,1954/01/12
122,Cart,Mc Gee,cmcgee3d@rakuten.co.jp,Male,Philippines,1951/12/29
123,Michal,Beat,mbeat3e@oracle.com,Male,Serbia,1976/10/24
124,Nerta,Ley,nley3f@soundcloud.com,Female,Sweden,1993/09/12
125,Lib,Ronchetti,lronchetti3g@friendfeed.com,Genderqueer,Poland,1962/02/17
126,Maxie,Probetts,mprobetts3h@weather.com,Male,Ireland,1968/01/10
127,Hobard,Arnaez,harnaez3i@craigslist.org,Male,Sweden,1979/02/05
128,Ettie,Spinetti,espinetti3j@jiathis.com,Female,Kazakhstan,1981/12/22
129,Colman,Macvain,cmacvain3k@cisco.com,Non-binary,Indonesia,1956/12/06
130,Standford,Pillman,spillman3l@livejournal.com,Male,China,1967/01/08
131,Ade,Kuhnwald,akuhnwald3m@odnoklassniki.ru,Non-binary,Indonesia,1974/04/19
132,Etienne,Snartt,esnartt3n@cbsnews.com,Male,Norway,1965/01/15
133,Tiffanie,Lilleman,tlilleman3o@google.fr,Female,Pakistan,1973/09/10
134,Ansel,Tuerena,atuerena3p@skyrock.com,Male,Russia,1971/09/10
135,Rex,Breeds,rbreeds3q@businessweek.com,Male,Russia,1999/03/20
136,Barth,Abramovici,babramovici3r@accuweather.com,Male,Brazil,1952/02/27
137,Kacey,Joffe,kjoffe3s@canalblog.com,Female,Serbia,1954/05/23
138,Anett,Champkin,achampkin3t@mit.edu,Female,China,1971/06/10
139,Cari,Durban,cdurban3u@google.com.hk,Female,Philippines,1961/03/04
140,Arny,Matthewman,amatthewman3v@forbes.com,Male,Azerbaijan,1963/05/11
141,Joya,Hackley,jhackley3w@reverbnation.com,Female,Czech Republic,1975/05/02
142,Saundra,Aspray,saspray3x@cornell.edu,Female,Peru,1993/10/04
143,Allyn,Kender,akender3y@google.pl,Male,France,1973/06/07
144,Beitris,Cushe,bcushe3z@oakley.com,Female,China,1951/04/29
145,Jaimie,Powis,jpowis40@parallels.com,Male,New Zealand,1979/11/13
146,Idette,Viner,iviner41@gov.uk,Female,Indonesia,1966/03/06
147,Elizabet,Isgate,eisgate42@technorati.com,Female,China,1972/06/22
148,Pen,McComb,pmccomb43@tripadvisor.com,Male,Poland,1968/07/07
149,Rey,Jeanet,rjeanet44@shutterfly.com,Genderqueer,Japan,1970/11/20
150,Riki,Fairlie,rfairlie45@webnode.com,Female,Indonesia,1992/07/17
151,Jessy,Kinnock,jkinnock46@cbsnews.com,Female,China,1979/04/10
152,Richmond,Heffron,rheffron47@sfgate.com,Non-binary,Pakistan,1982/02/16
153,Phil,Fenlon,pfenlon48@constantcontact.com,Male,China,1981/06/24
154,Blinni,Comer,bcomer49@discovery.com,Female,China,1973/05/22
155,Fredelia,Loukes,floukes4a@hud.gov,Female,China,1973/07/04
156,Joyous,Minchell,jminchell4b@msn.com,Female,Sweden,1965/07/02
157,Sal,Falconer-Taylor,sfalconertaylor4c@nydailynews.com,Male,China,1968/08/19
158,Lorianne,Dodgshun,ldodgshun4d@mozilla.com,Agender,Uzbekistan,1993/08/29
159,Ali,Jaeggi,ajaeggi4e@vinaora.com,Male,China,1986/02/04
160,Skelly,Spilisy,sspilisy4f@accuweather.com,Male,Mongolia,1964/06/14
161,Corny,Methringham,cmethringham4g@nbcnews.com,Male,China,1986/04/22
162,Nikos,Liffey,nliffey4h@ovh.net,Male,Mexico,1968/02/26
163,Viv,Gallico,vgallico4i@zimbio.com,Female,United States,1958/03/21
164,Hanson,Radoux,hradoux4j@umn.edu,Male,Belgium,1957/12/05
165,Iona,Knowlson,iknowlson4k@utexas.edu,Female,Norway,1977/05/19
166,Yard,Dennett,ydennett4l@blog.com,Male,Brazil,1993/12/18
167,Debera,Notti,dnotti4m@dmoz.org,Female,Germany,1987/10/25
168,Gale,Thirlwell,gthirlwell4n@amazon.com,Female,Zambia,1954/12/05
169,Charmion,Meadway,cmeadway4o@army.mil,Female,Portugal,1977/11/10
170,Nikolas,Walkington,nwalkington4p@shutterfly.com,Male,France,1999/02/15
171,Kean,Richardot,krichardot4q@friendfeed.com,Male,France,1985/12/06
172,Avictor,Mourant,amourant4r@wiley.com,Male,Indonesia,1978/09/20
173,Annmarie,Reye,areye4s@cnet.com,Female,Indonesia,1961/01/19
174,Daffy,Kattenhorn,dkattenhorn4t@artisteer.com,Female,Brazil,1979/05/31
175,Dar,De L'Isle,ddelisle4u@webmd.com,Male,China,2000/08/13
176,Colline,McGillivrie,cmcgillivrie4v@pcworld.com,Female,Armenia,1999/05/11
177,Jocelyne,Fishpond,jfishpond4w@illinois.edu,Female,Nigeria,1960/12/08
178,Cly,Gimbart,cgimbart4x@twitpic.com,Male,China,1969/05/21
179,Kippie,Denisot,kdenisot4y@trellian.com,Male,Mexico,1983/05/21
180,Creight,Ferrers,cferrers4z@dell.com,Male,Indonesia,1994/06/24
181,Krisha,Bonin,kbonin50@blogger.com,Male,Indonesia,1973/09/29
182,Guillermo,Fonteyne,gfonteyne51@xing.com,Male,Malta,1998/09/12
183,Broderic,Spurden,bspurden52@earthlink.net,Polygender,Brazil,1985/09/27
184,Barnabas,Vernay,bvernay53@army.mil,Male,Guatemala,1962/10/27
185,Micky,Stather,mstather54@hc360.com,Female,China,1984/11/23
186,Fredericka,Awcoate,fawcoate55@ebay.co.uk,Female,Indonesia,1964/07/22
187,Konstantin,Judge,kjudge56@europa.eu,Male,United States,1955/07/27
188,Georg,Piatto,gpiatto57@weebly.com,Male,China,1976/02/07
189,Hailee,Geraldo,hgeraldo58@google.fr,Female,Philippines,1989/06/21
190,Gilbertine,Back,gback59@smh.com.au,Female,Indonesia,1951/01/10
191,Orv,Moline,omoline5a@bloomberg.com,Agender,Iran,1980/07/09
192,Olag,Odgaard,oodgaard5b@unicef.org,Male,Japan,1959/03/29
193,Saree,Toomey,stoomey5c@exblog.jp,Female,Ukraine,1999/10/13
194,Dani,Conochie,dconochie5d@t-online.de,Male,China,1965/11/04
195,Doralia,Kamen,dkamen5e@seesaa.net,Female,China,1999/07/14
196,Gan,Clement,gclement5f@miibeian.gov.cn,Male,Poland,1987/09/06
197,Heinrik,Siuda,hsiuda5g@addtoany.com,Male,Germany,1957/04/30
198,Shayla,Arthurs,sarthurs5h@uol.com.br,Female,Albania,1963/07/31
199,Alex,Ryrie,aryrie5i@over-blog.com,Male,Uganda,1963/09/27
200,Darby,Diable,ddiable5j@cocolog-nifty.com,Female,Afghanistan,1967/06/30
201,Levy,Besemer,lbesemer5k@wisc.edu,Male,China,1961/12/26
202,Boniface,Aiston,baiston5l@army.mil,Male,Philippines,1994/03/08
203,Catherin,Mandry,cmandry5m@admin.ch,Female,Poland,1996/03/19
204,Gare,Sallier,gsallier5n@parallels.com,Male,Indonesia,1978/05/14
205,Darn,Foro,dforo5o@addthis.com,Male,Brazil,1965/03/31
206,Dunn,Spennock,dspennock5p@qq.com,Male,Russia,1960/11/15
207,Brandtr,Sebyer,bsebyer5q@cnbc.com,Male,China,1983/07/08
208,Aloysius,Jacobsz,ajacobsz5r@ibm.com,Male,Tunisia,1986/09/13
209,Wynn,Brusby,wbrusby5s@deliciousdays.com,Male,Philippines,1962/05/05
210,Shepperd,Leif,sleif5t@ycombinator.com,Male,Azerbaijan,1991/02/02
211,Geoffrey,Brelsford,gbrelsford5u@wunderground.com,Male,United States,1961/06/22
212,Jamal,McCarter,jmccarter5v@vk.com,Male,Palestinian Territory,1986/01/07
213,Tades,Odde,todde5w@google.nl,Male,China,1976/12/15
214,Vita,Acutt,vacutt5x@eepurl.com,Female,China,1983/12/16
215,Anatollo,Egell,aegell5y@slate.com,Male,Colombia,1991/07/18
216,Alverta,Ortas,aortas5z@istockphoto.com,Female,Egypt,1976/07/18
217,Verine,Allwell,vallwell60@goodreads.com,Female,Indonesia,1964/09/12
218,Daron,Ioselevich,dioselevich61@123-reg.co.uk,Male,China,1972/03/29
219,Crystie,Novichenko,cnovichenko62@webs.com,Female,China,1965/03/02
220,Pacorro,Bloor,pbloor63@auda.org.au,Male,Russia,1992/02/18
221,Aurie,Dilke,adilke64@guardian.co.uk,Female,China,1985/06/30
222,Terese,Wayland,twayland65@infoseek.co.jp,Female,Sweden,1959/08/25
223,Christoph,Menci,cmenci66@flavors.me,Male,China,1957/08/17
224,Suellen,Hunnam,shunnam67@latimes.com,Female,Portugal,1985/05/20
225,Nichols,Densun,ndensun68@1und1.de,Male,China,1958/10/15
226,Maible,Mee,mmee69@tripadvisor.com,Genderqueer,Venezuela,1997/04/03
227,Jourdan,Blenkinship,jblenkinship6a@xinhuanet.com,Female,Thailand,1996/03/14
228,Jennee,Bremmer,jbremmer6b@ustream.tv,Female,Brazil,1970/04/26
229,Art,Kitchingman,akitchingman6c@issuu.com,Male,Indonesia,1997/02/15
230,Laurence,Twyning,ltwyning6d@github.io,Male,China,1968/04/19
231,Beckie,Ashlee,bashlee6e@elegantthemes.com,Female,United States,1997/09/25
232,Deena,Alvin,dalvin6f@hud.gov,Female,China,1988/04/20
233,Pail,Hudghton,phudghton6g@elpais.com,Male,Brazil,1955/11/11
234,Maria,Sandels,msandels6h@loc.gov,Female,Brazil,1986/06/02
235,Kenn,Lamar,klamar6i@odnoklassniki.ru,Male,Chile,1979/04/16
236,Giffie,Taaffe,gtaaffe6j@wordpress.com,Male,United States,1998/09/04
237,Nicolette,Mullin,nmullin6k@ebay.com,Female,United States,1968/11/16
238,Zolly,Pincott,zpincott6l@twitter.com,Male,Paraguay,1954/09/21
239,Durante,Sancias,dsancias6m@spotify.com,Male,Philippines,1956/02/01
240,Linoel,Scothern,lscothern6n@amazon.co.uk,Male,Netherlands,1993/04/28
241,Waiter,Mattke,wmattke6o@nbcnews.com,Male,China,1995/07/24
242,Mariann,Oliveti,moliveti6p@barnesandnoble.com,Female,Thailand,1953/08/13
243,Efrem,Paike,epaike6q@barnesandnoble.com,Male,Czech Republic,1989/05/11
244,Graig,Aleksahkin,galeksahkin6r@hhs.gov,Male,Cyprus,1959/11/10
245,Kort,Malby,kmalby6s@w3.org,Male,Mexico,1976/09/26
246,Eulalie,Shillum,eshillum6t@aboutads.info,Female,Russia,1987/10/13
247,Hedwiga,Dash,hdash6u@sfgate.com,Female,Japan,1989/09/17
248,Donella,Fairbridge,dfairbridge6v@princeton.edu,Female,Indonesia,1968/02/01
249,Skippy,Weaver,sweaver6w@mozilla.org,Male,China,1954/11/12
250,Kriste,Zemler,kzemler6x@bandcamp.com,Non-binary,Armenia,1959/01/11
251,Sarina,Silcocks,ssilcocks6y@deliciousdays.com,Female,Indonesia,1980/12/06
252,Herrick,Pleven,hpleven6z@squidoo.com,Bigender,Brazil,1973/03/28
253,Reynold,Lambdean,rlambdean70@toplist.cz,Male,Macedonia,1997/11/21
254,Van,Giercke,vgiercke71@spotify.com,Male,China,1988/06/13
255,Phyllis,Gaynesford,pgaynesford72@macromedia.com,Female,Japan,1974/01/08
256,Thorin,Creser,tcreser73@addtoany.com,Male,Finland,1988/12/29
257,Quint,Whinney,qwhinney74@china.com.cn,Male,China,1971/05/22
258,Lila,Beetlestone,lbeetlestone75@auda.org.au,Female,Sweden,2000/05/07
259,Rafaello,Ayscough,rayscough76@slashdot.org,Male,Nigeria,1964/10/18
260,Boigie,Regitz,bregitz77@eventbrite.com,Male,Ukraine,1979/11/20
261,Trudie,Freeburn,tfreeburn78@ucsd.edu,Female,Philippines,1974/09/03
262,Dorice,Teather,dteather79@edublogs.org,Female,Indonesia,1993/09/26
263,Jaymee,Carus,jcarus7a@blogspot.com,Female,France,1984/02/29
264,Christophorus,Winspeare,cwinspeare7b@reuters.com,Male,China,1979/12/27
265,Englebert,Chene,echene7c@nsw.gov.au,Male,Guatemala,1989/02/24
266,Joana,Tallman,jtallman7d@auda.org.au,Genderqueer,Jordan,1965/08/22
267,Henry,Jacobi,hjacobi7e@mayoclinic.com,Male,Indonesia,1977/10/04
268,Saundra,Thomesson,sthomesson7f@icq.com,Male,China,1981/04/04
269,Base,Siggers,bsiggers7g@addtoany.com,Male,China,1998/07/07
270,Erskine,Cordel,ecordel7h@examiner.com,Male,China,1959/08/28
271,Wolfgang,Tomadoni,wtomadoni7i@twitpic.com,Male,Costa Rica,1957/04/03
272,Marybelle,Lakeman,mlakeman7j@fema.gov,Female,Mauritius,1990/12/20
273,Mal,Veevers,mveevers7k@mashable.com,Male,Ukraine,1958/09/26
274,Dianemarie,Jaram,djaram7l@feedburner.com,Female,China,1988/05/08
275,Cookie,Fidell,cfidell7m@umn.edu,Female,Vanuatu,1974/02/07
276,Chico,Gilhoolie,cgilhoolie7n@java.com,Male,Canada,1969/11/07
277,Wyatan,Aleksidze,waleksidze7o@independent.co.uk,Male,China,1967/02/27
278,Sibeal,Labuschagne,slabuschagne7p@desdev.cn,Female,Honduras,1989/10/20
279,Adore,Ruddom,aruddom7q@pinterest.com,Female,Palau,1963/06/25
280,Ferrel,Smallthwaite,fsmallthwaite7r@independent.co.uk,Male,Indonesia,1978/12/02
281,Arabella,Salsbury,asalsbury7s@quantcast.com,Female,Netherlands,1985/09/05
282,Veda,Gaydon,vgaydon7t@github.com,Female,Guinea,1979/08/25
283,Marrissa,Paye,mpaye7u@surveymonkey.com,Female,Togo,1971/03/15
284,Archibald,Hemmingway,ahemmingway7v@narod.ru,Male,China,1957/07/15
285,Doloritas,Von Der Empten,dvonderempten7w@redcross.org,Female,Moldova,1995/08/14
286,Frasco,Howis,fhowis7x@time.com,Male,Poland,1997/08/29
287,Gannie,Hinckesman,ghinckesman7y@skyrock.com,Genderfluid,Philippines,1995/08/11
288,Almeda,Dougharty,adougharty7z@newsvine.com,Female,Russia,1965/03/23
289,Gay,Coit,gcoit80@gov.uk,Male,Bosnia and Herzegovina,1961/04/28
290,Orren,Taylor,otaylor81@who.int,Male,Iran,1953/03/06
291,Chelsey,Missington,cmissington82@github.io,Female,China,1977/06/20
292,Regen,Franey,rfraney83@123-reg.co.uk,Male,Colombia,1981/09/16
293,Franz,Ghelerdini,fghelerdini84@storify.com,Male,United States,1967/06/07
294,Zebulon,Alexsandrov,zalexsandrov85@ning.com,Male,Ukraine,1990/04/04
295,Torie,Francello,tfrancello86@ca.gov,Female,Poland,1977/01/20
296,Aaron,Pullin,apullin87@mayoclinic.com,Male,Portugal,1999/09/20
297,Nadine,Danielian,ndanielian88@mozilla.com,Polygender,Thailand,1970/10/12
298,Augustin,Esh,aesh89@deviantart.com,Bigender,Sri Lanka,1984/05/28
299,Witty,Allpress,wallpress8a@springer.com,Male,Indonesia,1955/05/05
300,Georgy,Linthead,glinthead8b@ucoz.ru,Male,Pakistan,1960/03/07
301,Byran,Bellefant,bbellefant8c@marriott.com,Male,Portugal,1979/03/24
302,Clyve,Laverock,claverock8d@zimbio.com,Male,Democratic Republic of the Congo,1982/08/13
303,Vasili,Mulvihill,vmulvihill8e@rambler.ru,Male,Brazil,1994/05/13
304,Raoul,McDermot,rmcdermot8f@ezinearticles.com,Male,Mayotte,1966/04/17
305,Erminia,McCraw,emccraw8g@nps.gov,Female,Indonesia,1994/02/03
306,Donn,Creebo,dcreebo8h@aol.com,Male,Indonesia,1997/02/20
307,Bernard,Slessor,bslessor8i@dion.ne.jp,Genderqueer,Portugal,1997/03/22
308,Glynnis,Reedy,greedy8j@chronoengine.com,Female,Tanzania,1951/11/15
309,Shane,MacKeever,smackeever8k@chron.com,Male,France,1965/05/11
310,Kristyn,Stormes,kstormes8l@ft.com,Female,Philippines,1959/08/18
311,Gallard,McGrady,gmcgrady8m@prnewswire.com,Male,China,1975/11/21
312,Vassili,Ackery,vackery8n@infoseek.co.jp,Male,China,1967/07/14
313,Sherm,Muncer,smuncer8o@liveinternet.ru,Male,Philippines,1990/02/09
314,Coral,McAline,cmcaline8p@wiley.com,Female,Sweden,1975/07/31
315,Veronika,Walbrook,vwalbrook8q@slashdot.org,Female,Norway,1972/06/21
316,Hilton,Maskew,hmaskew8r@xing.com,Male,Philippines,1998/10/17
317,Chas,McGaraghan,cmcgaraghan8s@hostgator.com,Agender,Greece,1957/05/07
318,Corny,Keggin,ckeggin8t@auda.org.au,Female,Iran,1980/07/09
319,Vera,Rivard,vrivard8u@prnewswire.com,Female,United Kingdom,1966/07/07
320,Kiley,Sighart,ksighart8v@jalbum.net,Bigender,Croatia,1989/12/12
321,Etienne,Couch,ecouch8w@e-recht24.de,Male,China,1990/12/28
322,Iain,Penas,ipenas8x@slideshare.net,Male,Russia,1979/06/08
323,Nikolos,Huddle,nhuddle8y@unc.edu,Male,China,1959/06/16
324,Rozalie,Ritmeyer,rritmeyer8z@forbes.com,Female,Indonesia,1998/04/25
325,Malena,Cham,mcham90@state.gov,Female,Japan,1978/08/01
326,Jerrome,Amberson,jamberson91@msn.com,Male,Russia,1954/05/25
327,Jody,Klugel,jklugel92@newsvine.com,Male,China,1978/04/05
328,Maribel,Westwater,mwestwater93@twitpic.com,Female,Netherlands,1996/04/23
329,Fionna,Higgonet,fhiggonet94@nbcnews.com,Female,China,1971/06/13
330,Smitty,Derges,sderges95@ocn.ne.jp,Male,Pakistan,1994/02/23
331,Herbie,Jirsa,hjirsa96@google.com,Male,Morocco,1990/11/27
332,Peyton,Di Angelo,pdiangelo97@nsw.gov.au,Male,Russia,1987/10/15
333,Tye,Klee,tklee98@theatlantic.com,Male,Czech Republic,1958/08/23
334,Carmelita,Loveitt,cloveitt99@businessinsider.com,Genderfluid,Canada,1952/08/17
335,Catlin,Laird,claird9a@fda.gov,Female,Finland,1957/04/05
336,Orren,Vollam,ovollam9b@cnbc.com,Genderfluid,Serbia,1968/11/28
337,Jacky,Pawlaczyk,jpawlaczyk9c@infoseek.co.jp,Female,Dominica,1973/10/14
338,Skip,Mayze,smayze9d@ft.com,Male,Belarus,1978/04/14
339,Lynde,Goodwill,lgoodwill9e@paypal.com,Polygender,Bolivia,1994/11/27
340,Lorrin,Baff,lbaff9f@furl.net,Female,Indonesia,1971/12/13
341,Heinrick,Belcher,hbelcher9g@newyorker.com,Male,Sweden,1966/02/05
342,Jamal,Topaz,jtopaz9h@who.int,Male,Sweden,1971/10/06
343,Dill,Isaacs,disaacs9i@about.me,Male,China,1991/11/20
344,Dorie,Milier,dmilier9j@stumbleupon.com,Male,Portugal,1971/05/29
345,Zara,Handlin,zhandlin9k@simplemachines.org,Female,Ukraine,1978/01/23
346,Delmer,Church,dchurch9l@cdbaby.com,Male,Argentina,1976/01/14
347,Thebault,Carbery,tcarbery9m@ibm.com,Male,Ukraine,1964/01/17
348,Damara,Surridge,dsurridge9n@yahoo.com,Female,China,1970/10/25
349,Crichton,MacCallion,cmaccallion9o@addtoany.com,Male,Cuba,1955/07/15
350,Myrna,Skarin,mskarin9p@photobucket.com,Genderqueer,Armenia,1997/05/13
351,Maurise,Flipsen,mflipsen9q@mediafire.com,Male,China,1963/12/17
352,Eveline,Owens,eowens9r@reverbnation.com,Female,China,1971/01/25
353,Maximilianus,Nealey,mnealey9s@uiuc.edu,Male,China,1969/07/01
354,Petrina,Watmore,pwatmore9t@vinaora.com,Female,Kenya,1953/05/31
355,Kipp,Pavitt,kpavitt9u@ibm.com,Female,Armenia,1994/02/01
356,Calvin,Mewett,cmewett9v@icq.com,Male,Russia,1953/02/20
357,Marmaduke,Hamal,mhamal9w@behance.net,Male,Canada,1963/12/26
358,Zacharie,Dechelette,zdechelette9x@hubpages.com,Genderqueer,Ecuador,1981/08/03
359,Perri,Lewis,plewis9y@nih.gov,Female,China,1990/05/12
360,Keir,De Souza,kdesouza9z@ca.gov,Male,Poland,1979/09/03
361,Georgia,Bicknell,gbicknella0@i2i.jp,Female,Russia,1972/01/28
362,Raleigh,Duckerin,rduckerina1@newyorker.com,Male,China,1952/06/06
363,Laetitia,Pietraszek,lpietraszeka2@cnn.com,Genderqueer,Philippines,1963/01/19
364,Noble,Marishenko,nmarishenkoa3@vkontakte.ru,Male,China,1983/11/16
365,Jeri,Allwood,jallwooda4@netscape.com,Female,Russia,1955/11/07
366,Demetrius,Furphy,dfurphya5@cargocollective.com,Male,Portugal,1967/12/28
367,Jodi,Tissell,jtissella6@dropbox.com,Male,China,1987/06/17
368,Mattheus,Whife,mwhifea7@hibu.com,Male,Portugal,1984/09/11
369,Timmy,O'Corrigane,tocorriganea8@soup.io,Female,Indonesia,1953/10/09
370,Jerrylee,Matuschek,jmatuscheka9@parallels.com,Female,Indonesia,1979/10/16
371,Purcell,Jeenes,pjeenesaa@sitemeter.com,Male,Guatemala,1959/12/01
372,Clare,Rizzello,crizzelloab@disqus.com,Male,Ukraine,1969/11/08
373,Yevette,Siaskowski,ysiaskowskiac@auda.org.au,Female,China,1997/11/08
374,Tim,Coggan,tcogganad@storify.com,Agender,France,1982/06/25
375,Luce,Cleminson,lcleminsonae@hc360.com,Female,Pakistan,1982/09/17
376,Bank,De Rye Barrett,bderyebarrettaf@cmu.edu,Male,Mexico,1988/01/24
377,Erl,Burghall,eburghallag@cbsnews.com,Male,China,1983/02/02
378,Marylin,Hartnup,mhartnupah@godaddy.com,Female,Somalia,1951/12/12
379,Maryjane,Mandry,mmandryai@fda.gov,Female,Poland,1984/03/28
380,Biddie,Kelner,bkelneraj@state.tx.us,Female,Greece,1956/01/21
381,Colman,Allonby,callonbyak@noaa.gov,Genderqueer,Albania,1966/12/24
382,Godwin,Mayze,gmayzeal@ehow.com,Male,Bulgaria,1976/11/11
383,Orville,Germaine,ogermaineam@chicagotribune.com,Male,China,1981/12/24
384,Alexio,MacRannell,amacrannellan@epa.gov,Genderqueer,Costa Rica,1968/10/17
385,Henka,Buston,hbustonao@china.com.cn,Female,Panama,1975/07/10
386,Blane,Franklyn,bfranklynap@house.gov,Male,U.S. Virgin Islands,1962/09/24
387,Cybil,Snowding,csnowdingaq@barnesandnoble.com,Agender,China,1965/03/14
388,Hube,Growy,hgrowyar@goo.gl,Male,Venezuela,1965/02/26
389,Susana,Bicheno,sbichenoas@huffingtonpost.com,Female,Czech Republic,1960/01/30
390,Arly,Teal,atealat@flavors.me,Female,Sri Lanka,2000/05/03
391,Dougy,Bedbury,dbedburyau@ycombinator.com,Male,Morocco,1990/05/21
392,Leslie,Paff,lpaffav@google.fr,Female,Serbia,1950/11/11
393,Irma,Abel,iabelaw@furl.net,Female,Indonesia,1999/08/24
394,Ansel,McSorley,amcsorleyax@nifty.com,Male,Poland,1991/12/24
395,Alexia,Kilkenny,akilkennyay@shop-pro.jp,Non-binary,Brazil,1977/01/21
396,Francesco,Wallwood,fwallwoodaz@technorati.com,Male,Sudan,1952/04/05
397,Bertina,Neggrini,bneggrinib0@163.com,Female,China,1952/06/14
398,Regan,Aartsen,raartsenb1@vistaprint.com,Female,Philippines,1990/03/14
399,Belle,Pashby,bpashbyb2@guardian.co.uk,Female,Argentina,1952/02/07
400,Tobias,Suddock,tsuddockb3@epa.gov,Male,Yemen,1960/09/20
401,Tracee,Jimes,tjimesb4@apache.org,Female,Philippines,1994/07/14
402,Andros,Haydon,ahaydonb5@yandex.ru,Male,Netherlands,1976/09/17
403,Dulcine,Heimes,dheimesb6@is.gd,Female,Indonesia,1989/12/22
404,Loella,Shotton,lshottonb7@jiathis.com,Female,Portugal,1996/02/20
405,Reidar,Taree,rtareeb8@vk.com,Male,China,1971/01/05
406,Nikolai,Ciccerale,ncicceraleb9@list-manage.com,Male,Sweden,1979/01/29
407,Ned,Cattach,ncattachba@google.com.hk,Male,China,1996/07/05
408,Alfreda,Andrejs,aandrejsbb@slate.com,Female,China,1973/12/28
409,Leroi,Labat,llabatbc@samsung.com,Male,Estonia,1994/01/22
410,Bendite,Hallbord,bhallbordbd@a8.net,Female,China,1973/07/21
411,Ofilia,Marquiss,omarquissbe@nymag.com,Female,Thailand,1979/02/16
412,Roland,Darwood,rdarwoodbf@hibu.com,Agender,Gambia,1962/02/22
413,Conrad,Longmuir,clongmuirbg@buzzfeed.com,Male,Poland,1964/01/09
414,Hallsy,Langstrath,hlangstrathbh@skype.com,Male,Costa Rica,1986/03/01
415,Zarla,Culy,zculybi@yellowpages.com,Female,Serbia,1959/03/07
416,Archer,Golton,agoltonbj@1688.com,Male,France,1989/02/13
417,Loise,Clavey,lclaveybk@vimeo.com,Female,Canada,1953/10/27
418,Inez,Bowles,ibowlesbl@cloudflare.com,Female,Thailand,1967/05/09
419,Ericha,Macura,emacurabm@storify.com,Female,Russia,1993/02/25
420,Nick,Glazebrook,nglazebrookbn@cbslocal.com,Male,China,1954/02/24
421,Brinn,Janu,bjanubo@smh.com.au,Female,Bosnia and Herzegovina,1968/07/20
422,Lawrence,Tumelty,ltumeltybp@apple.com,Male,Russia,1966/07/04
423,Philbert,Titlow,ptitlowbq@sun.com,Male,Philippines,1988/03/12
424,Cletus,Botly,cbotlybr@hostgator.com,Male,France,1961/04/04
425,Charlene,Livesey,cliveseybs@wunderground.com,Female,China,1986/01/07
426,Merissa,Futter,mfutterbt@cam.ac.uk,Female,France,1987/08/10
427,Sissy,Juliff,sjuliffbu@ustream.tv,Female,Argentina,1991/04/25
428,Dorie,Varlow,dvarlowbv@mashable.com,Male,Czech Republic,1961/08/10
429,Ansell,Lillywhite,alillywhitebw@joomla.org,Male,Japan,1977/11/12
430,Arnold,Barkhouse,abarkhousebx@etsy.com,Male,Chad,1958/10/04
431,Lora,Bossom,lbossomby@desdev.cn,Female,China,1987/02/04
432,Opal,Angeau,oangeaubz@alexa.com,Female,Albania,1967/07/13
433,Michail,Wilton,mwiltonc0@paginegialle.it,Male,Azerbaijan,1979/03/05
434,Odele,Tutchings,otutchingsc1@multiply.com,Female,Armenia,1996/10/16
435,Ignaz,Slay,islayc2@cmu.edu,Male,China,1974/01/03
436,Kirstyn,Cucinotta,kcucinottac3@webnode.com,Female,Poland,1951/11/24
437,Corine,Alday,caldayc4@quantcast.com,Female,Portugal,1994/04/14
438,Walther,Merman,wmermanc5@flickr.com,Male,Argentina,1971/06/12
439,Carolynn,Drinkel,cdrinkelc6@google.ru,Non-binary,Sweden,1961/05/16
440,Vaughn,Vaudre,vvaudrec7@engadget.com,Male,China,1975/07/03
441,Jeremy,Mapam,jmapamc8@epa.gov,Male,Sweden,1959/04/25
442,Adelind,Paule,apaulec9@addtoany.com,Female,Indonesia,1968/11/22
443,Carmelle,Buckler,cbucklerca@pcworld.com,Female,Afghanistan,1953/02/02
444,Aloisia,Slaten,aslatencb@google.it,Genderqueer,Guatemala,1962/02/21
445,Neilla,Josskoviz,njosskovizcc@stumbleupon.com,Female,Kenya,1965/02/24
446,Jules,Coomes,jcoomescd@usgs.gov,Male,China,1963/12/20
447,Corby,Joan,cjoance@fastcompany.com,Male,China,1976/09/16
448,Harlin,Crayden,hcraydencf@devhub.com,Male,Mozambique,1954/06/18
449,Artemus,Blois,abloiscg@bloglines.com,Male,China,1992/08/06
450,Kassandra,Fynes,kfynesch@privacy.gov.au,Female,Philippines,1968/10/01
451,Celinka,Buddell,cbuddellci@cyberchimps.com,Female,Finland,1981/05/04
452,Karisa,Drought,kdroughtcj@scribd.com,Female,China,1992/04/25
453,Maressa,Molder,mmolderck@weather.com,Female,Brazil,1973/01/25
454,Michele,Meigh,mmeighcl@purevolume.com,Non-binary,Poland,1958/06/23
455,Phip,Woolgar,pwoolgarcm@squarespace.com,Non-binary,France,1985/05/20
456,Jeniece,Royden,jroydencn@csmonitor.com,Female,China,1963/04/03
457,Claribel,Vandenhoff,cvandenhoffco@sun.com,Female,China,1997/05/27
458,Roland,Weakley,rweakleycp@t.co,Male,China,1984/12/24
459,Joyous,Bourchier,jbourchiercq@earthlink.net,Female,Armenia,1985/01/01
460,Clo,Rottger,crottgercr@bloglovin.com,Female,Indonesia,1955/12/08
461,Edna,Fenning,efenningcs@blogs.com,Female,Brazil,1975/09/30
462,Kent,Evenett,kevenettct@va.gov,Male,Kazakhstan,1958/04/16
463,Constantine,Keaysell,ckeaysellcu@addthis.com,Male,Czech Republic,1995/07/12
464,Marja,McFarland,mmcfarlandcv@cpanel.net,Female,Brazil,1985/02/28
465,Sunny,McComish,smccomishcw@cmu.edu,Female,Philippines,1990/03/14
466,Gaston,Waby,gwabycx@tinyurl.com,Male,Portugal,1980/05/28
467,Harmonie,Drever,hdrevercy@smugmug.com,Female,Philippines,1987/10/26
468,Ernesto,Meers,emeerscz@dot.gov,Male,Poland,1978/02/16
469,Antonino,Trenfield,atrenfieldd0@google.pl,Male,Philippines,1982/03/02
470,Liliane,Westcar,lwestcard1@nationalgeographic.com,Female,China,1979/08/29
471,Darrin,Oxtarby,doxtarbyd2@shareasale.com,Male,Bosnia and Herzegovina,1984/09/20
472,Frants,Glyssanne,fglyssanned3@ted.com,Male,China,1973/04/04
473,Filmer,Baldazzi,fbaldazzid4@wsj.com,Polygender,Nigeria,1981/01/01
474,Joyous,Morican,jmoricand5@netvibes.com,Female,Philippines,1952/06/08
475,Nils,Drogan,ndrogand6@nature.com,Male,Ukraine,1961/03/01
476,Claudine,Peckitt,cpeckittd7@live.com,Female,Portugal,1978/05/13
477,Mavra,Lillywhite,mlillywhited8@pcworld.com,Female,China,1984/09/28
478,Clevey,Gourdon,cgourdond9@example.com,Agender,China,1979/03/14
479,Lowrance,Coulter,lcoulterda@wikipedia.org,Male,Ukraine,1975/12/31
480,Hedi,Speller,hspellerdb@who.int,Female,Nicaragua,1985/09/25
481,Denver,Insworth,dinsworthdc@goodreads.com,Male,China,1953/06/27
482,Homere,Cours,hcoursdd@admin.ch,Male,Greece,1951/08/01
483,Leodora,McQuarter,lmcquarterde@paypal.com,Female,Argentina,1965/04/26
484,Thomasin,Mabey,tmabeydf@census.gov,Female,France,1998/09/10
485,Markus,Spencley,mspencleydg@wp.com,Male,China,1999/03/09
486,Maxwell,Demead,mdemeaddh@paginegialle.it,Male,China,1991/03/04
487,Reine,Dellatorre,rdellatorredi@soup.io,Genderqueer,Afghanistan,1964/02/16
488,Charmane,Dollard,cdollarddj@twitpic.com,Female,China,1951/05/03
489,Rolfe,Quinnet,rquinnetdk@examiner.com,Male,China,1989/05/18
490,Vivi,Trace,vtracedl@nydailynews.com,Female,New Zealand,2000/10/02
491,Wilfred,Rains,wrainsdm@phpbb.com,Male,Kenya,1997/08/23
492,Brennan,Templeton,btempletondn@youku.com,Male,Indonesia,1995/07/05
493,Brendin,Tigwell,btigwelldo@deviantart.com,Bigender,Russia,1960/04/15
494,Ariela,Maffucci,amaffuccidp@geocities.com,Female,Russia,1988/06/10
495,Adams,Abbiss,aabbissdq@ycombinator.com,Male,Japan,1967/06/13
496,Amalita,Cowtherd,acowtherddr@flavors.me,Female,China,1953/11/29
497,Corbett,Bellingham,cbellinghamds@cargocollective.com,Male,Bolivia,1961/09/18
498,Violante,Rostern,vrosterndt@ebay.com,Female,Czech Republic,1966/06/30
499,Libbi,Aslin,laslindu@list-manage.com,Female,China,1990/07/03
500,Arnaldo,Stearley,astearleydv@cdc.gov,Male,Latvia,1984/01/04
501,Ivie,Foulkes,ifoulkesdw@youtu.be,Female,Vietnam,1985/05/10
502,Zorina,Bumfrey,zbumfreydx@gizmodo.com,Female,Brazil,1975/04/16
503,Emmanuel,Biles,ebilesdy@apple.com,Male,Finland,1971/06/13
504,Reuben,Keenan,rkeenandz@unblog.fr,Male,China,1955/09/03
505,Fred,Ethridge,fethridgee0@bravesites.com,Female,China,1967/10/02
506,Davie,Coulton,dcoultone1@themeforest.net,Male,Indonesia,1997/09/16
507,Quinlan,Lawtie,qlawtiee2@craigslist.org,Male,Peru,1978/10/01
508,Buddy,Apdell,bapdelle3@statcounter.com,Male,Netherlands,1976/02/14
509,Gerri,Castagne,gcastagnee4@ted.com,Male,China,1958/08/15
510,Urbano,Howse,uhowsee5@cbc.ca,Male,China,1990/03/04
511,Tyrus,Eddy,teddye6@linkedin.com,Male,Thailand,1954/03/02
512,Carmencita,Brittian,cbrittiane7@time.com,Female,China,1969/06/05
513,Meggy,Flanigan,mflanigane8@walmart.com,Female,Nigeria,1989/12/29
514,Sigismundo,Mogenot,smogenote9@msn.com,Male,Philippines,1980/02/14
515,Edd,Pardi,epardiea@independent.co.uk,Male,United States,1988/03/24
516,Gillian,Laxtonne,glaxtonneeb@house.gov,Female,Lesotho,1964/02/09
517,Abeu,Byass,abyassec@vkontakte.ru,Male,Poland,1975/01/13
518,Silvain,Gale,sgaleed@usa.gov,Male,Kenya,1964/03/09
519,Teri,Noades,tnoadesee@yale.edu,Female,China,1998/07/27
520,Carmella,Cluderay,ccluderayef@mediafire.com,Female,Indonesia,1996/10/12
521,Ezra,Roussel,erousseleg@meetup.com,Male,Brazil,1969/05/12
522,Shirlee,Calcutt,scalcutteh@unblog.fr,Female,Ukraine,1994/12/17
523,Stinky,Kaszper,skaszperei@wiley.com,Male,Spain,1981/08/30
524,Camille,Marciskewski,cmarciskewskiej@github.io,Female,Senegal,1987/11/01
525,Brig,Pellingar,bpellingarek@washington.edu,Male,Russia,1968/10/31
526,Karlis,Lomath,klomathel@cafepress.com,Male,China,1974/03/31
527,Gale,Larcombe,glarcombeem@forbes.com,Female,China,1974/11/24
528,Sybila,Hill,shillen@ovh.net,Female,China,1992/08/30
529,Ernie,Merrisson,emerrissoneo@goo.ne.jp,Male,Uganda,1964/03/06
530,Erinna,Dobbie,edobbieep@amazon.co.uk,Female,China,1979/09/28
531,Farris,Fulks,ffulkseq@illinois.edu,Male,China,1956/06/09
532,Standford,Biagi,sbiagier@mapy.cz,Male,Philippines,1983/04/08
533,Viki,Swiffin,vswiffines@cdc.gov,Female,Sweden,1974/08/07
534,Otho,Sharples,osharpleset@jugem.jp,Male,Sweden,1957/10/16
535,Sauncho,Tancock,stancockeu@mac.com,Male,France,1952/04/20
536,Darrelle,Jakobssen,djakobssenev@wunderground.com,Polygender,Mexico,1966/05/11
537,Brewster,Leckie,bleckieew@google.ru,Male,Norway,1969/10/24
538,Miles,Beeho,mbeehoex@feedburner.com,Male,Poland,1965/03/26
539,Tracy,Smalles,tsmallesey@ow.ly,Male,Peru,2000/02/24
540,Des,Priver,dpriverez@chron.com,Bigender,Venezuela,1979/04/18
541,Shannah,Halfhyde,shalfhydef0@boston.com,Female,Ukraine,1960/12/31
542,Roderigo,Brotherhood,rbrotherhoodf1@youku.com,Male,Tunisia,1994/03/21
543,Hagan,Hickisson,hhickissonf2@berkeley.edu,Agender,New Caledonia,1987/10/12
544,L;urette,Horstead,lhorsteadf3@cam.ac.uk,Female,Macedonia,1956/07/12
545,Jaquelyn,Nibloe,jnibloef4@mayoclinic.com,Female,China,1989/05/05
546,Antonino,Yon,ayonf5@deviantart.com,Agender,China,1982/01/05
547,Vance,Philipps,vphilippsf6@clickbank.net,Male,Paraguay,1995/02/17
548,Gay,Gherarducci,ggherarduccif7@t.co,Female,United States,1983/07/27
549,Ossie,Golightly,ogolightlyf8@google.com.br,Male,Angola,1992/02/16
550,Sholom,Scrowston,sscrowstonf9@ebay.co.uk,Male,Ukraine,1990/03/20
551,Ronny,Betham,rbethamfa@oakley.com,Male,Kazakhstan,1996/09/19
552,Dorris,Bridgstock,dbridgstockfb@cdbaby.com,Female,Philippines,1958/11/01
553,Mick,Linney,mlinneyfc@archive.org,Male,Peru,1968/04/22
554,Tybalt,Murrie,tmurriefd@diigo.com,Male,Democratic Republic of the Congo,1956/03/07
555,Shantee,Ferryn,sferrynfe@springer.com,Agender,France,1998/07/08
556,Leicester,Chadwyck,lchadwyckff@webs.com,Male,Paraguay,1957/11/26
557,Sigismund,Willavize,swillavizefg@usa.gov,Male,France,1989/02/22
558,Omero,Lathan,olathanfh@senate.gov,Male,China,1988/09/04
559,Tedman,Imrie,timriefi@dailymotion.com,Male,Russia,1995/07/06
560,Matthew,Pyvis,mpyvisfj@weather.com,Non-binary,China,1960/12/04
561,Filberte,Tabram,ftabramfk@wix.com,Male,Brazil,1955/12/09
562,Hughie,Brownsea,hbrownseafl@cafepress.com,Male,Portugal,1992/11/11
563,Mehetabel,Mingo,mmingofm@nasa.gov,Female,United States,1969/04/27
564,Guenevere,Seemmonds,gseemmondsfn@nba.com,Female,Japan,1993/09/28
565,Efren,Ochterlony,eochterlonyfo@photobucket.com,Male,France,1998/03/08
566,Greg,Salliss,gsallissfp@tinyurl.com,Male,Greece,1972/11/09
567,Virginie,Kelland,vkellandfq@oracle.com,Female,Russia,1996/07/17
568,Marcelline,Henryson,mhenrysonfr@webmd.com,Female,China,1951/07/18
569,Lurette,Oxenbury,loxenburyfs@jugem.jp,Female,Thailand,1960/11/10
570,Ellsworth,Giovanazzi,egiovanazzift@webmd.com,Male,China,1980/06/01
571,Waverley,Fishlock,wfishlockfu@smh.com.au,Male,Philippines,1966/09/07
572,Creight,Dufoure,cdufourefv@unc.edu,Male,China,1974/11/01
573,Alta,Huerta,ahuertafw@mail.ru,Female,Latvia,1975/06/27
574,Jud,Skeldinge,jskeldingefx@patch.com,Male,Canada,1957/10/12
575,Gillan,Smead,gsmeadfy@free.fr,Female,Portugal,1955/12/27
576,Morse,Newey,mneweyfz@artisteer.com,Male,Indonesia,1992/01/22
577,Edyth,Woolvin,ewoolving0@e-recht24.de,Agender,France,1985/12/07
578,Raymond,Gemson,rgemsong1@geocities.jp,Male,China,1977/05/22
579,Ingmar,Bernuzzi,ibernuzzig2@mail.ru,Male,China,1987/01/21
580,Pamella,Medina,pmedinag3@foxnews.com,Female,Colombia,1993/09/27
581,Gavan,MacAndie,gmacandieg4@economist.com,Male,Poland,1959/11/25
582,Kylie,Trathen,ktratheng5@yellowbook.com,Male,Czech Republic,1970/09/27
583,Christiano,Okey,cokeyg6@tmall.com,Male,Venezuela,1968/04/25
584,Marty,Goschalk,mgoschalkg7@tinypic.com,Female,Philippines,1992/08/15
585,Bartolomeo,Treneer,btreneerg8@miibeian.gov.cn,Male,China,1993/03/23
586,Floris,Dominec,fdominecg9@soundcloud.com,Female,North Korea,1986/01/05
587,Jonell,Lampke,jlampkega@who.int,Female,Croatia,1981/06/18
588,Dennie,Lygoe,dlygoegb@utexas.edu,Non-binary,Honduras,1978/12/04
589,Rich,Kleinert,rkleinertgc@gmpg.org,Genderfluid,China,1992/12/20
590,Rosabella,Roby,rrobygd@unc.edu,Female,Indonesia,1958/10/29
591,Aurel,Patnelli,apatnellige@ameblo.jp,Female,Israel,1990/06/12
592,Lauralee,Pritchard,lpritchardgf@rakuten.co.jp,Female,France,1960/01/16
593,Cirilo,Boliver,cbolivergg@tripadvisor.com,Male,France,1985/05/02
594,Hagen,Scholcroft,hscholcroftgh@opera.com,Male,Russia,1993/12/19
595,Helli,Dorcey,hdorceygi@theguardian.com,Female,China,1986/08/26
596,Tudor,Spiring,tspiringgj@biglobe.ne.jp,Male,Nigeria,1972/01/21
597,Flori,Alsop,falsopgk@plala.or.jp,Female,Russia,1953/07/24
598,Diego,Hardson,dhardsongl@wiley.com,Male,Czech Republic,1965/08/05
599,Janna,Riddich,jriddichgm@facebook.com,Female,Philippines,1973/01/16
600,Mari,Folan,mfolangn@unesco.org,Genderqueer,Poland,1986/09/24
601,Ariadne,Boutton,abouttongo@amazon.de,Genderqueer,Philippines,1997/05/22
602,Vina,Munehay,vmunehaygp@phpbb.com,Female,Indonesia,1955/08/21
603,Regen,Derby,rderbygq@stanford.edu,Male,Belarus,1963/12/23
604,Hyacinth,Knutton,hknuttongr@google.com.hk,Female,Indonesia,1967/08/09
605,Adiana,Fewster,afewstergs@addtoany.com,Female,Poland,1976/08/25
606,Darlene,Boissier,dboissiergt@cpanel.net,Female,Philippines,1962/09/16
607,Georgeanna,Kenny,gkennygu@pinterest.com,Female,Brazil,1999/09/04
608,Brandy,Cicchitello,bcicchitellogv@e-recht24.de,Female,China,1964/07/23
609,Raffaello,Delamaine,rdelamainegw@gizmodo.com,Male,Colombia,1987/06/24
610,Marshal,Giraldon,mgiraldongx@disqus.com,Male,Japan,1971/03/30
611,Daryn,King,dkinggy@weebly.com,Female,China,1955/10/05
612,Wilmar,Rosencwaig,wrosencwaiggz@guardian.co.uk,Male,Portugal,1982/05/02
613,Kingsley,Osmint,kosminth0@japanpost.jp,Male,Canada,1960/06/16
614,Dare,Dunphy,ddunphyh1@pen.io,Male,Brazil,1979/02/25
615,Chere,Lamball,clamballh2@lulu.com,Female,China,1960/09/20
616,Agustin,Swin,aswinh3@youtu.be,Male,Finland,1985/06/01
617,Tabina,Bechley,tbechleyh4@reddit.com,Female,China,1975/07/29
618,Randee,Laughren,rlaughrenh5@ehow.com,Female,Philippines,1966/02/20
619,Lisa,Shillam,lshillamh6@opensource.org,Female,Philippines,1958/12/22
620,Rene,Nornasell,rnornasellh7@irs.gov,Female,China,1971/07/16
621,Arnaldo,Bergstram,abergstramh8@bigcartel.com,Male,Russia,1957/04/26
622,Cordie,Dunlap,cdunlaph9@mashable.com,Female,Iran,1997/04/16
623,Welsh,Sloegrave,wsloegraveha@yahoo.co.jp,Male,Zambia,1998/07/29
624,Hartwell,Angove,hangovehb@redcross.org,Male,China,1987/04/16
625,Siouxie,Baldacchi,sbaldacchihc@exblog.jp,Female,Sweden,1956/03/10
626,Jamey,Axten,jaxtenhd@shutterfly.com,Male,Czech Republic,1970/11/07
627,Frederich,Boler,fbolerhe@weebly.com,Male,China,1990/03/02
628,Sheena,Morhall,smorhallhf@google.com.au,Female,United States,1990/02/28
629,Salome,Yurshev,syurshevhg@tamu.edu,Female,China,1969/03/02
630,Emelda,Younie,eyouniehh@google.ca,Female,Egypt,1957/09/26
631,Wynny,Stollsteimer,wstollsteimerhi@apple.com,Female,Brazil,1962/01/23
632,Yuri,Reubel,yreubelhj@samsung.com,Male,Pakistan,1956/01/31
633,Mady,Edmondson,medmondsonhk@people.com.cn,Female,Thailand,1957/08/07
634,Daphna,Sterling,dsterlinghl@cocolog-nifty.com,Female,Indonesia,1977/03/30
635,Torie,Mossdale,tmossdalehm@aol.com,Female,China,1974/08/28
636,Kimble,Eayrs,keayrshn@a8.net,Male,Ukraine,1971/01/13
637,Ruttger,Stivani,rstivaniho@mail.ru,Male,Portugal,1951/12/01
638,Nonie,Tuckett,ntucketthp@about.me,Female,Finland,1992/02/19
639,Ali,Canti,acantihq@cornell.edu,Male,Indonesia,1973/03/11
640,Kate,Judgkins,kjudgkinshr@microsoft.com,Female,Indonesia,1983/06/17
641,Dorelle,Swetland,dswetlandhs@posterous.com,Female,Portugal,1991/11/17
642,Gianna,Robens,grobensht@stumbleupon.com,Female,Sweden,1994/08/29
643,Josselyn,Cockram,jcockramhu@reverbnation.com,Female,China,1998/08/28
644,Verene,Sheringham,vsheringhamhv@hud.gov,Female,France,1986/11/17
645,Ethelyn,McWaters,emcwatershw@bizjournals.com,Female,Russia,1952/09/29
646,Brandy,Goneau,bgoneauhx@slideshare.net,Male,Palestinian Territory,1954/05/24
647,Anson,Lewerenz,alewerenzhy@spotify.com,Male,Japan,1969/04/25
648,Paloma,Skipworth,pskipworthhz@answers.com,Female,Philippines,1976/07/02
649,Jeffry,Brisbane,jbrisbanei0@google.com.hk,Male,Philippines,1983/12/11
650,Dov,Chater,dchateri1@seattletimes.com,Male,Indonesia,1951/09/09
651,Patrica,Jinkinson,pjinkinsoni2@mediafire.com,Female,China,1984/01/01
652,Alayne,Malpas,amalpasi3@usgs.gov,Female,Indonesia,1961/02/27
653,Leonardo,Gonoude,lgonoudei4@phoca.cz,Male,Venezuela,1983/12/24
654,Patrice,Claesens,pclaesensi5@zdnet.com,Male,Afghanistan,1999/02/20
655,Deeann,Townby,dtownbyi6@baidu.com,Female,China,1974/11/26
656,De,Janowicz,djanowiczi7@delicious.com,Female,Argentina,1958/07/03
657,Cello,Antoszczyk,cantoszczyki8@unblog.fr,Male,Russia,2000/06/21
658,Costa,Ragborne,cragbornei9@bizjournals.com,Male,Brazil,1952/05/10
659,Liesa,Peschet,lpeschetia@google.pl,Female,Macedonia,1972/06/19
660,Ashil,Crellin,acrellinib@google.de,Female,Russia,1960/02/03
661,Teddi,Westmarland,twestmarlandic@miibeian.gov.cn,Female,Peru,1993/11/19
662,Reinald,Hinemoor,rhinemoorid@uiuc.edu,Male,France,1974/08/15
663,Averell,Luchetti,aluchettiie@wiley.com,Male,Russia,1996/11/07
664,Sascha,Boutell,sboutellif@bbc.co.uk,Non-binary,Philippines,1995/01/08
665,Gardner,Griss,ggrissig@java.com,Male,China,1975/06/30
666,Hazel,Weyman,hweymanih@boston.com,Male,Nepal,1992/02/21
667,Ewart,Seabright,eseabrightii@reuters.com,Male,Poland,1960/08/31
668,Hyatt,Roskell,hroskellij@vinaora.com,Genderqueer,Brazil,1976/07/10
669,Cort,Duffan,cduffanik@newyorker.com,Male,Indonesia,1966/06/19
670,Ashley,Farrier,afarrieril@yelp.com,Female,China,1999/03/04
671,Luther,Milvarnie,lmilvarnieim@furl.net,Male,Russia,1987/10/05
672,Bel,Gallo,bgalloin@dot.gov,Polygender,Paraguay,1966/05/18
673,Diana,Gurnay,dgurnayio@google.co.uk,Female,France,1986/07/28
674,Merry,Trippitt,mtrippittip@kickstarter.com,Male,China,1990/02/07
675,Vida,Hold,vholdiq@amazon.co.uk,Female,China,1993/11/08
676,Kaitlin,Fritzer,kfritzerir@unesco.org,Female,Indonesia,1994/04/05
677,Lizette,Vasiliev,lvasilievis@paginegialle.it,Female,China,1998/07/04
678,Ammamaria,Macak,amacakit@guardian.co.uk,Female,China,1978/10/11
679,Calley,Dudney,cdudneyiu@tuttocitta.it,Female,Slovenia,1984/11/17
680,Devy,Hassan,dhassaniv@java.com,Male,Tajikistan,1982/05/07
681,Carlene,Braam,cbraamiw@theglobeandmail.com,Non-binary,Mexico,1973/12/11
682,Moshe,McGillreich,mmcgillreichix@elpais.com,Male,Northern Mariana Islands,1954/05/29
683,Jacquenetta,Van Ross,jvanrossiy@census.gov,Female,Bosnia and Herzegovina,1996/08/11
684,Kimberli,Lasham,klashamiz@google.pl,Female,Nigeria,1966/05/08
685,Errol,Chesley,echesleyj0@yandex.ru,Genderfluid,Poland,1973/12/04
686,Bendicty,Andino,bandinoj1@wisc.edu,Male,Sweden,1996/05/14
687,Rutger,Fogel,rfogelj2@over-blog.com,Male,Russia,1954/11/30
688,Bernardo,Denny,bdennyj3@furl.net,Male,Belarus,1955/07/03
689,Cross,Salmond,csalmondj4@wisc.edu,Genderqueer,Philippines,1958/04/13
690,Barbi,Sloat,bsloatj5@nymag.com,Female,Uzbekistan,1993/06/09
691,Carree,Mewis,cmewisj6@timesonline.co.uk,Female,Syria,1959/08/18
692,Petey,Whyman,pwhymanj7@instagram.com,Male,Poland,1981/07/02
693,Charles,Reimer,creimerj8@mail.ru,Male,Indonesia,1958/12/30
694,Hashim,Halvorsen,hhalvorsenj9@so-net.ne.jp,Male,Sweden,1959/11/13
695,Skylar,Earthfield,searthfieldja@geocities.jp,Male,Serbia,2000/05/19
696,Tymothy,Petre,tpetrejb@usa.gov,Male,Argentina,1976/01/13
697,Shelbi,Gecks,sgecksjc@sourceforge.net,Female,Finland,1972/12/14
698,Robinson,Peachman,rpeachmanjd@webnode.com,Genderfluid,Brazil,1978/01/03
699,Livia,Derby,lderbyje@wikispaces.com,Female,Thailand,1965/05/11
700,Avictor,Kiehne,akiehnejf@qq.com,Male,Philippines,1999/03/17
701,Ward,Birchett,wbirchettjg@seattletimes.com,Male,Poland,1970/01/27
702,Timmi,Grewes,tgrewesjh@disqus.com,Female,France,1954/06/30
703,Gustave,Gillanders,ggillandersji@fda.gov,Male,Poland,1995/07/09
704,Kala,Bargh,kbarghjj@umn.edu,Female,Cape Verde,1974/02/10
705,Gena,Follacaro,gfollacarojk@discovery.com,Genderfluid,Philippines,1956/04/13
706,Ellene,Bridle,ebridlejl@cargocollective.com,Non-binary,Iran,1959/05/05
707,Mitchael,Mixhel,mmixheljm@exblog.jp,Male,Indonesia,1988/07/17
708,Petrina,Slegg,psleggjn@bloglovin.com,Female,Ukraine,1982/12/13
709,Sasha,Brandrick,sbrandrickjo@prnewswire.com,Male,Croatia,1952/10/22
710,Paule,Lightwing,plightwingjp@whitehouse.gov,Female,Poland,1974/09/09
711,Hildagard,Ricket,hricketjq@fda.gov,Female,Japan,1953/02/08
712,Quent,Ivashchenko,qivashchenkojr@oracle.com,Male,Poland,1980/05/05
713,Shea,Harnes,sharnesjs@indiatimes.com,Female,Indonesia,1968/05/19
714,Pippo,Chitson,pchitsonjt@kickstarter.com,Bigender,Finland,1983/01/31
715,Henrieta,Camelia,hcameliaju@google.pl,Female,China,1989/08/13
716,Delcina,Cuardall,dcuardalljv@google.com.br,Female,Mexico,1974/09/23
717,Nariko,Pennyman,npennymanjw@yelp.com,Female,China,1968/05/23
718,Nolan,Emblin,nemblinjx@arizona.edu,Male,Portugal,1997/07/26
719,Olivia,Benet,obenetjy@mysql.com,Female,Philippines,1997/10/04
720,Stephani,Palfreyman,spalfreymanjz@marriott.com,Genderqueer,Philippines,1995/03/08
721,Marcellus,Gauntlett,mgauntlettk0@biblegateway.com,Male,Thailand,1964/01/21
722,Clarance,Wadmore,cwadmorek1@harvard.edu,Male,Poland,1969/12/06
723,Jozef,Utton,juttonk2@microsoft.com,Male,China,1990/06/06
724,Cristi,Morrice,cmorricek3@ft.com,Genderfluid,Indonesia,1973/01/05
725,Calli,Bewfield,cbewfieldk4@engadget.com,Female,China,1958/03/30
726,Rudd,Morais,rmoraisk5@over-blog.com,Male,Poland,1960/08/25
727,Darius,Onions,donionsk6@live.com,Male,China,1982/03/22
728,Pepita,Gaitskell,pgaitskellk7@dell.com,Female,Japan,1961/05/15
729,Eulalie,Bodechon,ebodechonk8@redcross.org,Female,Indonesia,1996/03/09
730,Phip,Mulhill,pmulhillk9@marriott.com,Male,Sweden,1964/11/13
731,Carlie,Cast,ccastka@paypal.com,Male,Colombia,1967/02/08
732,Bertie,MacMechan,bmacmechankb@soundcloud.com,Female,China,1969/10/07
733,Terri-jo,Tregensoe,ttregensoekc@nps.gov,Female,Finland,1991/02/10
734,Hubie,Daines,hdaineskd@pinterest.com,Male,China,1991/06/06
735,Karole,Imesen,kimesenke@sitemeter.com,Female,Argentina,1993/06/07
736,Chrisy,Darley,cdarleykf@cloudflare.com,Male,Russia,1958/10/28
737,Kearney,Scottesmoor,kscottesmoorkg@craigslist.org,Male,Brazil,1992/11/05
738,Catlin,Maffucci,cmaffuccikh@skyrock.com,Female,China,1995/11/24
739,Emyle,Count,ecountki@msn.com,Non-binary,Albania,1973/08/24
740,Devland,Lasham,dlashamkj@csmonitor.com,Male,Norway,1953/08/08
741,Ber,McKinlay,bmckinlaykk@diigo.com,Male,Afghanistan,1964/04/19
742,Prue,Edgecombe,pedgecombekl@amazonaws.com,Female,France,1987/06/02
743,Florina,Wildash,fwildashkm@xinhuanet.com,Female,Peru,1993/12/28
744,Branden,Callf,bcallfkn@eventbrite.com,Male,Peru,1966/05/09
745,Denver,Macbane,dmacbaneko@google.de,Male,China,1996/01/30
746,Cello,Barroux,cbarrouxkp@latimes.com,Male,China,1967/04/09
747,Lorri,Quinnette,lquinnettekq@chron.com,Female,China,1959/01/13
748,Dave,Davidowsky,ddavidowskykr@msu.edu,Male,Japan,1977/07/20
749,Drake,Paterno,dpaternoks@ow.ly,Male,Indonesia,1981/01/23
750,Halsy,Pagel,hpagelkt@dyndns.org,Male,Democratic Republic of the Congo,1994/12/05
751,Theo,Sokell,tsokellku@si.edu,Female,China,1960/10/03
752,Melicent,Tollit,mtollitkv@angelfire.com,Female,Russia,1966/06/14
753,Maynord,Flay,mflaykw@ning.com,Polygender,Libya,2000/05/01
754,Kissee,Ferbrache,kferbrachekx@vinaora.com,Female,Mauritius,1976/03/02
755,Reiko,Seel,rseelky@unblog.fr,Polygender,China,1995/04/14
756,Justine,Heggadon,jheggadonkz@time.com,Female,Greece,1999/03/03
757,Park,Seydlitz,pseydlitzl0@youku.com,Male,Greece,2000/07/25
758,Tallie,Thay,tthayl1@sina.com.cn,Female,Latvia,1983/12/22
759,Hunter,Swancott,hswancottl2@usatoday.com,Male,France,1955/02/09
760,Idalia,Grassick,igrassickl3@uol.com.br,Female,Canada,1989/12/17
761,Evelin,MacKimmie,emackimmiel4@google.com.au,Male,Brazil,1967/11/17
762,Silvain,Kachel,skachell5@dropbox.com,Male,Portugal,1964/02/13
763,Talya,Arnall,tarnalll6@phoca.cz,Female,Mauritius,1960/10/02
764,Terri-jo,Buret,tburetl7@ucoz.ru,Female,Czech Republic,1997/10/07
765,Aura,Loache,aloachel8@newyorker.com,Female,Argentina,1968/01/02
766,Rodolph,Dehmel,rdehmell9@npr.org,Male,Botswana,1965/02/05
767,Mareah,Cobbe,mcobbela@unc.edu,Female,Argentina,1994/08/17
768,Bryana,Gawkroge,bgawkrogelb@imgur.com,Female,Philippines,1980/12/21
769,Sheri,Bridgens,sbridgenslc@flickr.com,Non-binary,Indonesia,1972/10/29
770,Lynde,Physick,lphysickld@china.com.cn,Female,China,1996/12/21
771,Perice,Kebell,pkebellle@usatoday.com,Male,United States,1978/11/15
772,Caralie,Briztman,cbriztmanlf@thetimes.co.uk,Female,France,1968/04/21
773,Brier,Bussel,bbussellg@paypal.com,Female,Philippines,1953/12/13
774,Clarissa,Blaes,cblaeslh@weibo.com,Female,China,1981/09/26
775,Brendon,Pahl,bpahlli@toplist.cz,Male,Brazil,1961/02/08
776,Conn,Murtell,cmurtelllj@disqus.com,Male,France,1977/10/15
777,Karol,Imm,kimmlk@geocities.jp,Agender,China,1994/02/23
778,Claudio,Wardlaw,cwardlawll@goodreads.com,Male,Poland,1961/07/29
779,Langston,Gilhooley,lgilhooleylm@europa.eu,Male,Finland,1969/03/15
780,Woodman,Capsey,wcapseyln@businesswire.com,Male,China,1960/11/21
781,Sophey,Langthorn,slangthornlo@weibo.com,Female,Argentina,1953/03/27
782,Damita,Boas,dboaslp@nih.gov,Polygender,Madagascar,1971/10/24
783,Gianni,Sackes,gsackeslq@weebly.com,Male,Portugal,1982/04/05
784,Benji,Kinnett,bkinnettlr@nyu.edu,Male,Indonesia,1987/05/06
785,Rriocard,Mathou,rmathouls@acquirethisname.com,Male,Colombia,1996/05/24
786,Sharla,Gillanders,sgillanderslt@rambler.ru,Female,Philippines,1957/01/08
787,Rosalind,Bleasdale,rbleasdalelu@dot.gov,Female,Uzbekistan,1995/04/03
788,Fulvia,Clemett,fclemettlv@ihg.com,Female,Brazil,1985/05/10
789,Gerta,Davidman,gdavidmanlw@shinystat.com,Non-binary,Yemen,1992/07/09
790,Guthrey,Kitchin,gkitchinlx@multiply.com,Male,Lesotho,1985/12/02
791,Janith,Sante,jsantely@networkadvertising.org,Female,China,1994/07/01
792,Lin,Vossing,lvossinglz@ning.com,Agender,Nigeria,1999/04/02
793,Neille,Cossington,ncossingtonm0@1und1.de,Female,Indonesia,1975/03/17
794,Guillemette,Carlton,gcarltonm1@globo.com,Female,Russia,1970/01/19
795,Marsh,Whitehorne,mwhitehornem2@state.gov,Male,United States,1979/08/10
796,Cassaundra,Hicklingbottom,chicklingbottomm3@earthlink.net,Agender,Indonesia,1986/12/31
797,Abra,Dabbs,adabbsm4@sphinn.com,Female,Indonesia,1996/04/05
798,Noe,Byrkmyr,nbyrkmyrm5@timesonline.co.uk,Genderfluid,Jamaica,1998/01/21
799,Sebastian,McGeever,smcgeeverm6@uiuc.edu,Male,Pakistan,1954/10/01
800,Emelen,Vasilyevski,evasilyevskim7@symantec.com,Male,Brazil,1978/11/07
801,Carey,Madill,cmadillm8@amazon.de,Male,Peru,1974/09/24
802,Staford,Such,ssuchm9@icq.com,Male,Portugal,1993/10/22
803,Marcia,Sheryn,msherynma@facebook.com,Female,Indonesia,1980/07/05
804,Jo ann,Galiero,jgalieromb@w3.org,Female,Gambia,1967/02/15
805,Tiertza,Lambrick,tlambrickmc@e-recht24.de,Female,Philippines,1978/06/23
806,Saxon,Colhoun,scolhounmd@slideshare.net,Male,Indonesia,1985/07/29
807,Rae,Dixie,rdixieme@phoca.cz,Female,China,1959/03/31
808,Ariela,Clutheram,aclutherammf@deliciousdays.com,Female,Peru,1972/06/03
809,Selle,Attle,sattlemg@eventbrite.com,Female,Nigeria,1993/12/17
810,Jean,Liebermann,jliebermannmh@ifeng.com,Female,China,1969/04/21
811,Gan,Adamsson,gadamssonmi@shareasale.com,Male,China,1966/09/06
812,Sigismondo,Cliburn,scliburnmj@w3.org,Male,Indonesia,1956/12/13
813,Roderich,Reyburn,rreyburnmk@state.tx.us,Male,Benin,1976/01/19
814,Giorgi,Matyushkin,gmatyushkinml@buzzfeed.com,Polygender,Morocco,1988/08/28
815,Mahalia,Wharram,mwharrammm@pen.io,Female,China,1966/01/24
816,Pepita,Stutt,pstuttmn@is.gd,Female,Dominican Republic,1983/07/30
817,Carlyn,Bangiard,cbangiardmo@jigsy.com,Female,Sweden,1991/07/13
818,Chere,Loveridge,cloveridgemp@example.com,Female,Nigeria,1964/01/18
819,Kendall,McLachlan,kmclachlanmq@discovery.com,Male,Poland,1961/01/28
820,Arni,De Paoli,adepaolimr@tripod.com,Genderqueer,Ukraine,1953/09/02
821,Fairlie,Evitts,fevittsms@sphinn.com,Polygender,Portugal,1993/03/27
822,Eleanore,Ricson,ericsonmt@un.org,Female,Nigeria,1987/12/28
823,Mickey,Cribbins,mcribbinsmu@diigo.com,Male,Slovenia,1982/12/04
824,Simone,Hasker,shaskermv@hostgator.com,Female,Poland,1963/03/24
825,Ford,Fuggles,ffugglesmw@cloudflare.com,Male,China,1966/06/10
826,Garret,Hucknall,ghucknallmx@tripadvisor.com,Male,Iran,1960/05/18
827,Dorita,Thirst,dthirstmy@bizjournals.com,Female,Finland,1953/03/31
828,Kurt,Cousins,kcousinsmz@csmonitor.com,Male,United States,1955/11/26
829,El,Zannutti,ezannuttin0@ustream.tv,Male,Croatia,1987/06/07
830,Lemuel,Kirwin,lkirwinn1@senate.gov,Non-binary,China,1991/03/01
831,Giustina,Messiter,gmessitern2@smh.com.au,Female,Indonesia,1975/07/29
832,Almeria,Shrieves,ashrievesn3@intel.com,Female,France,1976/11/07
833,Electra,Laughnan,elaughnann4@economist.com,Female,China,1967/04/18
834,Cesaro,Pietroni,cpietronin5@phpbb.com,Male,Bangladesh,1954/10/24
835,Vasily,Colwell,vcolwelln6@archive.org,Genderqueer,Peru,1980/05/19
836,Ardys,Simmon,asimmonn7@discuz.net,Female,China,1951/07/10
837,Lizbeth,Pilger,lpilgern8@unicef.org,Female,Russia,1991/07/05
838,Maren,Vala,mvalan9@goodreads.com,Female,Russia,1979/04/29
839,Evangelina,Rait,eraitna@example.com,Female,Venezuela,1987/09/21
840,Yelena,Kix,ykixnb@geocities.com,Female,Mexico,1973/05/04
841,Sid,Narey,snareync@booking.com,Male,Chile,1962/05/26
842,Jud,Peddowe,jpeddowend@theatlantic.com,Male,China,1994/04/21
843,Robbie,Dicty,rdictyne@cnbc.com,Male,France,1951/12/13
844,Avrom,Boulds,abouldsnf@nbcnews.com,Bigender,Finland,1970/07/29
845,Roxane,Taylder,rtaylderng@google.com.hk,Female,Thailand,1997/06/20
846,Jodi,Banaszczyk,jbanaszczyknh@buzzfeed.com,Male,Greece,1951/09/01
847,Bil,Bruneau,bbruneauni@artisteer.com,Male,Poland,1954/01/26
848,Phyllis,Boolsen,pboolsennj@twitpic.com,Female,Russia,1956/11/12
849,Jewelle,Richardot,jrichardotnk@ebay.co.uk,Female,Russia,1978/09/08
850,Tristam,Willmett,twillmettnl@wisc.edu,Male,China,1959/06/04
851,Linoel,Barclay,lbarclaynm@mozilla.com,Male,France,1987/08/07
852,Dieter,Collick,dcollicknn@google.com,Male,United States,1992/12/26
853,Erin,Faro,efarono@va.gov,Bigender,Vietnam,1976/03/14
854,Emmye,Fairnie,efairnienp@globo.com,Female,Italy,1967/10/13
855,Kaela,Couch,kcouchnq@amazon.co.uk,Female,Aruba,1979/12/24
856,Latisha,Tolman,ltolmannr@apple.com,Female,Uganda,2000/09/18
857,Em,Rack,erackns@pinterest.com,Female,Portugal,1960/06/07
858,Ernst,Gowen,egowennt@trellian.com,Male,Thailand,1994/09/19
859,Cybill,Bruty,cbrutynu@washington.edu,Female,Poland,1977/05/17
860,Carlee,Quickenden,cquickendennv@bandcamp.com,Female,Portugal,1988/06/30
861,Walden,MacTeague,wmacteaguenw@narod.ru,Male,China,1994/12/05
862,Stephani,Shippard,sshippardnx@wiley.com,Female,Indonesia,1954/06/25
863,Bren,Ebbing,bebbingny@fda.gov,Female,South Africa,1995/12/03
864,Monty,Barrat,mbarratnz@tripod.com,Non-binary,Slovenia,1962/02/16
865,Alphard,Reeds,areedso0@desdev.cn,Male,Myanmar,1985/02/16
866,Dario,Rickcord,drickcordo1@telegraph.co.uk,Male,China,1972/05/04
867,Maurene,Quimby,mquimbyo2@nba.com,Female,China,1993/09/23
868,Nicholle,Hoggins,nhogginso3@newsvine.com,Female,Argentina,1998/01/01
869,Kirbee,Geram,kgeramo4@t-online.de,Female,China,1996/08/10
870,Jesse,Shrawley,jshrawleyo5@netlog.com,Genderfluid,Nigeria,1998/07/01
871,Gusella,Conaboy,gconaboyo6@eventbrite.com,Female,China,1988/07/24
872,Hadleigh,Spriggs,hspriggso7@nps.gov,Male,China,1993/05/31
873,Clementius,Fever,cfevero8@nbcnews.com,Male,Iran,1975/06/27
874,Murdock,Engall,mengallo9@wikia.com,Male,France,1965/08/27
875,Alyssa,Frick,africkoa@blogtalkradio.com,Female,China,1989/09/24
876,Geri,Storror,gstorrorob@blogger.com,Female,Colombia,1969/10/16
877,Ines,Picford,ipicfordoc@php.net,Female,China,2000/07/01
878,Georgy,Tumbelty,gtumbeltyod@cbslocal.com,Male,Pakistan,1977/02/25
879,Aldon,Barde,abardeoe@g.co,Male,United States,1978/09/02
880,Lottie,Sandercock,lsandercockof@1688.com,Female,United States,1956/06/05
881,Tito,Hullins,thullinsog@scribd.com,Male,Indonesia,1994/03/18
882,Gilbertina,Boc,gbocoh@wunderground.com,Female,Russia,1986/08/09
883,Chaunce,Bonnet,cbonnetoi@google.ca,Male,Brazil,1963/10/06
884,Reilly,Langland,rlanglandoj@apple.com,Male,Thailand,1962/07/26
885,Costa,McAlindon,cmcalindonok@edublogs.org,Non-binary,Tanzania,1955/09/19
886,Beverie,Trenoweth,btrenowethol@phpbb.com,Female,Azerbaijan,1974/01/22
887,Thea,Ishak,tishakom@newsvine.com,Female,Bolivia,1952/01/31
888,Sile,Gueste,sguesteon@cloudflare.com,Female,Portugal,1959/11/15
889,Shellie,Waterhouse,swaterhouseoo@g.co,Female,Cuba,1955/04/24
890,Linzy,Ould,louldop@usgs.gov,Female,United States,1966/03/27
891,Rodger,Leathem,rleathemoq@dailymotion.com,Male,Brunei,1957/01/03
892,Kare,Firmin,kfirminor@admin.ch,Female,Indonesia,1967/08/29
893,Bryna,Alejandre,balejandreos@mapquest.com,Female,Philippines,1996/09/21
894,Alberta,Antowski,aantowskiot@trellian.com,Female,Finland,1991/04/23
895,Mariam,Spancock,mspancockou@si.edu,Female,Indonesia,1983/11/29
896,Angelico,Marris,amarrisov@dagondesign.com,Male,Indonesia,1989/08/22
897,Buckie,Lufkin,blufkinow@prweb.com,Male,Czech Republic,1979/05/26
898,Flinn,Michieli,fmichieliox@phpbb.com,Male,Sweden,1965/10/21
899,Erika,Rubinfeld,erubinfeldoy@usa.gov,Female,Sweden,1983/06/20
900,Gav,Lambertazzi,glambertazzioz@so-net.ne.jp,Bigender,Brazil,1965/04/28
901,Cornelle,Croser,ccroserp0@google.com.hk,Female,Brazil,1999/09/22
902,Lindon,Adamson,ladamsonp1@shinystat.com,Male,Colombia,1995/07/13
903,Reagan,Bifield,rbifieldp2@quantcast.com,Male,China,1971/09/08
904,Sibilla,Leaburn,sleaburnp3@chron.com,Female,Russia,1963/12/08
905,Gabie,Vlasin,gvlasinp4@dmoz.org,Female,Ukraine,1973/10/30
906,Ellen,Bortoloni,ebortolonip5@nasa.gov,Female,El Salvador,1964/05/23
907,Jayme,Pantry,jpantryp6@unesco.org,Genderqueer,Kazakhstan,1990/05/19
908,Rudyard,Mackriell,rmackriellp7@cafepress.com,Male,Peru,1969/01/31
909,Hadrian,Beaven,hbeavenp8@ted.com,Male,Japan,1977/02/08
910,Yancy,Nunnerley,ynunnerleyp9@independent.co.uk,Male,Czech Republic,1965/07/11
911,Dwain,Matzkaitis,dmatzkaitispa@msu.edu,Male,Croatia,2000/05/08
912,Jasun,Saurin,jsaurinpb@sciencedirect.com,Male,China,1967/02/21
913,Roma,D'Andrea,rdandreapc@sohu.com,Male,Russia,1957/12/11
914,Siegfried,Spurman,sspurmanpd@geocities.com,Male,Poland,1980/10/27
915,Cati,Pierse,cpiersepe@ebay.com,Female,China,1956/09/29
916,Chet,McTerry,cmcterrypf@hao123.com,Male,Canada,1973/11/26
917,Cesar,Rollinshaw,crollinshawpg@acquirethisname.com,Male,China,1994/11/07
918,Demetra,Raun,draunph@nyu.edu,Female,Sweden,1953/02/25
919,Noreen,Squibb,nsquibbpi@msn.com,Female,Indonesia,1982/08/04
920,Lenka,Graveson,lgravesonpj@bbc.co.uk,Female,China,1980/05/01
921,Carolyne,Rhodef,crhodefpk@homestead.com,Female,China,1964/06/17
922,Kaylyn,Probey,kprobeypl@bluehost.com,Female,China,1998/05/20
923,Gusta,Heed,gheedpm@soup.io,Female,Comoros,1954/07/02
924,Patty,Latehouse,platehousepn@washingtonpost.com,Male,Saint Vincent and the Grenadines,1998/09/10
925,Bella,Toffel,btoffelpo@auda.org.au,Female,China,1959/01/24
926,Goldina,Bythell,gbythellpp@ovh.net,Female,Argentina,1971/11/29
927,Franciska,Brockett,fbrockettpq@eepurl.com,Agender,Indonesia,1968/01/23
928,Raina,Burwood,rburwoodpr@so-net.ne.jp,Female,Indonesia,1958/10/17
929,Christalle,Marchenko,cmarchenkops@harvard.edu,Female,Russia,1969/04/30
930,Zaria,Lockley,zlockleypt@google.ru,Non-binary,Poland,1954/11/25
931,Sutherland,Bumpas,sbumpaspu@uol.com.br,Male,Belarus,1976/10/08
932,Beret,Sailes,bsailespv@bloomberg.com,Female,China,1988/09/02
933,Hoyt,Elwin,helwinpw@phoca.cz,Male,Kenya,1960/07/25
934,Leonerd,Voyce,lvoycepx@google.de,Male,Russia,1958/07/27
935,Emmott,Covotti,ecovottipy@prlog.org,Male,Greece,1988/03/26
936,Putnam,Garroch,pgarrochpz@nhs.uk,Male,Vietnam,1995/10/10
937,Lynsey,Doumic,ldoumicq0@hud.gov,Female,Indonesia,1958/04/20
938,Kristine,McGloin,kmcgloinq1@tripod.com,Female,Pakistan,1984/08/18
939,Vonny,Meadley,vmeadleyq2@comsenz.com,Female,Ukraine,1955/07/19
940,Tally,Moukes,tmoukesq3@last.fm,Male,Iran,1979/11/30
941,Keen,Ogborn,kogbornq4@csmonitor.com,Male,Russia,1970/08/27
942,Athena,Romayne,aromayneq5@google.co.uk,Genderqueer,Ukraine,1959/05/25
943,Paule,Mitton,pmittonq6@ning.com,Female,Kenya,1992/03/25
944,Caro,Treacy,ctreacyq7@xinhuanet.com,Female,Peru,1990/01/11
945,Orin,Camble,ocambleq8@issuu.com,Male,China,1957/02/14
946,Iorgos,Bilovsky,ibilovskyq9@howstuffworks.com,Male,Japan,1957/12/26
947,Wilburt,Summerlie,wsummerlieqa@mlb.com,Male,Japan,1981/07/25
948,Laurella,Allport,lallportqb@fema.gov,Genderqueer,Brazil,1967/04/06
949,Lorena,Dever,ldeverqc@google.pl,Female,Philippines,1991/12/21
950,Barry,Glading,bgladingqd@seattletimes.com,Female,Czech Republic,1967/10/19
951,Johnna,Hinge,jhingeqe@archive.org,Bigender,Mexico,1991/01/20
952,Corrianne,Whatling,cwhatlingqf@tripod.com,Female,China,1993/09/13
953,Johnath,De Benedictis,jdebenedictisqg@wordpress.com,Female,Israel,1966/04/12
954,Hugh,Drinan,hdrinanqh@msn.com,Male,Kazakhstan,1989/07/03
955,Percy,Keaves,pkeavesqi@tuttocitta.it,Male,Portugal,1991/03/19
956,Alvina,Worlidge,aworlidgeqj@newsvine.com,Female,Madagascar,1992/11/22
957,Isacco,Hattoe,ihattoeqk@barnesandnoble.com,Male,Portugal,1961/11/26
958,Tybalt,Kester,tkesterql@pagesperso-orange.fr,Male,Honduras,1956/09/25
959,Irene,Wadsworth,iwadsworthqm@pinterest.com,Genderfluid,Taiwan,1990/09/28
960,Kat,Orcas,korcasqn@newsvine.com,Female,Brazil,1956/12/03
961,Nanci,Ratnege,nratnegeqo@nifty.com,Female,Indonesia,1969/07/03
962,Brande,Bramble,bbrambleqp@unc.edu,Female,China,1968/09/22
963,Ronny,Jealous,rjealousqq@bloglovin.com,Male,Russia,1951/11/18
964,Opal,Buie,obuieqr@wordpress.com,Non-binary,United States,1954/05/12
965,Justina,Neild,jneildqs@com.com,Female,China,1951/02/02
966,Salli,Marie,smarieqt@stumbleupon.com,Female,Zambia,1994/05/26
967,Willie,Rosier,wrosierqu@fc2.com,Genderfluid,Brazil,1960/03/16
968,Gawain,Gobeau,ggobeauqv@google.pl,Male,Sweden,1970/04/28
969,Mace,Wickins,mwickinsqw@reverbnation.com,Male,Japan,1959/12/02
970,Barth,Wardingley,bwardingleyqx@woothemes.com,Male,Philippines,1959/08/03
971,Sibyl,Carnier,scarnierqy@yellowpages.com,Male,Nicaragua,1996/01/28
972,Harvey,Eddisford,heddisfordqz@fastcompany.com,Male,Dominican Republic,1988/02/22
973,Cherianne,Philbrook,cphilbrookr0@army.mil,Agender,Japan,1979/11/25
974,Angie,Plan,aplanr1@globo.com,Female,China,1999/10/11
975,Steffi,Goodbar,sgoodbarr2@clickbank.net,Female,Belarus,1997/01/24
976,Theo,Hemshall,themshallr3@nydailynews.com,Female,Philippines,1960/08/02
977,Gustaf,Delacroux,gdelacrouxr4@biblegateway.com,Male,Indonesia,1999/02/19
978,Adrea,Moquin,amoquinr5@boston.com,Female,Venezuela,1982/04/26
979,Janey,Stoate,jstoater6@merriam-webster.com,Female,France,1977/02/18
980,Allen,Breydin,abreydinr7@mapy.cz,Male,Canada,1973/11/18
981,Kira,Midgely,kmidgelyr8@moonfruit.com,Genderfluid,Sweden,1972/11/30
982,Boycey,Dowse,bdowser9@networkadvertising.org,Male,Indonesia,1973/06/05
983,Tomlin,O'Hickey,tohickeyra@rakuten.co.jp,Male,China,1981/01/10
984,Leona,Demeza,ldemezarb@google.it,Female,Bosnia and Herzegovina,1970/02/06
985,Amabel,Royal,aroyalrc@cnn.com,Female,Vietnam,1967/01/22
986,Von,Begent,vbegentrd@imdb.com,Bigender,Indonesia,1962/03/26
987,Noak,Renfield,nrenfieldre@google.es,Male,Argentina,1965/01/09
988,Stanford,McCarry,smccarryrf@yelp.com,Genderqueer,Thailand,1967/06/20
989,Cristobal,Caudell,ccaudellrg@dedecms.com,Male,Russia,1998/10/06
990,Teodor,Burnall,tburnallrh@google.nl,Male,China,1953/12/26
991,Athene,Frankel,afrankelri@instagram.com,Polygender,Philippines,1992/08/03
992,Nerti,Cordaroy,ncordaroyrj@google.ru,Female,Sweden,1966/01/17
993,Gregory,Antrobus,gantrobusrk@mozilla.com,Male,China,1989/06/11
994,Isadora,Varden,ivardenrl@miitbeian.gov.cn,Female,Argentina,1995/09/22
995,Garvy,Leggett,gleggettrm@dagondesign.com,Male,Peru,1970/07/04
996,June,Dany,jdanyrn@virginia.edu,Genderqueer,Comoros,1987/07/29
997,Maddalena,Mansfield,mmansfieldro@house.gov,Female,China,1963/05/08
998,Jacquette,Richemont,jrichemontrp@mlb.com,Female,Honduras,1971/02/15
999,Ddene,O'Driscoll,dodriscollrq@sciencedirect.com,Female,France,1964/12/23
1000,Valentia,Brussels,vbrusselsrr@facebook.com,Polygender,China,1952/07/21
