id,first_name,last_name,email,gender,country,birthday
1,Gleda,Bilbrooke,gbilbrooke0@kickstarter.com,Female,Sweden,1965/11/10
2,Killian,Patterson,kpatterson1@xing.com,Male,China,1964/06/23
3,Norene,Coyle,ncoyle2@parallels.com,Female,Honduras,1952/12/12
4,Ronnica,Duckels,rduckels3@arstechnica.com,Female,China,2000/01/21
5,Griffy,Schneider,gschneider4@prnewswire.com,Male,Luxembourg,2000/08/05
6,Marilee,Siddens,msiddens5@nyu.edu,Female,Russia,1995/01/08
7,Carlyn,Elington,celington6@vinaora.com,Female,Sweden,1991/07/24
8,Toby,Paoloni,tpaoloni7@businessweek.com,Male,China,1954/09/19
9,Barbara,Ebrall,bebrall8@reverbnation.com,Female,Indonesia,1979/07/15
10,Danny,Klempke,dklempke9@4shared.com,Male,Indonesia,1974/01/11
11,Lauri,Crinidge,lcrinidgea@devhub.com,Female,Syria,1957/10/30
12,Rafe,Sapseed,rsapseedb@washington.edu,Male,Indonesia,1981/12/31
13,Torry,Eger,tegerc@pagesperso-orange.fr,Male,Croatia,1998/07/09
14,Javier,Stiggers,jstiggersd@wufoo.com,Male,Czech Republic,1967/09/15
15,Tremain,Flament,tflamente@storify.com,Male,Kosovo,1999/06/04
16,Cati,Gauford,cgaufordf@wikispaces.com,Female,Brazil,1984/01/10
17,Kinnie,Piatti,kpiattig@furl.net,Male,Brazil,1986/05/24
18,Theodoric,Heathcote,theathcoteh@list-manage.com,Male,Finland,1996/02/03
19,Eve,Bramsen,ebramseni@tripadvisor.com,Female,France,1979/01/12
20,Derrek,Messenger,dmessengerj@sitemeter.com,Male,Thailand,1975/02/09
21,Clint,Nigh,cnighk@wikispaces.com,Male,Poland,1961/07/25
22,Zared,Epton,zeptonl@jalbum.net,Male,China,1978/08/06
23,Egan,Puden,epudenm@cnbc.com,Male,China,1987/04/09
24,Teirtza,Meus,tmeusn@nsw.gov.au,Female,Russia,1994/09/09
25,Layne,Blandamore,lblandamoreo@smh.com.au,Female,Portugal,1978/06/07
26,Deonne,Britton,dbrittonp@discuz.net,Female,Albania,1976/06/08
27,Gennie,Danielsky,gdanielskyq@wikimedia.org,Female,Indonesia,1993/11/28
28,Lief,Bischop,lbischopr@utexas.edu,Male,Morocco,1980/11/12
29,Rickey,Fosdick,rfosdicks@examiner.com,Male,Philippines,1984/09/19
30,Evvy,Cescot,ecescott@google.com.hk,Female,Guinea,1967/10/04
31,Dora,Wyldbore,dwyldboreu@elegantthemes.com,Non-binary,Bulgaria,1997/11/04
32,Kimberlyn,MacCoveney,kmaccoveneyv@google.cn,Female,Afghanistan,1970/11/04
33,Raynor,Quiddinton,rquiddintonw@usda.gov,Male,China,1983/12/11
34,Zachariah,McLaverty,zmclavertyx@columbia.edu,Male,Colombia,1971/12/01
35,Bengt,Dimbleby,bdimblebyy@youku.com,Male,Indonesia,1963/06/14
36,Luca,Sapp,lsappz@senate.gov,Male,Colombia,1958/04/07
37,Lynsey,Bathurst,lbathurst10@geocities.jp,Polygender,Sweden,1965/02/19
38,Ashley,Bettington,abettington11@yolasite.com,Female,Vietnam,1981/02/03
39,Emelda,Stoyell,estoyell12@washington.edu,Polygender,Mexico,1978/09/20
40,Wendell,Bayles,wbayles13@jigsy.com,Male,China,1959/08/14
41,Lilli,Arling,larling14@meetup.com,Female,China,1994/04/07
42,Farlay,Wardrop,fwardrop15@ftc.gov,Male,Indonesia,1982/09/09
43,Faustine,Cockerham,fcockerham16@va.gov,Female,Ukraine,1962/02/20
44,Kata,Blemen,kblemen17@studiopress.com,Female,France,1965/02/17
45,Sumner,Hounihan,shounihan18@dropbox.com,Male,China,1982/04/01
46,Clemens,Larmouth,clarmouth19@tripod.com,Male,Brazil,1960/11/10
47,Hermione,Vale,hvale1a@tripod.com,Female,Russia,1965/05/22
48,Rayshell,Yezafovich,ryezafovich1b@phpbb.com,Female,Portugal,1985/05/20
49,Gareth,Cahn,gcahn1c@opera.com,Bigender,Greece,1990/03/25
50,Siana,Pantin,spantin1d@webs.com,Genderqueer,Argentina,1955/02/28
51,Alisa,Pratten,apratten1e@cornell.edu,Female,Sweden,1975/02/27
52,Gerri,Norcliff,gnorcliff1f@thetimes.co.uk,Male,Colombia,1958/02/13
53,Inness,Jacquemot,ijacquemot1g@addtoany.com,Genderqueer,United States,1983/10/12
54,Levin,Darrigone,ldarrigone1h@joomla.org,Male,Canada,1977/09/01
55,Goraud,Boshard,gboshard1i@harvard.edu,Male,China,1990/01/02
56,Kimberlee,Shout,kshout1j@virginia.edu,Agender,Ukraine,1956/09/08
57,Bob,Ajean,bajean1k@scribd.com,Male,Mongolia,1987/04/18
58,Conney,Meininger,cmeininger1l@tmall.com,Male,Canada,1976/05/29
59,Robyn,Brentnall,rbrentnall1m@ebay.co.uk,Non-binary,Indonesia,1981/09/06
60,Kaleena,Byrkmyr,kbyrkmyr1n@amazon.com,Female,China,1997/12/15
61,Millard,Greet,mgreet1o@deliciousdays.com,Male,United States,1994/03/12
62,Britni,Becke,bbecke1p@geocities.com,Female,Palestinian Territory,1979/08/03
63,Merola,Lankester,mlankester1q@yale.edu,Female,China,1986/09/07
64,Mario,Werendell,mwerendell1r@indiegogo.com,Male,Guatemala,1954/11/17
65,Camey,Aries,caries1s@newsvine.com,Male,Russia,1990/03/22
66,Cosme,Caulier,ccaulier1t@nydailynews.com,Male,Uzbekistan,1991/09/25
67,Lotty,Gouldbourn,lgouldbourn1u@indiatimes.com,Female,Netherlands,1997/09/17
68,Ahmad,Becket,abecket1v@ow.ly,Male,China,1978/07/10
69,Sybille,Hateley,shateley1w@wix.com,Non-binary,Thailand,1985/10/05
70,Debora,Haton,dhaton1x@about.com,Non-binary,Colombia,1978/06/22
71,Borg,Denizet,bdenizet1y@xinhuanet.com,Male,China,1983/09/03
72,Helena,Endrighi,hendrighi1z@nydailynews.com,Female,Philippines,1988/09/07
73,Teodorico,Johnston,tjohnston20@discuz.net,Male,Republic of the Congo,1953/06/22
74,Cullen,Ianson,cianson21@smugmug.com,Male,China,1978/08/06
75,Sabra,Bayless,sbayless22@salon.com,Female,Colombia,1969/06/29
76,Elvin,Abyss,eabyss23@wufoo.com,Male,Belarus,1966/08/24
77,Scarlet,Elderbrant,selderbrant24@wikipedia.org,Female,Hungary,1978/09/14
78,Rafaello,Pindar,rpindar25@xing.com,Male,South Africa,1993/03/14
79,Delora,Winckle,dwinckle26@sakura.ne.jp,Female,Russia,1981/05/26
80,Kariotta,Verralls,kverralls27@histats.com,Female,Dominican Republic,1961/08/29
81,Dacey,Pocke,dpocke28@google.com.au,Female,Togo,1971/10/26
82,Arleen,Lindstrom,alindstrom29@state.gov,Female,Philippines,1987/01/07
83,Blinnie,Stannah,bstannah2a@moonfruit.com,Female,China,1974/03/11
84,Hogan,Pudsall,hpudsall2b@yelp.com,Male,China,1994/09/10
85,Bobbie,Wrankling,bwrankling2c@aboutads.info,Male,Portugal,1958/07/26
86,Pen,Cattlow,pcattlow2d@cnn.com,Female,China,1988/07/19
87,Hunfredo,Lockhart,hlockhart2e@free.fr,Male,Indonesia,1968/01/18
88,Bondy,O Mullen,bomullen2f@imageshack.us,Male,China,1995/10/20
89,Brand,Ace,bace2g@senate.gov,Male,China,1994/12/31
90,Myrwyn,Bellingham,mbellingham2h@ask.com,Male,Macedonia,1991/01/23
91,Corbet,Cobden,ccobden2i@jalbum.net,Male,Sweden,1999/12/09
92,Georgetta,Dyment,gdyment2j@tinypic.com,Female,China,1992/04/06
93,Laurie,Illingworth,lillingworth2k@hostgator.com,Female,Macedonia,1967/07/17
94,Wallace,Patis,wpatis2l@tumblr.com,Male,Japan,1965/05/28
95,Andy,Swancock,aswancock2m@indiatimes.com,Male,China,1988/09/19
96,Homer,Cardenas,hcardenas2n@ucoz.com,Male,United States,1991/01/07
97,Nanon,Swire,nswire2o@nifty.com,Female,Czech Republic,1968/07/14
98,Cristobal,Pearman,cpearman2p@technorati.com,Male,China,1954/01/19
99,Enriqueta,Bickford,ebickford2q@e-recht24.de,Female,China,1971/03/18
100,Mathilda,Praundlin,mpraundlin2r@liveinternet.ru,Female,Sweden,1953/10/14
101,Jo,Hugonnet,jhugonnet2s@comsenz.com,Female,Lithuania,1987/04/25
102,Timi,Mazzeo,tmazzeo2t@so-net.ne.jp,Female,Moldova,1966/09/15
103,Rolf,Gaylard,rgaylard2u@businessinsider.com,Agender,China,1963/01/31
104,Galven,Berrey,gberrey2v@sogou.com,Male,Chile,1976/08/15
105,Elnar,Manilo,emanilo2w@macromedia.com,Male,Nicaragua,1951/01/13
106,Bail,Faraker,bfaraker2x@redcross.org,Male,Syria,1952/10/24
107,Danette,Lghan,dlghan2y@e-recht24.de,Female,China,1986/11/10
108,Kerby,Romain,kromain2z@icio.us,Male,Philippines,1976/01/31
109,Haley,Welman,hwelman30@bizjournals.com,Female,Finland,1959/10/26
110,Danika,Sollowaye,dsollowaye31@narod.ru,Female,Philippines,1955/10/08
111,Brion,D'Alesco,bdalesco32@devhub.com,Male,Egypt,1986/12/12
112,Stephana,Martugin,smartugin33@bloglines.com,Female,Benin,1996/03/20
113,Trixie,Temperton,ttemperton34@msu.edu,Female,Afghanistan,1960/11/10
114,Claudius,Gammett,cgammett35@globo.com,Male,China,1964/11/12
115,Sacha,Parsall,sparsall36@biglobe.ne.jp,Female,Pakistan,1979/01/28
116,Finlay,Freckingham,ffreckingham37@indiatimes.com,Male,United States,1979/10/17
117,Betteanne,Gergher,bgergher38@salon.com,Female,Malta,1981/08/16
118,Bil,Parnaby,bparnaby39@google.ca,Male,Syria,1997/08/17
119,Weylin,Beasleigh,wbeasleigh3a@webeden.co.uk,Non-binary,Belarus,1998/03/22
120,Shay,Yurocjkin,syurocjkin3b@google.com,Female,Russia,1980/08/05
121,Efrem,Regi,eregi3c@mlb.com,Male,Burundi,1984/02/15
122,Percy,Heaven,pheaven3d@4shared.com,Male,Philippines,1998/07/19
123,Nevile,Burnyeat,nburnyeat3e@4shared.com,Bigender,Malaysia,1981/01/11
124,Gabi,Gotcliffe,ggotcliffe3f@a8.net,Male,Bosnia and Herzegovina,1968/03/17
125,Auberta,Landrick,alandrick3g@deviantart.com,Female,Ukraine,1951/12/23
126,Ammamaria,Leythley,aleythley3h@usatoday.com,Female,Indonesia,1989/03/08
127,Robinette,Forsaith,rforsaith3i@ted.com,Female,Brazil,1997/09/25
128,Jojo,Budding,jbudding3j@wiley.com,Female,China,1960/03/20
129,Hortensia,Mapp,hmapp3k@clickbank.net,Female,Indonesia,1992/08/25
130,Lars,Wogan,lwogan3l@tinyurl.com,Male,Egypt,1998/04/06
131,Josie,Lande,jlande3m@cbc.ca,Female,Portugal,1999/07/03
132,Flor,Goforth,fgoforth3n@fc2.com,Female,Finland,1969/12/28
133,Adelle,Ibbetson,aibbetson3o@nydailynews.com,Genderfluid,Indonesia,1984/08/22
134,Isaiah,Norrey,inorrey3p@europa.eu,Male,Luxembourg,1973/04/08
135,Alyson,McChruiter,amcchruiter3q@microsoft.com,Female,China,1984/12/03
136,Dag,McDuall,dmcduall3r@slashdot.org,Genderfluid,Pakistan,1974/11/12
137,Birch,Coultass,bcoultass3s@amazon.com,Male,Ireland,1952/08/15
138,Herbert,Bisgrove,hbisgrove3t@eventbrite.com,Male,Colombia,1951/05/20
139,Clarita,Cheer,ccheer3u@ihg.com,Female,Brazil,1993/04/15
140,Rodney,Mallaby,rmallaby3v@about.me,Male,Egypt,1972/07/27
141,Belvia,Ormond,bormond3w@noaa.gov,Female,San Marino,1956/12/08
142,Vittoria,Bulter,vbulter3x@yandex.ru,Female,Indonesia,1980/11/27
143,Adelaide,Skipperbottom,askipperbottom3y@163.com,Female,Mali,1956/03/31
144,Kaja,Tym,ktym3z@businessweek.com,Female,Thailand,1995/01/27
145,Sergent,Alesio,salesio40@de.vu,Male,Peru,1991/01/30
146,Alice,Moles,amoles41@apache.org,Female,Brazil,1957/06/13
147,Claudie,Oswick,coswick42@go.com,Polygender,China,1962/06/24
148,Rosamund,Jeays,rjeays43@apache.org,Female,Brazil,1984/02/13
149,Robert,Warlawe,rwarlawe44@woothemes.com,Male,Cuba,1974/05/10
150,Rahal,Van Cassel,rvancassel45@printfriendly.com,Female,Poland,1963/06/23
151,Phyllys,Scammell,pscammell46@histats.com,Polygender,China,1957/07/28
152,Alvina,Hehnke,ahehnke47@dell.com,Female,Argentina,1999/02/25
153,Karla,Dibb,kdibb48@purevolume.com,Female,El Salvador,1974/12/30
154,Harris,McAlpin,hmcalpin49@gnu.org,Male,Haiti,1956/06/16
155,Bertie,Okenden,bokenden4a@sina.com.cn,Male,Poland,1955/01/17
156,Horten,Flasby,hflasby4b@marketwatch.com,Male,Thailand,1986/03/16
157,Catlee,Robion,crobion4c@opera.com,Female,Russia,1985/08/25
158,Alexandros,Mylchreest,amylchreest4d@e-recht24.de,Male,China,1951/11/06
159,Gothart,Hallard,ghallard4e@privacy.gov.au,Male,Poland,1982/08/25
160,Lyda,Vater,lvater4f@fema.gov,Female,Portugal,1963/10/11
161,Kordula,Grover,kgrover4g@w3.org,Female,China,1955/07/03
162,Aron,Stangroom,astangroom4h@gmpg.org,Male,Indonesia,1964/04/28
163,Ibrahim,Gurden,igurden4i@cdc.gov,Male,Czech Republic,1971/03/02
164,Linnie,Petkens,lpetkens4j@so-net.ne.jp,Female,Honduras,1971/05/14
165,Addie,Whithorn,awhithorn4k@google.com.au,Female,Czech Republic,1970/01/11
166,Terry,Ilbert,tilbert4l@hostgator.com,Female,Yemen,1953/10/16
167,Wini,Breslane,wbreslane4m@shutterfly.com,Female,China,1989/01/14
168,Menard,Warr,mwarr4n@ucla.edu,Male,Colombia,1957/06/21
169,Jacky,Bodleigh,jbodleigh4o@studiopress.com,Female,United States,1951/03/23
170,Giustina,Crossdale,gcrossdale4p@dropbox.com,Female,China,1996/09/26
171,Menard,Sibylla,msibylla4q@mlb.com,Non-binary,Poland,1959/05/21
172,Dee dee,Dunbobin,ddunbobin4r@odnoklassniki.ru,Female,Philippines,1982/08/24
173,Wadsworth,Slayford,wslayford4s@boston.com,Male,Afghanistan,1957/05/22
174,Tedda,Purveys,tpurveys4t@gizmodo.com,Female,China,1955/02/23
175,Timothy,Hartin,thartin4u@mayoclinic.com,Male,Cuba,1972/07/03
176,Dode,Bust,dbust4v@time.com,Female,France,1984/08/22
177,Candide,Pickerill,cpickerill4w@tumblr.com,Female,Poland,1976/05/23
178,Wyn,Ninotti,wninotti4x@pagesperso-orange.fr,Male,Cuba,1965/02/17
179,Mag,Reade,mreade4y@ed.gov,Female,Lesotho,1968/02/06
180,Daryn,Jinkins,djinkins4z@forbes.com,Female,China,1951/07/06
181,Tad,Brotherhead,tbrotherhead50@rambler.ru,Male,Portugal,1956/03/14
182,Ivan,Lusher,ilusher51@smugmug.com,Male,Ukraine,1978/02/14
183,Rhona,Payne,rpayne52@soundcloud.com,Female,Philippines,1995/05/20
184,Lenette,Gaudon,lgaudon53@theglobeandmail.com,Female,China,1962/04/07
185,Julina,Sandeford,jsandeford54@nba.com,Female,China,1978/04/29
186,Hermione,Biasini,hbiasini55@soundcloud.com,Polygender,Iran,1962/10/27
187,Starr,Chaffer,schaffer56@artisteer.com,Female,Iran,1968/02/27
188,Earle,Kienzle,ekienzle57@histats.com,Male,Myanmar,1989/05/29
189,Delmor,Eul,deul58@nymag.com,Male,Kyrgyzstan,1959/06/26
190,Melosa,Durn,mdurn59@intel.com,Female,Taiwan,1967/10/20
191,Martynne,Jelf,mjelf5a@tumblr.com,Female,Ukraine,1986/04/08
192,Arlee,Reimers,areimers5b@java.com,Female,Norway,1989/01/08
193,Abagail,Simonetto,asimonetto5c@hibu.com,Female,Indonesia,1981/12/10
194,Rivi,O'Driscole,rodriscole5d@tiny.cc,Female,Argentina,1964/02/19
195,Bastien,Caruth,bcaruth5e@shop-pro.jp,Male,Indonesia,1963/12/26
196,Henrik,Godsell,hgodsell5f@google.it,Male,Thailand,1991/03/16
197,Katheryn,Petow,kpetow5g@phpbb.com,Female,China,1954/07/06
198,Pauletta,Eliesco,peliesco5h@redcross.org,Female,Netherlands,1999/10/04
199,Sonnnie,Bovingdon,sbovingdon5i@seesaa.net,Genderqueer,Poland,1957/02/18
200,Vladamir,Tinson,vtinson5j@nature.com,Male,Ukraine,1957/12/21
201,Urson,Burger,uburger5k@illinois.edu,Male,China,1981/07/18
202,Levey,MacCollom,lmaccollom5l@examiner.com,Male,Philippines,1995/12/19
203,Barbara,Tuther,btuther5m@ebay.com,Female,Thailand,1967/03/11
204,Correy,Zupa,czupa5n@de.vu,Male,Mexico,1978/11/11
205,Wye,Voas,wvoas5o@cornell.edu,Male,United States,1969/09/17
206,Koressa,Dongate,kdongate5p@ocn.ne.jp,Female,Mexico,1962/11/23
207,Waneta,Gowan,wgowan5q@blogtalkradio.com,Female,China,1991/07/14
208,Ashli,Claxson,aclaxson5r@hibu.com,Female,China,1972/09/28
209,Angelico,Loweth,aloweth5s@economist.com,Male,Dominican Republic,1972/01/28
210,Fawnia,Timbs,ftimbs5t@blogs.com,Female,Egypt,1960/11/27
211,Renaldo,Priditt,rpriditt5u@redcross.org,Male,Japan,1994/10/23
212,Elvera,Coad,ecoad5v@github.io,Female,Brazil,1995/06/01
213,Elli,Ivery,eivery5w@soup.io,Female,Tanzania,1992/10/21
214,Stewart,Berndtsson,sberndtsson5x@about.me,Male,Greece,1954/11/11
215,Rosemary,Hilbourne,rhilbourne5y@vinaora.com,Female,Chad,1996/11/30
216,Vic,Bingham,vbingham5z@cmu.edu,Male,Russia,1981/07/05
217,Harriett,Lampen,hlampen60@berkeley.edu,Agender,Ivory Coast,1983/12/22
218,Lesley,Pickersail,lpickersail61@devhub.com,Male,Russia,1976/03/05
219,Sibel,Oluwatoyin,soluwatoyin62@sina.com.cn,Female,China,1972/12/15
220,Ellary,Simioni,esimioni63@blog.com,Male,Belarus,1967/08/23
221,Gaile,D'Adda,gdadda64@booking.com,Male,Indonesia,1994/08/31
222,Nikaniki,Geffinger,ngeffinger65@cafepress.com,Genderfluid,Ukraine,1983/06/28
223,Darrelle,Tooting,dtooting66@wikispaces.com,Female,Madagascar,1971/11/17
224,Olenolin,Brown,obrown67@etsy.com,Male,Montserrat,1986/02/07
225,Dianna,Reisk,dreisk68@army.mil,Female,China,1975/11/30
226,Alexandre,Trimnell,atrimnell69@deviantart.com,Male,China,1971/04/15
227,Stephanus,Yeaman,syeaman6a@ifeng.com,Bigender,Indonesia,1992/06/24
228,Clement,Chancellor,cchancellor6b@fema.gov,Genderfluid,China,1979/12/21
229,Jelene,Giannoni,jgiannoni6c@cnn.com,Female,Mexico,1955/03/09
230,Jacqueline,Humpage,jhumpage6d@fotki.com,Genderfluid,Poland,1975/10/01
231,Baron,Bruno,bbruno6e@hud.gov,Male,China,1984/11/15
232,Reagan,Blaschek,rblaschek6f@yahoo.com,Male,Indonesia,1995/02/03
233,Whitaker,Barrabeale,wbarrabeale6g@ibm.com,Male,Poland,1998/12/18
234,Nara,Barthropp,nbarthropp6h@theguardian.com,Female,Switzerland,1997/06/16
235,Jillian,Sparrowe,jsparrowe6i@clickbank.net,Genderfluid,Philippines,1982/07/28
236,Laney,Donisthorpe,ldonisthorpe6j@themeforest.net,Male,Mexico,1967/07/03
237,Morry,Plak,mplak6k@usda.gov,Male,Bosnia and Herzegovina,1981/11/14
238,Leonardo,Makey,lmakey6l@youtu.be,Male,Philippines,1952/04/13
239,Koral,Langran,klangran6m@zdnet.com,Female,Afghanistan,1978/08/16
240,Simmonds,Greenman,sgreenman6n@uiuc.edu,Male,Indonesia,1995/10/17
241,Toma,Giacubo,tgiacubo6o@gmpg.org,Agender,China,1988/10/09
242,Barbey,Samwayes,bsamwayes6p@themeforest.net,Polygender,Philippines,1979/07/12
243,Bev,Brimmell,bbrimmell6q@ask.com,Male,Kiribati,1956/12/11
244,Salomone,Britten,sbritten6r@csmonitor.com,Non-binary,Tanzania,1990/05/07
245,Zeke,Bleier,zbleier6s@mit.edu,Polygender,China,1959/04/04
246,Aurie,Fibbitts,afibbitts6t@elpais.com,Female,Philippines,1953/03/30
247,Bernette,Ollerearnshaw,bollerearnshaw6u@icq.com,Female,Kazakhstan,1999/01/03
248,Keefer,Mulryan,kmulryan6v@jiathis.com,Male,Syria,1988/11/22
249,Molly,Waplington,mwaplington6w@japanpost.jp,Agender,Ukraine,1971/10/19
250,Hodge,Castrillo,hcastrillo6x@freewebs.com,Male,Indonesia,1960/04/25
251,Susanetta,Romain,sromain6y@lulu.com,Female,China,1971/10/26
252,Thaddus,Van den Velden,tvandenvelden6z@seesaa.net,Male,Indonesia,1990/08/17
253,Pennie,Mc Meekin,pmcmeekin70@vistaprint.com,Female,Brazil,1968/03/02
254,Benjie,Gelletly,bgelletly71@hostgator.com,Male,Rwanda,1952/12/16
255,Flossi,Thying,fthying72@cdbaby.com,Female,Portugal,1973/01/13
256,Tyne,Fatharly,tfatharly73@feedburner.com,Female,China,1991/04/20
257,Cletis,Cawsy,ccawsy74@elpais.com,Male,Indonesia,1979/09/17
258,Mattie,Igoe,migoe75@goodreads.com,Male,China,1953/12/14
259,Simmonds,Venditto,svenditto76@unicef.org,Male,China,1968/02/13
260,Daryn,Peterson,dpeterson77@zdnet.com,Female,Yemen,1988/06/21
261,Hadleigh,Larmouth,hlarmouth78@51.la,Male,Slovenia,1974/08/10
262,Arabella,Ganter,aganter79@mail.ru,Female,China,1970/03/08
263,Forest,Rolin,frolin7a@mozilla.com,Male,China,1988/03/08
264,Iorgos,Pashe,ipashe7b@livejournal.com,Male,South Korea,1953/12/03
265,Darrick,Hancox,dhancox7c@oakley.com,Male,Brazil,1989/10/25
266,Garreth,Orsi,gorsi7d@mlb.com,Male,Ukraine,1997/07/22
267,Gunilla,Linny,glinny7e@usa.gov,Female,Sweden,1988/01/23
268,Sadella,Ragbourn,sragbourn7f@technorati.com,Female,Peru,1991/03/01
269,Caryl,Bridgen,cbridgen7g@phpbb.com,Male,Colombia,1998/01/07
270,Edi,Adicot,eadicot7h@clickbank.net,Female,Poland,1999/08/20
271,Chadd,Ashplant,cashplant7i@lulu.com,Male,Pakistan,1970/09/14
272,Bronnie,Gooms,bgooms7j@e-recht24.de,Male,Iran,1967/11/11
273,Ema,Ionnisian,eionnisian7k@tmall.com,Female,France,1992/10/14
274,Annabal,Barford,abarford7l@netscape.com,Female,Russia,1993/01/26
275,Hortensia,Rozenzweig,hrozenzweig7m@virginia.edu,Female,Thailand,1976/06/16
276,Fields,Dowson,fdowson7n@creativecommons.org,Male,China,1985/10/19
277,Ynez,Quan,yquan7o@foxnews.com,Female,U.S. Virgin Islands,1989/07/14
278,De,Confort,dconfort7p@pinterest.com,Female,China,1983/11/02
279,Vally,Ferreira,vferreira7q@cornell.edu,Female,Sweden,1988/02/21
280,Jolene,Fouracres,jfouracres7r@sun.com,Female,Spain,1996/02/10
281,Annadiane,Abramovici,aabramovici7s@narod.ru,Female,Croatia,1985/04/16
282,Nadeen,Dowrey,ndowrey7t@army.mil,Female,Sweden,1989/06/28
283,Torey,Phorsby,tphorsby7u@networkadvertising.org,Male,Serbia,1954/08/20
284,Baily,Keal,bkeal7v@a8.net,Male,Mauritania,1956/03/10
285,Kessiah,Gullifant,kgullifant7w@google.it,Female,Indonesia,1971/02/04
286,Cammy,Hendrickson,chendrickson7x@adobe.com,Genderfluid,Portugal,1964/07/18
287,Paquito,Brouncker,pbrouncker7y@loc.gov,Male,Armenia,1974/01/12
288,Cassi,Boullen,cboullen7z@wordpress.org,Agender,Finland,1984/06/23
289,Huntington,Dugood,hdugood80@epa.gov,Male,Latvia,1970/12/05
290,Nikolia,Labrenz,nlabrenz81@twitter.com,Female,Indonesia,1966/07/08
291,Terrijo,Gyorgy,tgyorgy82@weibo.com,Female,Brazil,1977/06/07
292,Raimund,Marlon,rmarlon83@omniture.com,Male,China,1963/10/16
293,Dita,Boyes,dboyes84@arstechnica.com,Female,Ukraine,1975/04/18
294,Karalee,Hundy,khundy85@eventbrite.com,Female,Poland,1986/03/28
295,David,Giurio,dgiurio86@soundcloud.com,Male,China,1971/03/22
296,Tamar,Horribine,thorribine87@sogou.com,Female,Indonesia,1969/01/27
297,Lincoln,Breydin,lbreydin88@earthlink.net,Male,Indonesia,1964/09/29
298,Dorie,Januszewicz,djanuszewicz89@mapquest.com,Male,Russia,1999/02/01
299,Thorndike,Brockton,tbrockton8a@techcrunch.com,Male,Panama,1965/11/23
300,Darill,MacEveley,dmaceveley8b@ox.ac.uk,Male,China,1983/07/03
301,Heath,Garroch,hgarroch8c@flickr.com,Male,Poland,1992/03/16
302,Sandor,Quenell,squenell8d@etsy.com,Male,China,1955/08/30
303,Genia,Matityahu,gmatityahu8e@prlog.org,Female,Poland,1952/04/29
304,Melly,Piser,mpiser8f@t.co,Female,China,1970/11/07
305,Susana,Twyford,stwyford8g@tumblr.com,Female,Russia,1974/06/23
306,Bastian,Leavens,bleavens8h@trellian.com,Male,Poland,1956/10/10
307,Bastian,Brende,bbrende8i@ifeng.com,Male,Sudan,1997/12/24
308,Elly,Waterman,ewaterman8j@i2i.jp,Female,China,1993/08/12
309,Markos,Matanin,mmatanin8k@slate.com,Genderqueer,Colombia,1995/07/23
310,Bary,Klaesson,bklaesson8l@trellian.com,Male,United States,1990/11/01
311,Laurice,Iannazzi,liannazzi8m@vk.com,Female,Ukraine,1963/04/06
312,Emmy,Jalland,ejalland8n@dell.com,Female,Indonesia,1970/03/12
313,Roland,Ferrandez,rferrandez8o@bloomberg.com,Male,China,1974/02/19
314,Herby,Earley,hearley8p@go.com,Male,Czech Republic,1981/04/11
315,Patti,Brookz,pbrookz8q@nymag.com,Genderfluid,Russia,1965/10/15
316,Rodrigo,Blackstone,rblackstone8r@lulu.com,Male,Poland,1983/11/06
317,Allie,Bowles,abowles8s@g.co,Polygender,South Africa,2000/05/20
318,Temple,Adelsberg,tadelsberg8t@youtube.com,Male,China,1998/02/04
319,Christopher,Ingleson,cingleson8u@soundcloud.com,Male,Ukraine,1981/07/15
320,Matias,Tann,mtann8v@blogtalkradio.com,Male,Portugal,1984/04/23
321,Carlyn,Rablen,crablen8w@cornell.edu,Female,Philippines,1977/10/04
322,Merline,Sowman,msowman8x@etsy.com,Female,Russia,2000/06/30
323,Fin,Sprade,fsprade8y@storify.com,Male,Greece,1972/04/21
324,Eddie,Sleeman,esleeman8z@ucoz.com,Genderqueer,Kazakhstan,1952/09/18
325,Briggs,Colbron,bcolbron90@apache.org,Polygender,Nigeria,1999/06/06
326,Otes,Silverstone,osilverstone91@msu.edu,Male,Canada,1971/01/30
327,Bettina,Whebell,bwhebell92@sphinn.com,Female,China,1997/10/30
328,Belinda,Grasha,bgrasha93@bloomberg.com,Genderfluid,Philippines,1984/09/30
329,Eddi,Thickpenny,ethickpenny94@sphinn.com,Female,Greece,1976/10/31
330,Vance,Gunbie,vgunbie95@imageshack.us,Male,North Korea,1971/11/27
331,Nanni,Croker,ncroker96@deviantart.com,Female,China,1989/03/16
332,Zorina,Lisciardelli,zlisciardelli97@ycombinator.com,Female,Poland,1986/07/05
333,Morten,Bartlomiej,mbartlomiej98@ucoz.ru,Male,Serbia,1979/03/31
334,Gisella,Scutts,gscutts99@wordpress.org,Female,Indonesia,1995/01/23
335,Karia,Stormont,kstormont9a@wisc.edu,Female,Philippines,1987/04/17
336,Jarrad,Albasini,jalbasini9b@intel.com,Male,Latvia,1985/05/19
337,Carlyn,Tenpenny,ctenpenny9c@ask.com,Female,United States,1984/12/06
338,Cilka,Vanderplas,cvanderplas9d@dyndns.org,Agender,China,1958/12/14
339,Sascha,Kalewe,skalewe9e@hp.com,Non-binary,Democratic Republic of the Congo,1977/09/10
340,Adriena,Waiton,awaiton9f@cmu.edu,Genderqueer,Panama,1982/12/04
341,Aristotle,Casella,acasella9g@webmd.com,Male,Spain,1960/02/15
342,Virgina,Cossans,vcossans9h@webs.com,Genderqueer,Indonesia,1976/10/02
343,Binky,Stedell,bstedell9i@topsy.com,Male,Colombia,1975/07/03
344,Shannen,Bernette,sbernette9j@bravesites.com,Female,Honduras,1964/07/17
345,Agustin,Vere,avere9k@dagondesign.com,Male,Sweden,1957/11/26
346,Vittorio,de Villier,vdevillier9l@cyberchimps.com,Male,Czech Republic,1964/11/05
347,Joshua,Rentelll,jrentelll9m@lulu.com,Male,Honduras,1960/11/16
348,Lisette,Fardoe,lfardoe9n@netscape.com,Female,Gabon,1957/10/05
349,Danna,Maudlen,dmaudlen9o@narod.ru,Female,China,1993/09/23
350,Leonard,Cantillion,lcantillion9p@lycos.com,Male,United States,1986/03/22
351,Sergent,Toopin,stoopin9q@google.it,Bigender,Vietnam,1977/09/05
352,Alric,Chinery,achinery9r@ezinearticles.com,Male,Philippines,1982/04/28
353,Lemar,Becerra,lbecerra9s@unicef.org,Male,Argentina,1963/01/15
354,Rich,Kolakowski,rkolakowski9t@businesswire.com,Male,China,2000/05/22
355,Tades,Dowman,tdowman9u@wp.com,Male,China,1956/12/22
356,Roxy,Alesin,ralesin9v@amazon.co.jp,Female,Philippines,1960/12/16
357,Wenonah,Aspole,waspole9w@washington.edu,Female,United States,1998/02/09
358,Elizabeth,Stutter,estutter9x@walmart.com,Genderfluid,Indonesia,1973/12/28
359,Raeann,Pfeifer,rpfeifer9y@123-reg.co.uk,Female,Philippines,1984/05/11
360,Zack,Skeemor,zskeemor9z@canalblog.com,Male,China,1956/12/26
361,Stephen,Birdfield,sbirdfielda0@newyorker.com,Male,Colombia,1998/12/25
362,Corney,Dicke,cdickea1@nytimes.com,Male,Slovenia,1959/02/18
363,Annalee,Laing,alainga2@mysql.com,Female,Uganda,1988/06/03
364,Codie,Boichat,cboichata3@oracle.com,Male,Brazil,1954/12/16
365,Dianna,McTerlagh,dmcterlagha4@google.ca,Female,Portugal,1958/09/14
366,Laurella,Duckhouse,lduckhousea5@wikia.com,Female,Kenya,1975/01/06
367,Brody,Gobel,bgobela6@tripod.com,Male,Japan,1983/10/27
368,Carleton,Vogl,cvogla7@admin.ch,Male,Czech Republic,1969/10/25
369,Cecilla,Giacovetti,cgiacovettia8@hibu.com,Female,Mexico,1990/12/21
370,Farr,Lockton,flocktona9@uol.com.br,Agender,Indonesia,1977/09/01
371,Adelina,Verzey,averzeyaa@deliciousdays.com,Female,China,1963/04/12
372,Gaye,Hennington,ghenningtonab@elegantthemes.com,Female,China,1962/02/15
373,Sheridan,Hallgath,shallgathac@hugedomains.com,Male,Hungary,1979/02/25
374,Gordon,Mahomet,gmahometad@tripadvisor.com,Male,Greece,1959/07/28
375,Lonni,Marti,lmartiae@berkeley.edu,Female,China,1973/11/26
376,Rey,Rawne,rrawneaf@redcross.org,Male,Indonesia,1987/12/22
377,Farand,Hamblen,fhamblenag@blinklist.com,Female,Sweden,1992/11/08
378,Melonie,Rushmare,mrushmareah@theglobeandmail.com,Female,Japan,1961/11/09
379,Sarina,d' Elboux,sdelbouxai@yellowpages.com,Female,China,1988/02/04
380,Connie,Worner,cworneraj@storify.com,Bigender,Brazil,1993/01/15
381,Annelise,Rawll,arawllak@ezinearticles.com,Female,Sweden,2000/02/13
382,Vivia,Bowdler,vbowdleral@live.com,Polygender,Tunisia,1962/10/16
383,Gawain,Braidon,gbraidonam@hibu.com,Male,Venezuela,1991/05/14
384,Sherlock,Smith,ssmithan@redcross.org,Male,Turkey,1998/05/04
385,Merell,Wille,mwilleao@free.fr,Male,Finland,1979/01/12
386,Donica,Probey,dprobeyap@wix.com,Female,Russia,1971/10/22
387,Sherline,Topley,stopleyaq@spotify.com,Female,China,1959/05/11
388,Boote,Pothergill,bpothergillar@myspace.com,Male,China,1961/03/25
389,Jedediah,Jeannon,jjeannonas@sun.com,Male,Philippines,1997/10/21
390,Hirsch,Starton,hstartonat@sciencedaily.com,Male,Indonesia,1983/07/28
391,Fidela,Ollin,follinau@japanpost.jp,Female,Philippines,1953/10/18
392,Muffin,Matuszkiewicz,mmatuszkiewiczav@sphinn.com,Male,Latvia,1975/01/10
393,Rosemary,Peacop,rpeacopaw@ihg.com,Female,Norway,1995/07/08
394,Deanna,Birkmyr,dbirkmyrax@who.int,Female,Indonesia,1997/09/27
395,Yankee,O'Cullinane,yocullinaneay@dailymotion.com,Bigender,Brazil,1961/07/06
396,Riccardo,Ebdin,rebdinaz@omniture.com,Male,France,1951/02/05
397,Hunfredo,Wraighte,hwraighteb0@narod.ru,Male,Jamaica,1976/07/23
398,Andria,Prendergrast,aprendergrastb1@gizmodo.com,Female,China,1990/10/20
399,Caresa,Coxen,ccoxenb2@paypal.com,Female,China,1988/05/25
400,Anthiathia,Dysart,adysartb3@cnet.com,Non-binary,Philippines,1970/03/17
401,Aubry,Hussell,ahussellb4@1und1.de,Female,United States,1986/08/04
402,Dall,Booy,dbooyb5@cloudflare.com,Genderqueer,Czech Republic,1982/02/06
403,Cassius,Knowles,cknowlesb6@twitter.com,Male,France,1975/03/24
404,Kessia,Bowfin,kbowfinb7@youku.com,Female,Palestinian Territory,1964/11/19
405,Breanne,Bratcher,bbratcherb8@gov.uk,Genderfluid,Philippines,1980/10/03
406,Zorine,Charleston,zcharlestonb9@wufoo.com,Female,France,1999/03/08
407,Jerri,Blackmuir,jblackmuirba@dagondesign.com,Male,Vietnam,1978/02/23
408,Mae,Crathern,mcrathernbb@cyberchimps.com,Female,Lithuania,1955/12/26
409,Wandis,Harmstone,wharmstonebc@wufoo.com,Female,Nigeria,1995/02/21
410,Addy,Mohring,amohringbd@yelp.com,Female,Indonesia,1985/06/25
411,Gayla,Butchers,gbutchersbe@altervista.org,Female,Russia,1982/06/07
412,Margaux,De Paepe,mdepaepebf@marketwatch.com,Female,China,1962/01/20
413,Bud,Blease,bbleasebg@parallels.com,Male,Jamaica,1981/07/04
414,Christiane,Horche,chorchebh@yolasite.com,Female,France,1975/07/22
415,Horten,Shadbolt,hshadboltbi@indiatimes.com,Male,Honduras,1969/10/02
416,Mahmoud,Weymouth,mweymouthbj@mapquest.com,Male,China,1972/05/23
417,Mylo,Dews,mdewsbk@gravatar.com,Male,Sweden,1988/05/02
418,Bartolemo,Pinel,bpinelbl@icq.com,Male,Honduras,1988/06/28
419,Karel,Shipway,kshipwaybm@odnoklassniki.ru,Female,Brazil,1973/01/12
420,Gerhardine,Rowett,growettbn@webmd.com,Female,Sweden,1982/11/22
421,Levey,Clemson,lclemsonbo@alibaba.com,Bigender,Kazakhstan,1983/03/09
422,Sherwood,Renvoys,srenvoysbp@odnoklassniki.ru,Male,Philippines,1974/03/09
423,Gretchen,Koba,gkobabq@bigcartel.com,Female,Russia,1967/02/02
424,Kara,Mattheeuw,kmattheeuwbr@spotify.com,Female,France,1984/04/20
425,Dre,Sloley,dsloleybs@wiley.com,Female,China,1962/07/06
426,Seumas,Otham,sothambt@telegraph.co.uk,Male,China,1994/01/28
427,Ric,Sharrard,rsharrardbu@dailymotion.com,Male,China,2000/05/27
428,Arabel,Ovington,aovingtonbv@cloudflare.com,Female,Russia,1995/06/03
429,Maurits,Faussett,mfaussettbw@about.com,Male,Ukraine,1990/11/05
430,Fin,O'Hartigan,fohartiganbx@over-blog.com,Male,Comoros,1967/01/15
431,Red,Marishenko,rmarishenkoby@upenn.edu,Male,China,1976/12/03
432,Hillier,Orpyne,horpynebz@indiatimes.com,Male,Russia,1953/07/16
433,Carly,Pecht,cpechtc0@t.co,Male,France,1974/12/10
434,John,Sumnall,jsumnallc1@google.fr,Male,Democratic Republic of the Congo,1955/02/14
435,Zorina,Biaggioli,zbiaggiolic2@webs.com,Female,Philippines,1954/08/27
436,Odette,Fieldsend,ofieldsendc3@census.gov,Female,Philippines,1995/07/18
437,Esme,Sollas,esollasc4@wikipedia.org,Female,Japan,1981/01/06
438,Engelbert,Hakonsson,ehakonssonc5@networksolutions.com,Male,Brazil,1993/07/28
439,Ester,Benoi,ebenoic6@ow.ly,Female,Malaysia,2000/07/23
440,Jonas,Buggy,jbuggyc7@ycombinator.com,Male,Portugal,1985/02/06
441,Ludwig,Merrell,lmerrellc8@surveymonkey.com,Male,Poland,1966/07/24
442,Nessie,Guidoni,nguidonic9@hugedomains.com,Female,Reunion,1995/05/15
443,Alejoa,Vanyushkin,avanyushkinca@archive.org,Male,Iran,1954/09/09
444,Fern,O'Deoran,fodeorancb@amazon.com,Bigender,Indonesia,1965/07/11
445,Almira,Leythley,aleythleycc@google.de,Female,France,1975/07/12
446,Chery,Swabey,cswabeycd@loc.gov,Female,Argentina,1953/03/24
447,Cynde,Abramovicz,cabramoviczce@globo.com,Female,Philippines,1977/08/29
448,Robin,Laidlaw,rlaidlawcf@mysql.com,Male,France,1993/01/26
449,Em,Niven,enivencg@github.io,Male,Greece,1990/11/27
450,Shawn,Bumphries,sbumphriesch@ibm.com,Female,China,1984/12/19
451,Nobie,Barker,nbarkerci@go.com,Male,Ukraine,1952/11/17
452,Thomasa,Adamo,tadamocj@freewebs.com,Female,China,1969/01/12
453,Glenn,Hucks,ghucksck@wikispaces.com,Male,Tanzania,1988/11/20
454,Baryram,Potapczuk,bpotapczukcl@spiegel.de,Male,Ukraine,1990/12/18
455,Laurice,Halliburton,lhalliburtoncm@123-reg.co.uk,Female,Argentina,1957/05/29
456,Ned,Beart,nbeartcn@hibu.com,Male,Indonesia,1953/11/05
457,Joanna,Bonin,jboninco@weather.com,Female,Ireland,1974/10/26
458,Tory,Killingbeck,tkillingbeckcp@epa.gov,Female,France,1982/11/25
459,Abramo,Prickett,aprickettcq@indiegogo.com,Male,Indonesia,1986/05/24
460,Alard,Rosenboim,arosenboimcr@china.com.cn,Male,Nicaragua,1974/11/04
461,Claudio,Threadgill,cthreadgillcs@gmpg.org,Male,China,1991/01/01
462,Marika,Blagbrough,mblagbroughct@live.com,Female,Canada,1955/01/31
463,Davy,Mattingson,dmattingsoncu@archive.org,Male,Finland,1970/03/24
464,Kev,Weddell,kweddellcv@cdbaby.com,Male,Peru,1958/01/01
465,Josefina,Elward,jelwardcw@geocities.jp,Female,Mexico,1995/05/19
466,Christian,MacGoun,cmacgouncx@elpais.com,Male,China,1952/07/10
467,Blanca,Steanyng,bsteanyngcy@kickstarter.com,Female,Indonesia,1951/08/11
468,Shelden,Nolleth,snollethcz@webs.com,Male,Peru,1964/05/25
469,Dell,MacRorie,dmacroried0@barnesandnoble.com,Male,Portugal,1960/10/09
470,Addi,Stegel,astegeld1@technorati.com,Female,China,2000/01/28
471,Waiter,Ascrofte,wascrofted2@fotki.com,Male,Sri Lanka,1984/09/23
472,Sarge,Youngman,syoungmand3@wsj.com,Male,Indonesia,1959/09/22
473,Athene,Phelip,aphelipd4@wikipedia.org,Female,Serbia,1973/12/04
474,Brandyn,Peschmann,bpeschmannd5@economist.com,Male,Peru,1982/03/17
475,Katharina,Bogey,kbogeyd6@google.com.br,Female,Russia,1990/03/23
476,Cherry,Aylward,caylwardd7@smh.com.au,Female,Indonesia,1954/10/03
477,Gayle,Sparshett,gsparshettd8@phoca.cz,Male,China,1993/04/28
478,Stephanie,Blundon,sblundond9@tumblr.com,Female,Botswana,1993/03/24
479,Murvyn,Palfreyman,mpalfreymanda@soundcloud.com,Male,China,1981/08/18
480,Charis,Osgarby,cosgarbydb@artisteer.com,Female,Dominican Republic,1959/10/17
481,Ailee,Kenewel,akeneweldc@dropbox.com,Female,Sweden,1999/02/24
482,Rice,Borchardt,rborchardtdd@slashdot.org,Male,Portugal,1976/08/09
483,Frazier,Lavery,flaveryde@answers.com,Male,Serbia,1961/09/19
484,Patrica,Hoyle,phoyledf@google.es,Female,Libya,1973/04/10
485,Therine,Kirckman,tkirckmandg@bluehost.com,Female,Ukraine,1980/02/13
486,Kristopher,Depport,kdepportdh@stumbleupon.com,Male,Argentina,1992/11/21
487,Dara,Ling,dlingdi@google.de,Female,Chad,1952/10/09
488,Maurene,Broinlich,mbroinlichdj@sciencedaily.com,Female,Russia,1958/06/17
489,Scott,Blamphin,sblamphindk@upenn.edu,Male,China,1962/08/12
490,Ryon,Knewstub,rknewstubdl@vkontakte.ru,Male,China,1973/02/16
491,Ellene,Bovis,ebovisdm@economist.com,Female,Bulgaria,1966/11/17
492,Chandler,Clayal,cclayaldn@barnesandnoble.com,Male,United States,2000/10/05
493,Bernete,Albisser,balbisserdo@icio.us,Female,Norway,1966/07/05
494,Rochette,Capun,rcapundp@cisco.com,Female,Russia,1970/05/15
495,Hyatt,Dray,hdraydq@tripod.com,Male,France,1993/11/21
496,Rustie,Greeson,rgreesondr@fc2.com,Male,Iraq,1983/07/12
497,Dominik,Ofen,dofends@fotki.com,Male,Finland,1977/12/18
498,Cassandry,Moncrieffe,cmoncrieffedt@samsung.com,Female,United Kingdom,1958/08/23
499,Anna,Noot,anootdu@indiegogo.com,Agender,Czech Republic,1986/09/10
500,Tades,Wimbridge,twimbridgedv@engadget.com,Male,Nigeria,1974/04/19
501,Jackqueline,Mattiessen,jmattiessendw@mashable.com,Female,Jamaica,1991/02/07
502,Orazio,Gerrit,ogerritdx@yale.edu,Male,Peru,1996/09/20
503,Hasheem,Matijevic,hmatijevicdy@about.com,Male,Indonesia,1977/05/30
504,Scottie,Digginson,sdigginsondz@wix.com,Male,Thailand,1973/03/12
505,Camellia,Tritton,ctrittone0@google.com,Female,Indonesia,1996/10/02
506,Drucill,Barthorpe,dbarthorpee1@tmall.com,Female,Yemen,1967/08/22
507,Valentin,Sansam,vsansame2@chronoengine.com,Male,Uzbekistan,1972/02/18
508,Frayda,Prahl,fprahle3@ihg.com,Female,Philippines,1989/12/08
509,Dorise,Camosso,dcamossoe4@amazon.co.jp,Female,Brazil,1955/07/08
510,Ariel,Asel,aasele5@scribd.com,Male,Indonesia,1952/05/09
511,Genia,Joscelin,gjosceline6@dedecms.com,Female,Samoa,1994/07/25
512,Trenton,Scolland,tscollande7@instagram.com,Male,Indonesia,1975/03/29
513,Wit,McCauley,wmccauleye8@wordpress.com,Male,Thailand,1965/05/06
514,Olga,Croley,ocroleye9@yellowpages.com,Female,United States,1989/06/07
515,Cobb,Chasemoore,cchasemooreea@comsenz.com,Male,Sweden,1955/03/16
516,Olivia,Keggins,okegginseb@topsy.com,Female,Thailand,1998/10/21
517,Gerri,Elverstone,gelverstoneec@sakura.ne.jp,Female,China,1998/03/25
518,Jamil,Johnys,jjohnysed@domainmarket.com,Male,Indonesia,1999/01/21
519,Karney,Entwistle,kentwistleee@amazon.co.uk,Male,France,1978/08/01
520,Jory,Idill,jidillef@gnu.org,Male,China,1955/03/08
521,Lilah,Bryce,lbryceeg@feedburner.com,Female,Czech Republic,1977/11/21
522,Emmet,Berr,eberreh@amazon.co.uk,Male,Egypt,1988/05/26
523,Karlyn,Westbrook,kwestbrookei@uiuc.edu,Female,Zimbabwe,1977/06/28
524,Lek,Chern,lchernej@ehow.com,Male,Indonesia,1959/03/24
525,Baudoin,Dummett,bdummettek@comcast.net,Male,Finland,1997/06/26
526,Gwendolyn,Creak,gcreakel@pinterest.com,Female,Russia,1968/02/05
527,Adrianne,Whitemarsh,awhitemarshem@geocities.jp,Female,Mauritius,1956/12/23
528,Liva,Clift,lcliften@microsoft.com,Female,Sweden,1963/06/17
529,Bartholomew,Pascall,bpascalleo@nymag.com,Male,Greece,1983/08/08
530,Cicily,Hauxby,chauxbyep@pcworld.com,Bigender,Estonia,1965/01/13
531,Welby,Cases,wcaseseq@networksolutions.com,Male,Armenia,1995/02/07
532,Ottilie,Lansdale,olansdaleer@exblog.jp,Genderqueer,China,1975/06/18
533,Ashlie,Skilton,askiltones@virginia.edu,Female,Samoa,1956/02/22
534,Forester,Hysom,fhysomet@huffingtonpost.com,Male,China,1988/03/16
535,Filia,Elflain,felflaineu@wikia.com,Female,Macedonia,1952/07/18
536,Daniela,Batram,dbatramev@microsoft.com,Female,Aland Islands,1962/07/10
537,Rodie,Heighway,rheighwayew@taobao.com,Bigender,China,1977/10/08
538,Bud,Howis,bhowisex@nationalgeographic.com,Male,China,1970/01/21
539,Teodorico,Pirozzi,tpirozziey@dell.com,Male,Russia,1993/11/08
540,Torrance,Kingaby,tkingabyez@newsvine.com,Male,Philippines,1964/12/13
541,Chuck,Spadeck,cspadeckf0@ucoz.com,Male,Indonesia,1962/12/26
542,Evie,Mogenot,emogenotf1@google.pl,Female,Serbia,1978/12/17
543,Morgana,Aylett,maylettf2@engadget.com,Female,China,1996/03/12
544,Winn,Bauckham,wbauckhamf3@guardian.co.uk,Male,China,1988/03/19
545,Robinett,Buxam,rbuxamf4@oracle.com,Female,New Zealand,1963/08/07
546,Marcelia,Erridge,merridgef5@wikispaces.com,Female,Mali,1975/02/08
547,Terza,Janczak,tjanczakf6@addthis.com,Female,Latvia,1973/08/17
548,Rosa,Nockells,rnockellsf7@ibm.com,Female,Bolivia,1976/04/11
549,Konstantin,Scotfurth,kscotfurthf8@mashable.com,Male,Russia,1996/07/04
550,Lawrence,Smalles,lsmallesf9@fotki.com,Male,Brazil,1963/01/11
551,Stanislas,Bowmaker,sbowmakerfa@npr.org,Male,Philippines,1983/11/02
552,Raul,Blowes,rblowesfb@bloglines.com,Male,Philippines,1989/09/10
553,D'arcy,Newling,dnewlingfc@tiny.cc,Male,China,1982/03/30
554,Harbert,Goor,hgoorfd@twitpic.com,Male,Brazil,1999/12/29
555,Norby,Sill,nsillfe@i2i.jp,Male,Nicaragua,1978/02/12
556,Amory,Bonifazio,abonifazioff@shareasale.com,Male,South Africa,1970/11/25
557,Cyrus,Chirm,cchirmfg@ustream.tv,Male,China,1991/12/28
558,Vevay,Tiffin,vtiffinfh@yandex.ru,Female,Indonesia,1992/10/14
559,Hewet,Spurman,hspurmanfi@java.com,Male,China,1986/04/16
560,Annice,Kleinzweig,akleinzweigfj@phpbb.com,Non-binary,Philippines,1968/04/11
561,Mandel,Itzig,mitzigfk@netlog.com,Male,Russia,1973/05/01
562,Lucia,Whawell,lwhawellfl@amazon.de,Female,Portugal,1993/07/09
563,Ado,Alldread,aalldreadfm@moonfruit.com,Male,Sweden,1954/06/13
564,Kailey,Blackie,kblackiefn@adobe.com,Female,Mexico,1953/04/15
565,Obed,Jozwicki,ojozwickifo@thetimes.co.uk,Male,Portugal,1955/05/22
566,Damon,Blinde,dblindefp@umich.edu,Male,Cape Verde,1959/05/26
567,Derby,Dollin,ddollinfq@mapquest.com,Male,Iran,1954/10/02
568,Edgard,Trees,etreesfr@github.com,Male,Armenia,1969/03/27
569,Dickie,Pearce,dpearcefs@w3.org,Male,China,1987/07/12
570,Johann,Philipard,jphilipardft@seattletimes.com,Polygender,Zimbabwe,1967/11/29
571,Anni,Jerzyk,ajerzykfu@zimbio.com,Female,Argentina,1974/03/04
572,Mamie,Turnor,mturnorfv@stumbleupon.com,Female,Czech Republic,1962/09/27
573,Jock,McDougall,jmcdougallfw@weebly.com,Male,Greece,1968/09/28
574,Filbert,Scoyles,fscoylesfx@chron.com,Male,Poland,1989/04/27
575,Nona,Corzon,ncorzonfy@webs.com,Female,France,1981/11/24
576,Tad,Lickess,tlickessfz@hatena.ne.jp,Male,Indonesia,1961/01/24
577,Radcliffe,Sharland,rsharlandg0@godaddy.com,Male,France,1962/02/12
578,Rourke,Dallon,rdallong1@meetup.com,Male,Croatia,1953/05/18
579,Faber,Bartlomiej,fbartlomiejg2@marriott.com,Male,China,1964/04/23
580,Janie,Emery,jemeryg3@blogspot.com,Female,Brazil,1991/07/13
581,Cosetta,Whanstall,cwhanstallg4@nature.com,Female,China,1997/12/23
582,Hewie,Du Hamel,hduhamelg5@e-recht24.de,Male,Serbia,1994/11/22
583,Bertie,Shallcroff,bshallcroffg6@wordpress.org,Male,Peru,1994/03/14
584,Ingeberg,de Copeman,idecopemang7@addtoany.com,Female,Brazil,1980/04/25
585,Harley,Seadon,hseadong8@walmart.com,Female,China,1962/10/12
586,Zacharie,Northall,znorthallg9@bbc.co.uk,Male,Brazil,1965/10/18
587,Farlay,Sharnock,fsharnockga@lulu.com,Male,Czech Republic,1979/07/19
588,Elmer,Carr,ecarrgb@flickr.com,Male,Sweden,1991/07/03
589,Gerrard,Rudd,gruddgc@simplemachines.org,Male,Sweden,1967/01/28
590,Karlan,Yanuk,kyanukgd@weibo.com,Male,Indonesia,1975/01/21
591,Petey,Pauly,ppaulyge@vistaprint.com,Male,Yemen,1981/02/24
592,Stanislaus,Abramzon,sabramzongf@guardian.co.uk,Bigender,Nigeria,1991/04/09
593,Kathryne,Leeb,kleebgg@mayoclinic.com,Female,Egypt,1998/07/27
594,Edlin,Cheverton,echevertongh@springer.com,Male,Thailand,1955/11/28
595,Brianna,Pessold,bpessoldgi@a8.net,Female,Honduras,1960/07/01
596,Gwennie,Lamberth,glamberthgj@craigslist.org,Female,Poland,1961/12/10
597,Janeta,Sirmon,jsirmongk@ameblo.jp,Female,Indonesia,1951/05/28
598,Goddard,Wigglesworth,gwigglesworthgl@about.com,Male,Philippines,1979/08/21
599,Conrade,Bercher,cberchergm@unicef.org,Male,Russia,1953/03/27
600,Lucias,Skae,lskaegn@webnode.com,Male,Sweden,1991/12/28
601,Taylor,Dorsett,tdorsettgo@dyndns.org,Male,Ghana,1977/02/26
602,Lilyan,Draper,ldrapergp@vistaprint.com,Female,Myanmar,1992/07/23
603,Averill,Glazer,aglazergq@aboutads.info,Male,China,1988/07/10
604,Adrea,Burchess,aburchessgr@facebook.com,Female,Indonesia,1993/11/15
605,Cherianne,Figgen,cfiggengs@networkadvertising.org,Female,Indonesia,1958/11/07
606,Van,Ruff,vruffgt@soup.io,Male,Indonesia,1955/05/23
607,Innis,Rosenqvist,irosenqvistgu@w3.org,Male,Ukraine,1956/12/27
608,Ivory,Cabena,icabenagv@edublogs.org,Female,Iran,1956/05/02
609,Padgett,Hooke,phookegw@baidu.com,Male,Portugal,1957/11/21
610,Brewer,Weinham,bweinhamgx@wikia.com,Male,China,1959/09/29
611,Trevar,Ornils,tornilsgy@forbes.com,Male,Poland,1999/07/01
612,Trixi,Northfield,tnorthfieldgz@shinystat.com,Female,Ukraine,1989/03/19
613,Lilias,Snedker,lsnedkerh0@w3.org,Female,China,1972/04/20
614,Tuck,Maudsley,tmaudsleyh1@microsoft.com,Male,Iran,1981/08/25
615,Brynne,Prue,bprueh2@globo.com,Female,Russia,1971/09/14
616,Melosa,Bradmore,mbradmoreh3@aol.com,Female,Czech Republic,1997/08/14
617,Osbourne,Deville,odevilleh4@bloglines.com,Male,Argentina,1999/11/01
618,Lalo,Furnell,lfurnellh5@washingtonpost.com,Male,Ukraine,1983/09/23
619,Freddie,Coan,fcoanh6@nyu.edu,Male,Venezuela,1988/03/22
620,Zandra,Threadgould,zthreadgouldh7@state.gov,Female,Russia,1953/11/27
621,Garth,Pykerman,gpykermanh8@scribd.com,Male,Indonesia,1982/03/06
622,Jerrine,Duchart,jducharth9@so-net.ne.jp,Female,Vietnam,1962/04/13
623,Rowe,Oliver,roliverha@meetup.com,Female,Peru,1972/11/03
624,Phyllida,Opfer,popferhb@whitehouse.gov,Female,Mexico,1955/07/23
625,Timofei,Turone,tturonehc@ucsd.edu,Male,China,1991/07/24
626,Jacobo,Reightley,jreightleyhd@techcrunch.com,Male,Poland,1953/03/30
627,Vincents,Advani,vadvanihe@fotki.com,Male,Mexico,1954/05/21
628,Garrick,Scrafton,gscraftonhf@godaddy.com,Non-binary,China,1955/10/06
629,Stevana,Dufton,sduftonhg@imdb.com,Female,Portugal,1981/06/19
630,Vicki,Martinon,vmartinonhh@wordpress.com,Female,Azerbaijan,1953/05/22
631,Shayne,Elloway,sellowayhi@businessinsider.com,Genderqueer,Philippines,1963/04/06
632,Aveline,Maffeo,amaffeohj@prlog.org,Female,Norway,1960/11/29
633,Kenny,Nealand,knealandhk@imdb.com,Male,Argentina,1998/01/29
634,Gianni,Killik,gkillikhl@sitemeter.com,Genderfluid,China,1961/11/24
635,Dion,Budcock,dbudcockhm@dell.com,Male,China,1975/07/05
636,Bondon,Wightman,bwightmanhn@examiner.com,Male,China,1990/10/31
637,Christophorus,Varns,cvarnsho@aol.com,Male,Russia,1970/08/08
638,Horace,Strotton,hstrottonhp@marriott.com,Male,Ukraine,1964/01/28
639,Brittni,Aleshintsev,baleshintsevhq@icio.us,Female,Brazil,1955/08/04
640,Cassandra,Liddington,cliddingtonhr@nba.com,Agender,Iceland,1969/05/07
641,Neddy,Marris,nmarrishs@ca.gov,Male,Indonesia,1959/06/07
642,Audry,Hutfield,ahutfieldht@businessinsider.com,Female,South Sudan,1955/09/16
643,Burlie,Blanpein,bblanpeinhu@naver.com,Male,China,1958/03/28
644,Fitz,O' Dooley,fodooleyhv@hc360.com,Male,China,1989/01/10
645,Whittaker,Wrettum,wwrettumhw@google.com,Male,Nepal,1972/09/06
646,Tallie,Kittless,tkittlesshx@github.io,Male,Norway,1957/05/20
647,Gearalt,Greatbanks,ggreatbankshy@issuu.com,Male,Palestinian Territory,1992/02/29
648,Eimile,Lundberg,elundberghz@amazonaws.com,Female,New Zealand,1954/10/02
649,Sophie,Rooson,sroosoni0@adobe.com,Female,China,1996/01/04
650,Wallache,Twelves,wtwelvesi1@mozilla.org,Male,Portugal,1987/01/27
651,Sasha,Horrell,shorrelli2@icq.com,Male,Indonesia,1991/11/03
652,Westleigh,Headon,wheadoni3@house.gov,Male,China,1972/01/07
653,Ailey,Camel,acameli4@theglobeandmail.com,Female,Vietnam,1989/01/23
654,Inigo,Calcut,icalcuti5@g.co,Male,Indonesia,1965/06/11
655,Hamilton,Nassey,hnasseyi6@deviantart.com,Male,Gabon,1964/02/26
656,Abigail,Waslin,awaslini7@comsenz.com,Female,Greece,1967/07/29
657,Demetra,Crusham,dcrushami8@github.io,Female,Indonesia,1953/01/28
658,Bellanca,Blondelle,bblondellei9@dropbox.com,Female,Indonesia,1978/07/23
659,Waldo,Atter,watteria@china.com.cn,Agender,Poland,1974/12/05
660,Ilsa,Cloonan,icloonanib@mashable.com,Female,Mongolia,1990/06/14
661,Bink,Franks,bfranksic@vistaprint.com,Male,China,1983/05/09
662,Randall,Flawn,rflawnid@walmart.com,Male,Thailand,1987/03/08
663,Lennie,Grindrod,lgrindrodie@discovery.com,Male,Malaysia,1954/08/12
664,Bambi,Snellman,bsnellmanif@tripod.com,Non-binary,Brazil,1956/02/08
665,Trev,Jurgen,tjurgenig@sourceforge.net,Male,Indonesia,1962/05/05
666,Nadya,Gingle,ngingleih@columbia.edu,Female,Slovenia,1957/06/08
667,Calypso,McCay,cmccayii@chronoengine.com,Female,China,1977/11/04
668,Isabella,Bluett,ibluettij@independent.co.uk,Female,Nigeria,1957/01/02
669,Giuseppe,Fellnee,gfellneeik@quantcast.com,Male,Russia,1965/10/02
670,Evyn,Spinella,espinellail@unicef.org,Male,China,1990/12/20
671,Renault,Arnout,rarnoutim@ustream.tv,Male,Indonesia,1995/06/11
672,Waylin,Schulke,wschulkein@posterous.com,Male,Guatemala,1981/03/10
673,Rosemarie,Petre,rpetreio@deliciousdays.com,Female,Argentina,1999/07/25
674,Katine,Vinck,kvinckip@hc360.com,Female,Armenia,1975/02/20
675,Fiona,Sicily,fsicilyiq@ovh.net,Female,China,1951/11/10
676,Vassily,Benes,vbenesir@blogs.com,Male,Russia,1977/08/21
677,Bette-ann,Marchant,bmarchantis@amazon.com,Polygender,Philippines,1986/05/24
678,Meredithe,Bigley,mbigleyit@rediff.com,Bigender,Ivory Coast,1973/07/25
679,Tine,Eke,tekeiu@fastcompany.com,Female,Iran,1984/06/01
680,Ber,Thurley,bthurleyiv@digg.com,Male,Indonesia,1957/07/21
681,Adam,Bratch,abratchiw@yellowpages.com,Male,Madagascar,1966/10/04
682,Wilmer,Tander,wtanderix@skype.com,Male,Ukraine,1989/11/08
683,Luci,Thredder,lthredderiy@123-reg.co.uk,Female,Poland,1999/06/28
684,Winonah,Gatheral,wgatheraliz@fotki.com,Female,Argentina,1958/09/22
685,Orelee,Stops,ostopsj0@printfriendly.com,Female,North Korea,1997/02/08
686,Sydney,Putnam,sputnamj1@aboutads.info,Female,Russia,1982/07/18
687,Zebedee,Oldaker,zoldakerj2@dropbox.com,Male,Russia,1968/03/11
688,Rance,Hurtado,rhurtadoj3@goo.gl,Male,South Korea,1966/10/05
689,Jacki,Nulty,jnultyj4@spiegel.de,Female,Mongolia,1957/07/07
690,Goldy,Peche,gpechej5@java.com,Female,Russia,1969/07/17
691,Patricio,Holleran,pholleranj6@admin.ch,Male,Indonesia,1979/04/26
692,Klara,Mitroshinov,kmitroshinovj7@wikispaces.com,Female,Saudi Arabia,1953/04/12
693,Garrard,Aberdein,gaberdeinj8@engadget.com,Male,Indonesia,1966/01/17
694,Kellie,Nutbeem,knutbeemj9@apple.com,Female,China,1975/12/14
695,Max,Shropshire,mshropshireja@godaddy.com,Bigender,Ireland,1957/10/22
696,Consalve,Kyston,ckystonjb@goodreads.com,Male,Botswana,1995/06/22
697,Jeannine,Halpen,jhalpenjc@deliciousdays.com,Female,Estonia,1973/05/01
698,Ulises,Abramowsky,uabramowskyjd@jalbum.net,Male,Vietnam,1976/09/16
699,Waldemar,Westman,wwestmanje@blog.com,Male,Russia,1962/12/07
700,Orelee,Antuoni,oantuonijf@fema.gov,Female,United States,1971/10/27
701,Normie,Bark,nbarkjg@twitter.com,Male,Ukraine,1974/07/19
702,Anica,Scollick,ascollickjh@elpais.com,Female,China,1994/05/26
703,Banky,Otto,bottoji@wix.com,Male,Ukraine,1991/10/23
704,Angil,Tassell,atasselljj@msn.com,Female,Malaysia,1991/08/11
705,Zedekiah,Gindghill,zgindghilljk@alexa.com,Male,Indonesia,1975/04/05
706,Tanhya,Confait,tconfaitjl@java.com,Female,Macedonia,1962/09/21
707,Hinze,Ryton,hrytonjm@google.es,Male,Indonesia,1981/06/09
708,Aundrea,Oldham,aoldhamjn@java.com,Female,Peru,1962/07/15
709,Leroi,Casswell,lcasswelljo@de.vu,Male,Philippines,1991/11/07
710,Camella,Nendick,cnendickjp@cpanel.net,Female,Russia,1992/05/30
711,Dan,Gert,dgertjq@php.net,Male,China,1992/02/05
712,Steward,Gore,sgorejr@thetimes.co.uk,Male,Sweden,1953/05/18
713,Merrel,Filliskirk,mfilliskirkjs@google.com.au,Male,China,1952/11/21
714,Timoteo,Stockton,tstocktonjt@parallels.com,Male,Ukraine,1978/10/10
715,Bettine,Kilgannon,bkilgannonju@constantcontact.com,Female,Nigeria,1973/04/04
716,Leesa,Gowanlock,lgowanlockjv@independent.co.uk,Female,Afghanistan,1988/10/14
717,Marty,Monnery,mmonneryjw@ucoz.ru,Female,Brazil,1974/02/26
718,Eleanora,Bonnier,ebonnierjx@amazonaws.com,Female,China,2000/04/08
719,Mallory,Dekeyser,mdekeyserjy@merriam-webster.com,Male,Russia,1979/11/15
720,Jeff,Chiswell,jchiswelljz@youtu.be,Male,Portugal,1988/02/11
721,Christiana,Wudeland,cwudelandk0@census.gov,Genderfluid,China,1978/09/24
722,Ramonda,Acres,racresk1@mit.edu,Female,China,2000/03/03
723,Jane,Sandham,jsandhamk2@mit.edu,Female,Russia,1964/07/02
724,Steven,Sherbrooke,ssherbrookek3@sina.com.cn,Male,Indonesia,1967/10/27
725,Chandra,Salvadori,csalvadorik4@wix.com,Female,China,1973/02/24
726,Sidoney,Josovich,sjosovichk5@4shared.com,Female,China,1990/12/23
727,Lockwood,Scarlin,lscarlink6@tuttocitta.it,Male,Indonesia,1965/12/23
728,Ram,Beal,rbealk7@list-manage.com,Male,Russia,1974/01/27
729,Luther,Olner,lolnerk8@mediafire.com,Male,China,1957/09/04
730,Bernard,Lippiello,blippiellok9@smh.com.au,Male,Russia,1977/07/28
731,Cheri,Bohje,cbohjeka@diigo.com,Female,Peru,1983/11/02
732,Kaylil,Saterthwait,ksaterthwaitkb@ihg.com,Agender,Indonesia,1960/01/22
733,Jenelle,Tottie,jtottiekc@istockphoto.com,Female,Cambodia,1979/08/14
734,Robinetta,Pasmore,rpasmorekd@msn.com,Female,Portugal,1960/12/19
735,Kerianne,Margrem,kmargremke@storify.com,Female,France,1974/06/22
736,Vanya,Hawkins,vhawkinskf@utexas.edu,Female,Iran,1991/06/17
737,Alix,Yon,ayonkg@dot.gov,Female,Indonesia,1978/04/06
738,Joell,Ranshaw,jranshawkh@usgs.gov,Female,Portugal,1981/08/17
739,Bentlee,Skillen,bskillenki@yale.edu,Male,Indonesia,1957/04/10
740,Shandy,Whetson,swhetsonkj@ucla.edu,Non-binary,Croatia,1971/01/13
741,Ricky,Britcher,rbritcherkk@naver.com,Female,Russia,1958/05/11
742,Natalee,Aery,naerykl@blogtalkradio.com,Female,Honduras,1990/06/22
743,Megan,McQuillen,mmcquillenkm@paginegialle.it,Female,China,1958/05/01
744,Mela,Foulgham,mfoulghamkn@oakley.com,Female,Japan,1982/10/03
745,Carolus,Storch,cstorchko@fda.gov,Male,China,1976/10/21
746,Hillary,Cossans,hcossanskp@google.com.au,Male,China,1998/11/30
747,Esma,Truluck,etruluckkq@bravesites.com,Female,Argentina,1967/07/06
748,Filippo,Kobierski,fkobierskikr@sakura.ne.jp,Male,Greece,1980/08/07
749,Astrid,Curnnok,acurnnokks@marriott.com,Female,Indonesia,1972/01/13
750,Roley,Staning,rstaningkt@house.gov,Male,France,1955/12/04
751,Zuzana,Jodrelle,zjodrelleku@1688.com,Female,Czech Republic,1966/04/19
752,Erl,Chelsom,echelsomkv@nasa.gov,Male,Mauritius,1969/08/07
753,Sutherlan,Breeton,sbreetonkw@printfriendly.com,Male,France,1976/05/16
754,Aindrea,Mogg,amoggkx@google.com,Female,Russia,1971/04/06
755,Asia,Rayson,araysonky@mit.edu,Female,Czech Republic,1975/05/18
756,Iver,Barthrup,ibarthrupkz@webs.com,Male,El Salvador,1980/04/07
757,Augustine,Curle,acurlel0@godaddy.com,Male,France,1974/04/01
758,Aron,Peddowe,apeddowel1@ftc.gov,Male,Indonesia,1973/04/29
759,Enid,Langhorne,elanghornel2@weibo.com,Female,Russia,1988/02/20
760,Towney,Hulle,thullel3@google.es,Male,Greece,1958/08/09
761,Danny,Mival,dmivall4@ovh.net,Male,Portugal,1981/07/18
762,Ulrika,Corrison,ucorrisonl5@globo.com,Female,United States,1973/10/30
763,Braden,Witherden,bwitherdenl6@usda.gov,Bigender,Japan,1986/06/01
764,Leonie,Holdren,lholdrenl7@wired.com,Bigender,Honduras,1997/07/25
765,Mahmud,Faers,mfaersl8@so-net.ne.jp,Male,France,1969/12/01
766,Hendrika,Cammomile,hcammomilel9@bravesites.com,Agender,France,1973/09/01
767,Nikolaus,Southway,nsouthwayla@soundcloud.com,Polygender,Israel,1977/06/25
768,Lorens,Maclaine,lmaclainelb@cornell.edu,Male,Brazil,1962/07/17
769,Jasun,Gowdridge,jgowdridgelc@marriott.com,Male,Syria,1965/07/16
770,Cleveland,Thoresbie,cthoresbield@desdev.cn,Male,South Africa,1995/03/22
771,Anatollo,Cockren,acockrenle@tripod.com,Male,Sweden,1954/02/11
772,Berky,Boutellier,bboutellierlf@google.es,Male,Sweden,1977/05/12
773,Merralee,Dyas,mdyaslg@elpais.com,Female,Philippines,1977/06/27
774,Ennis,Reicherz,ereicherzlh@bizjournals.com,Male,Comoros,1965/02/07
775,Abie,Geer,ageerli@businessweek.com,Male,China,1979/08/18
776,Valeria,Raecroft,vraecroftlj@deliciousdays.com,Female,Indonesia,1985/07/04
777,Hoebart,Martinet,hmartinetlk@cam.ac.uk,Male,Ethiopia,1989/04/07
778,Sam,Farlane,sfarlanell@google.co.jp,Female,Ukraine,1973/09/14
779,Nye,Tethcote,ntethcotelm@wikispaces.com,Male,Greece,1985/09/18
780,Ynez,Cotton,ycottonln@livejournal.com,Female,Brazil,1970/10/29
781,Iolanthe,Cummungs,icummungslo@tmall.com,Female,Indonesia,1959/06/11
782,Fin,Spendlove,fspendlovelp@uiuc.edu,Male,Vietnam,1994/06/10
783,Aloysius,Davydoch,adavydochlq@cornell.edu,Male,Nicaragua,1952/01/09
784,Heather,Freebury,hfreeburylr@webmd.com,Female,China,1960/11/09
785,Reilly,Jeavons,rjeavonsls@java.com,Male,Russia,1982/07/21
786,Lynette,Goldby,lgoldbylt@mozilla.org,Female,Peru,1964/07/04
787,Lanae,Carbery,lcarberylu@printfriendly.com,Female,South Africa,1995/06/13
788,Enoch,Franzoli,efranzolilv@youtu.be,Male,China,1957/11/06
789,Helge,Sherwen,hsherwenlw@oaic.gov.au,Female,Brazil,1955/08/24
790,Humberto,Deelay,hdeelaylx@seattletimes.com,Male,Russia,1953/01/30
791,Vinni,Cuseick,vcuseickly@cocolog-nifty.com,Female,Indonesia,1975/01/10
792,Bay,Veart,bveartlz@shop-pro.jp,Male,Tanzania,1964/04/10
793,Granville,Swan,gswanm0@bluehost.com,Male,China,1972/10/13
794,Quillan,Sargint,qsargintm1@un.org,Male,Bosnia and Herzegovina,1963/09/28
795,Wynne,Wrefford,wwreffordm2@bing.com,Female,China,1966/11/16
796,Heath,Berthouloume,hberthouloumem3@admin.ch,Female,Portugal,1968/05/27
797,Nadia,Minget,nmingetm4@live.com,Female,Portugal,1971/12/07
798,Sara-ann,Beechcraft,sbeechcraftm5@scribd.com,Female,Argentina,1955/10/28
799,Nicola,Markey,nmarkeym6@joomla.org,Female,Poland,1973/04/09
800,Elyn,Baszniak,ebaszniakm7@github.com,Female,United States,1953/09/08
801,Xavier,Rebeiro,xrebeirom8@360.cn,Male,Russia,1992/08/23
802,Thane,Hutton,thuttonm9@last.fm,Genderqueer,China,1968/03/28
803,Townsend,Steagall,tsteagallma@webmd.com,Male,Nigeria,1955/04/29
804,Birgitta,Ilett,bilettmb@amazonaws.com,Female,Bolivia,1988/01/06
805,Thibaud,McMoyer,tmcmoyermc@tripod.com,Male,Thailand,1951/02/22
806,Odo,Hadrill,ohadrillmd@patch.com,Male,Brazil,1996/03/23
807,Shalna,Stampfer,sstampferme@newyorker.com,Female,Brazil,1970/10/25
808,Berkeley,Empson,bempsonmf@printfriendly.com,Male,Brazil,1978/04/15
809,Jacquenetta,Boxhall,jboxhallmg@fotki.com,Female,China,1999/03/15
810,Yanaton,Western,ywesternmh@netlog.com,Male,Bosnia and Herzegovina,1996/06/20
811,Cosme,Kenn,ckennmi@squarespace.com,Genderqueer,Malawi,1984/12/05
812,Annabela,Pail,apailmj@un.org,Female,Azerbaijan,1961/04/03
813,Tonnie,Ashelford,tashelfordmk@google.nl,Male,Portugal,1987/11/01
814,Scottie,Gossage,sgossageml@goo.gl,Male,Russia,1968/11/19
815,Gizela,Mathewes,gmathewesmm@goo.ne.jp,Female,Indonesia,1974/11/02
816,Tabb,MacConnechie,tmacconnechiemn@npr.org,Male,Trinidad and Tobago,1970/02/24
817,Brant,Shewery,bshewerymo@ucsd.edu,Male,France,1954/05/13
818,Chickie,Yu,cyump@ow.ly,Male,Russia,1964/03/25
819,Carri,Kuhl,ckuhlmq@techcrunch.com,Female,Mexico,1998/08/15
820,Cherey,Salvador,csalvadormr@time.com,Female,Portugal,1960/05/18
821,Trudy,Sunners,tsunnersms@shop-pro.jp,Female,Brazil,1998/09/12
822,Oriana,MacUchadair,omacuchadairmt@geocities.com,Female,Japan,1998/05/28
823,Laural,Ramsay,lramsaymu@nasa.gov,Female,Poland,1996/11/02
824,Josh,Owers,jowersmv@example.com,Non-binary,Guatemala,1987/05/22
825,Clareta,Macconachy,cmacconachymw@printfriendly.com,Female,Sweden,1966/05/06
826,Mike,Mableson,mmablesonmx@illinois.edu,Male,Portugal,1968/02/02
827,Becca,Hanvey,bhanveymy@gov.uk,Female,China,1967/12/23
828,Melinda,McIlheran,mmcilheranmz@elegantthemes.com,Female,Canada,1979/12/10
829,Kirbie,Aylesbury,kaylesburyn0@delicious.com,Female,China,1991/03/13
830,Kariotta,Pavelka,kpavelkan1@businessweek.com,Non-binary,Kuwait,1977/11/01
831,Venus,Connow,vconnown2@shutterfly.com,Female,Philippines,1955/08/12
832,Elvis,Peel,epeeln3@berkeley.edu,Male,Philippines,1978/06/10
833,Berta,Melluish,bmelluishn4@nhs.uk,Female,Ukraine,1994/07/27
834,Ogdan,Marchello,omarchellon5@state.tx.us,Male,Canada,1958/01/27
835,See,Adnam,sadnamn6@boston.com,Male,China,1994/02/28
836,Sebastiano,Preene,spreenen7@vistaprint.com,Male,China,1971/05/14
837,Wat,Sweeten,wsweetenn8@hubpages.com,Male,China,1972/12/27
838,Tine,Gerrish,tgerrishn9@i2i.jp,Female,Portugal,1952/04/23
839,Korey,Paliser,kpaliserna@addtoany.com,Male,Indonesia,1955/04/12
840,Jessika,Jimmes,jjimmesnb@ovh.net,Female,Vietnam,1962/03/21
841,Thebault,Assaf,tassafnc@aol.com,Male,Portugal,1973/11/24
842,Rachele,Bearblock,rbearblocknd@geocities.jp,Genderfluid,China,1954/09/23
843,Dory,Guisot,dguisotne@github.io,Agender,China,1953/12/04
844,Kelley,Mustard,kmustardnf@parallels.com,Female,Honduras,1953/10/03
845,Lyn,Lockier,llockierng@timesonline.co.uk,Male,Mongolia,1982/12/28
846,Zacharias,Al Hirsi,zalhirsinh@shinystat.com,Male,Sweden,1989/06/11
847,Mathilde,Probets,mprobetsni@e-recht24.de,Female,Indonesia,1999/04/20
848,Alia,Loram,aloramnj@go.com,Female,Indonesia,1989/10/15
849,Bernadine,Shoobridge,bshoobridgenk@hubpages.com,Female,Myanmar,1950/12/02
850,Orrin,Deerness,odeernessnl@ucoz.ru,Bigender,United States,1964/06/23
851,Vick,Ace,vacenm@bing.com,Male,Palestinian Territory,1996/04/08
852,Celestina,Harrowsmith,charrowsmithnn@uol.com.br,Female,China,1992/10/11
853,Leeanne,Beharrell,lbeharrellno@biblegateway.com,Female,Colombia,1965/12/14
854,Laney,Cudby,lcudbynp@auda.org.au,Male,Uganda,1965/03/06
855,Hasty,Stubbe,hstubbenq@va.gov,Non-binary,Indonesia,1980/08/29
856,Meg,Mapledoram,mmapledoramnr@e-recht24.de,Female,Brazil,1959/11/07
857,Blancha,Sproston,bsprostonns@weibo.com,Female,Malaysia,1997/11/01
858,Julina,Simoneau,jsimoneaunt@princeton.edu,Female,South Africa,1961/12/13
859,Odella,Darter,odarternu@nps.gov,Female,Peru,1967/12/01
860,Rolland,Plumbridge,rplumbridgenv@bloomberg.com,Bigender,China,1983/02/04
861,Aggie,Grigorkin,agrigorkinnw@yelp.com,Female,China,1953/04/08
862,Samara,Keuneke,skeunekenx@mtv.com,Female,Vietnam,1978/08/02
863,Ellissa,Dunbleton,edunbletonny@wisc.edu,Female,China,1961/04/27
864,Kacie,Peret,kperetnz@vistaprint.com,Genderqueer,China,1992/03/04
865,Gloriane,Sneyd,gsneydo0@noaa.gov,Female,Poland,1982/12/12
866,Noreen,Tague,ntagueo1@zimbio.com,Female,Thailand,1982/12/30
867,Reidar,Sunners,rsunnerso2@about.com,Male,Indonesia,1969/03/01
868,Madelaine,Scoullar,mscoullaro3@senate.gov,Female,Indonesia,1995/03/04
869,Wallache,Skelbeck,wskelbecko4@forbes.com,Male,Philippines,1974/03/30
870,Tiebout,McCaskill,tmccaskillo5@newyorker.com,Male,China,1974/05/02
871,Lawrence,Tappin,ltappino6@eventbrite.com,Male,China,1986/03/27
872,Donnie,Guyer,dguyero7@is.gd,Male,Indonesia,1994/05/01
873,Rocky,Dove,rdoveo8@51.la,Male,Philippines,1987/01/21
874,Kendrick,Hanhardt,khanhardto9@yandex.ru,Male,China,1980/11/22
875,Madalena,Scrange,mscrangeoa@icio.us,Female,Philippines,1961/10/12
876,Lyda,Gedling,lgedlingob@japanpost.jp,Female,Philippines,1972/05/24
877,Georgi,Erbain,gerbainoc@telegraph.co.uk,Male,Brazil,1956/12/25
878,Nissy,Larmour,nlarmourod@github.com,Female,Sweden,1962/04/03
879,Bobby,McDermott-Row,bmcdermottrowoe@dion.ne.jp,Male,Poland,1954/06/24
880,Domini,Doorey,ddooreyof@intel.com,Bigender,Thailand,1977/06/16
881,Enrico,O'Caine,eocaineog@google.it,Male,Indonesia,1972/01/08
882,Sonnie,Adkin,sadkinoh@umn.edu,Male,Ukraine,1960/05/11
883,Adda,Oyley,aoyleyoi@paypal.com,Female,China,1998/06/13
884,Crawford,Bottinelli,cbottinellioj@china.com.cn,Male,Ireland,1992/02/04
885,Micki,Riddiford,mriddifordok@mozilla.com,Female,China,1966/07/05
886,Claudette,Kippins,ckippinsol@ovh.net,Female,Sweden,1971/08/10
887,Jessica,Allbon,jallbonom@cocolog-nifty.com,Female,China,1972/01/23
888,Shalom,Lund,slundon@psu.edu,Male,Macedonia,1991/11/18
889,Tilda,Shovelin,tshovelinoo@sohu.com,Female,Portugal,1956/12/12
890,Gilbertine,Kun,gkunop@bluehost.com,Female,Sri Lanka,1971/03/08
891,Sharl,Kleinberer,skleinbereroq@slashdot.org,Female,Norway,1991/01/26
892,Trista,Penn,tpennor@bloglovin.com,Female,Philippines,1959/10/02
893,Anitra,Garnham,agarnhamos@skyrock.com,Female,Russia,1999/11/10
894,Laina,Addinall,laddinallot@house.gov,Female,Russia,1959/11/14
895,Farlie,Spinley,fspinleyou@deliciousdays.com,Male,China,1981/11/18
896,Chloe,Antonich,cantonichov@mashable.com,Female,China,1988/06/24
897,Tam,Fatharly,tfatharlyow@arizona.edu,Male,Indonesia,1985/06/08
898,Prescott,Kettlesing,pkettlesingox@sohu.com,Male,Kenya,1971/05/01
899,Tedi,Jestico,tjesticooy@google.pl,Female,Israel,1979/12/13
900,Raleigh,Eccleshall,reccleshalloz@wufoo.com,Male,Thailand,2000/03/17
901,Lil,Grigolli,lgrigollip0@ehow.com,Female,Mauritius,1960/01/30
902,Karolina,Warwick,kwarwickp1@dagondesign.com,Female,Argentina,1987/08/15
903,Trevor,Denys,tdenysp2@mlb.com,Male,Canada,1989/11/10
904,Marguerite,Goligher,mgoligherp3@ocn.ne.jp,Female,Indonesia,1951/04/16
905,Wilhelm,Allbones,wallbonesp4@marriott.com,Male,Portugal,1972/08/12
906,Estelle,Wilshaw,ewilshawp5@blinklist.com,Female,Germany,1979/04/27
907,Connie,Scroxton,cscroxtonp6@ocn.ne.jp,Male,Nigeria,1987/10/31
908,Emmie,Sapp,esappp7@canalblog.com,Female,China,1985/03/01
909,Julius,Troucher,jtroucherp8@blogtalkradio.com,Male,Vietnam,1954/09/27
910,Lamar,Banes,lbanesp9@youtu.be,Male,Wallis and Futuna,1968/05/25
911,Lexie,Cheale,lchealepa@google.co.jp,Female,France,1999/03/29
912,Allyn,Kaveney,akaveneypb@ibm.com,Male,Indonesia,1958/08/05
913,Noni,Crane,ncranepc@walmart.com,Female,New Zealand,1986/08/07
914,Verena,Satteford,vsattefordpd@spiegel.de,Female,Philippines,1987/05/26
915,Daisie,Sans,dsanspe@hexun.com,Female,Portugal,1996/06/21
916,Lukas,Pinnion,lpinnionpf@smh.com.au,Male,China,1971/10/26
917,Lura,Robjohns,lrobjohnspg@eventbrite.com,Female,South Korea,1971/01/13
918,Amie,Purse,apurseph@wordpress.org,Genderfluid,Peru,1951/05/18
919,Uta,Balmann,ubalmannpi@yolasite.com,Female,United States,1969/02/07
920,Theressa,Beecroft,tbeecroftpj@t.co,Female,Sweden,1961/11/19
921,Steffie,Althorpe,salthorpepk@columbia.edu,Female,China,1962/02/09
922,Darwin,McCaughey,dmccaugheypl@slate.com,Male,Indonesia,1963/01/29
923,Bradley,Fearney,bfearneypm@typepad.com,Male,China,1962/04/02
924,Briny,Bahia,bbahiapn@samsung.com,Female,Pakistan,1959/03/27
925,Tedra,Sexstone,tsexstonepo@patch.com,Female,China,1989/09/12
926,Jasen,Soppitt,jsoppittpp@is.gd,Male,Poland,1959/06/12
927,Norina,Swanwick,nswanwickpq@cnn.com,Female,China,1967/11/11
928,Agnesse,Ewells,aewellspr@posterous.com,Female,Ukraine,1998/02/18
929,Zara,Hulett,zhulettps@tumblr.com,Female,Colombia,1962/04/25
930,Briano,Kohnert,bkohnertpt@1688.com,Male,Indonesia,1996/03/19
931,Shannan,Linster,slinsterpu@deliciousdays.com,Non-binary,Bosnia and Herzegovina,1950/12/22
932,Michal,Evered,meveredpv@who.int,Female,Chile,1975/04/15
933,Reba,Garnar,rgarnarpw@technorati.com,Genderfluid,Indonesia,1974/08/18
934,Sherwood,Broomhall,sbroomhallpx@examiner.com,Bigender,Indonesia,1991/04/06
935,Calv,Giannazzi,cgiannazzipy@indiegogo.com,Male,Czech Republic,1951/01/10
936,Iolanthe,Willsmore,iwillsmorepz@nih.gov,Female,China,1988/11/29
937,Carolann,Arends,carendsq0@trellian.com,Female,Indonesia,1952/04/23
938,Lorri,Dows,ldowsq1@cpanel.net,Female,Japan,1978/05/21
939,Evey,Picard,epicardq2@istockphoto.com,Female,United States,1970/08/14
940,Jephthah,Boulde,jbouldeq3@arstechnica.com,Male,Cameroon,1985/08/02
941,Hewitt,Marte,hmarteq4@wikia.com,Male,Indonesia,1965/01/15
942,Codi,Semorad,csemoradq5@huffingtonpost.com,Male,Yemen,1972/08/13
943,Emanuele,Casazza,ecasazzaq6@aol.com,Male,Uzbekistan,1954/06/08
944,Rodge,Baison,rbaisonq7@twitter.com,Male,Nigeria,1989/09/11
945,Berthe,Kopec,bkopecq8@va.gov,Female,Colombia,1962/02/18
946,Glad,Lamartine,glamartineq9@flavors.me,Female,Cuba,1985/07/16
947,Gawain,Waddicor,gwaddicorqa@telegraph.co.uk,Male,Sweden,1982/05/27
948,Claudius,Greensitt,cgreensittqb@wikia.com,Non-binary,Macedonia,1990/07/02
949,Patsy,Spurret,pspurretqc@toplist.cz,Male,Poland,1980/02/15
950,Di,Jeffs,djeffsqd@oracle.com,Female,Poland,1962/05/25
951,Nicolis,Claussen,nclaussenqe@cafepress.com,Male,Malaysia,1957/12/17
952,Rolando,Ateridge,rateridgeqf@51.la,Male,Indonesia,1970/11/29
953,Georges,Tomala,gtomalaqg@arstechnica.com,Male,Mongolia,1977/05/24
954,Jacquette,Matitiaho,jmatitiahoqh@msu.edu,Female,Indonesia,1953/01/03
955,Claretta,Robottom,crobottomqi@ox.ac.uk,Female,Uruguay,1954/05/26
956,Irita,Bateson,ibatesonqj@bloomberg.com,Female,China,1993/03/01
957,Benny,Allwood,ballwoodqk@barnesandnoble.com,Male,Peru,1998/11/03
958,Stacey,Todaro,stodaroql@forbes.com,Female,Philippines,1985/07/22
959,Lorilyn,Bunclark,lbunclarkqm@de.vu,Female,Philippines,1966/09/29
960,Archibald,Slyne,aslyneqn@lycos.com,Male,Democratic Republic of the Congo,1987/12/11
961,Evan,Welbourn,ewelbournqo@quantcast.com,Male,Indonesia,1967/08/23
962,Filmer,Pattesall,fpattesallqp@bizjournals.com,Male,China,1964/10/06
963,Dyanne,Jennens,djennensqq@salon.com,Female,Nicaragua,1962/10/06
964,Ellary,Catcherside,ecatchersideqr@livejournal.com,Male,Thailand,1952/08/14
965,Thorin,Simeoni,tsimeoniqs@census.gov,Male,Indonesia,1994/08/17
966,Merwin,Vicioso,mviciosoqt@archive.org,Bigender,Russia,1959/10/01
967,Blakeley,Gallifont,bgallifontqu@sourceforge.net,Female,China,1983/09/10
968,Bearnard,Jollands,bjollandsqv@studiopress.com,Male,Indonesia,1978/03/07
969,Gery,Mathison,gmathisonqw@friendfeed.com,Male,Jordan,1964/01/21
970,Richart,Sysland,rsyslandqx@taobao.com,Male,Iran,1989/06/04
971,Jillian,Burriss,jburrissqy@upenn.edu,Female,Netherlands,1978/08/07
972,Traci,Bertlin,tbertlinqz@usda.gov,Female,China,1966/04/25
973,Mata,Gresley,mgresleyr0@nbcnews.com,Male,Vietnam,1977/05/09
974,Ambrosio,Sotheby,asothebyr1@people.com.cn,Male,Russia,1954/09/17
975,Callean,Adlem,cadlemr2@cdbaby.com,Male,Indonesia,1958/06/01
976,Rodrigo,Gullberg,rgullbergr3@ustream.tv,Non-binary,Portugal,1967/01/05
977,Quintina,Doree,qdoreer4@exblog.jp,Female,Indonesia,1964/11/21
978,Paige,McDugal,pmcdugalr5@zimbio.com,Male,Brazil,1971/05/23
979,Sigfried,Antosch,santoschr6@msn.com,Male,Malaysia,1953/06/23
980,Iain,Reeson,ireesonr7@weather.com,Male,Zimbabwe,1991/01/04
981,Dorotea,Connal,dconnalr8@sakura.ne.jp,Female,China,1960/10/25
982,Tiff,Perryman,tperrymanr9@techcrunch.com,Female,China,1978/07/03
983,Joycelin,Colby,jcolbyra@sourceforge.net,Female,Russia,1970/08/23
984,Cody,Fackrell,cfackrellrb@zimbio.com,Male,Nigeria,1997/06/25
985,Andromache,Wykey,awykeyrc@google.cn,Female,Russia,1997/09/20
986,Renell,Grimston,rgrimstonrd@webeden.co.uk,Female,Madagascar,1991/04/17
987,Drusy,Bohlmann,dbohlmannre@google.cn,Female,China,1953/05/12
988,Karole,Orrobin,korrobinrf@trellian.com,Female,Colombia,1997/06/04
989,Chiarra,Radley,cradleyrg@tripadvisor.com,Female,Russia,1959/12/11
990,Peyter,Baynton,pbayntonrh@addtoany.com,Male,Mongolia,1957/07/14
991,Gabie,Gavrieli,ggavrieliri@xing.com,Female,Philippines,1963/03/27
992,Elwira,Hellyer,ehellyerrj@is.gd,Female,China,1951/12/15
993,Ynez,Caesar,ycaesarrk@so-net.ne.jp,Non-binary,United Arab Emirates,1961/02/01
994,Claudio,Arnison,carnisonrl@cam.ac.uk,Male,Philippines,1964/10/19
995,Hazel,Jeandon,hjeandonrm@people.com.cn,Male,United States,1983/12/07
996,Benoit,Bearne,bbearnern@i2i.jp,Male,China,1953/06/16
997,Nessa,Drewry,ndrewryro@tiny.cc,Female,Brazil,1983/09/10
998,Percival,Cater,pcaterrp@hhs.gov,Male,New Caledonia,1957/04/16
999,Gwendolin,Cundey,gcundeyrq@businessinsider.com,Female,China,1985/01/01
1000,Jolynn,Saffin,jsaffinrr@yellowbook.com,Female,Brazil,1989/10/29
